Date,Ticker,Close,Open,High,Low,Volume
2022-01-03,RELIANCE,2437.68,2441.3164904207965,2466.2934893574816,2409.0455006327816,6698618
2022-01-04,RELIANCE,2433.81,2439.9443598444113,2472.960828963926,2406.877611832846,6438503
2022-01-05,RELIANCE,2456.73,2436.7944463491062,2481.0844871157888,2427.6534416663144,1695532
2022-01-06,RELIANCE,2509.97,2458.290351441997,2534.0533383163624,2453.3963691898207,1295866
2022-01-07,RELIANCE,2502.62,2511.9004336345715,2516.756260122424,2479.2741534753,1797057
2022-01-10,RELIANCE,2495.3,2506.1156160860814,2526.8103978523836,2489.5247629706973,5392541
2022-01-11,RELIANCE,2551.34,2492.8013863300257,2559.2551904996235,2466.6293145518534,7236893
2022-01-12,RELIANCE,2579.64,2551.2320779469655,2608.852031060025,2529.98061529529,7822603
2022-01-13,RELIANCE,2563.59,2576.763282897982,2597.8182911163176,2533.248389499156,6155115
2022-01-14,RELIANCE,2583.96,2568.590723314481,2611.1514992130847,2553.093553950896,7926730
2022-01-17,RELIANCE,2568.1,2588.5497262855065,2592.6484892680614,2564.776199626326,2805518
2022-01-18,RELIANCE,2552.26,2563.368807977102,2568.975121712441,2535.539898050308,6526863
2022-01-19,RELIANCE,2561.79,2554.35872515922,2590.042771292271,2528.8391416701957,4435088
2022-01-20,RELIANCE,2494.07,2566.147587548289,2571.303441764759,2479.2787788053024,3936537
2022-01-21,RELIANCE,2434.72,2490.883330204087,2495.8591042692665,2402.3890840798254,4623425
2022-01-24,RELIANCE,2416.4,2435.3817104469244,2438.2299347851695,2410.2169812217467,4599537
2022-01-25,RELIANCE,2382.98,2420.415943689167,2455.248196917327,2364.0190459024107,3146674
2022-01-26,RELIANCE,2394.3,2378.5376103522017,2421.415727710738,2357.8226798599253,7521689
2022-01-27,RELIANCE,2364.7,2396.1907333834765,2410.437332639362,2348.625022513584,7689558
2022-01-28,RELIANCE,2318.77,2362.783164790935,2374.955037864917,2304.2706710852826,6616273
2022-01-31,RELIANCE,2367.17,2322.706308663813,2381.1264679210044,2290.1997116849,7298941
2022-02-01,RELIANCE,2360.51,2371.6302997848325,2399.7226150940014,2347.6608968761807,6667551
2022-02-02,RELIANCE,2363.57,2364.704781960869,2388.9647341958816,2336.1219644630073,7010224
2022-02-03,RELIANCE,2317.25,2363.3262139842604,2371.8170257618126,2305.6529443274626,2982847
2022-02-04,RELIANCE,2300.4,2320.60577333202,2328.582926908093,2292.3842265740195,3209853
2022-02-07,RELIANCE,2304.78,2303.5704057455605,2310.2597045576504,2294.944500015612,5091685
2022-02-08,RELIANCE,2268.45,2303.1122655548866,2326.705895918569,2251.9697414732295,1207352
2022-02-09,RELIANCE,2281.17,2271.4345132293483,2307.862465802325,2253.904441376832,2675502
2022-02-10,RELIANCE,2262.79,2276.9453428243355,2287.6712353956555,2233.374326151829,1184514
2022-02-11,RELIANCE,2254.34,2263.6613540733215,2266.58878761127,2244.9954137697973,7736549
2022-02-14,RELIANCE,2236.14,2251.905392489005,2256.747897376894,2211.0946312078895,1798658
2022-02-15,RELIANCE,2294.91,2232.7461377438476,2328.301033415926,2214.7808726947355,7909149
2022-02-16,RELIANCE,2295.28,2291.0265826878035,2307.069078843877,2265.7790969988164,2857596
2022-02-17,RELIANCE,2262.09,2297.0821508059903,2324.116795637197,2232.3968952232117,2258624
2022-02-18,RELIANCE,2288.93,2260.6411310271606,2311.236286557206,2246.656370397028,6929949
2022-02-21,RELIANCE,2250.61,2290.9879016254213,2305.5291568373896,2218.562773092499,7328475
2022-02-22,RELIANCE,2257.98,2246.697146536662,2266.7401081400926,2236.5443968965265,1962452
2022-02-23,RELIANCE,2196.82,2256.311717108059,2262.4024271914386,2173.6352343299177,6504377
2022-02-24,RELIANCE,2156.74,2197.167021043664,2218.282195017156,2124.392966969067,5783725
2022-02-25,RELIANCE,2163.44,2159.248057114139,2189.065671889362,2142.3105006690807,2770394
2022-02-28,RELIANCE,2186.57,2161.8715276597736,2208.4677541313163,2130.86148404375,7671203
2022-03-01,RELIANCE,2186.02,2187.6710812279034,2206.1005252862483,2161.681670475027,7450054
2022-03-02,RELIANCE,2176.69,2189.395020308797,2192.870284524585,2165.58381110672,5136725
2022-03-03,RELIANCE,2161.74,2177.698792972338,2209.403567552954,2131.2111612770277,3750025
2022-03-04,RELIANCE,2111.27,2159.4309112598153,2185.737095777166,2104.4099325025904,7012340
2022-03-07,RELIANCE,2084.39,2107.2535265523074,2117.9994838517246,2053.2356209202644,3089934
2022-03-08,RELIANCE,2065.43,2087.4757215670816,2118.202497074146,2041.5857139383193,6735630
2022-03-09,RELIANCE,2090.52,2061.474861917011,2110.225957010731,2051.9357102041536,3926979
2022-03-10,RELIANCE,2095.04,2093.6532853631193,2114.217822721907,2071.518726615275,3514399
2022-03-11,RELIANCE,2037.78,2095.2824978130893,2119.3217252700915,2010.1201797877443,5663062
2022-03-14,RELIANCE,2041.62,2041.3588934987022,2066.8641760866476,2021.0336440905855,4795830
2022-03-15,RELIANCE,2025.21,2044.0600073192807,2064.8904106632976,2002.4982946252633,1955205
2022-03-16,RELIANCE,2000.65,2029.243684559973,2034.9120530251892,1994.2438519388054,7666199
2022-03-17,RELIANCE,2012.48,1999.455306374334,2024.023072266493,1978.2348289705164,3123091
2022-03-18,RELIANCE,2036.19,2014.6308443508326,2064.682754786337,2006.6630893700685,1966649
2022-03-21,RELIANCE,2057.34,2035.391250827928,2065.866889560192,2030.2747047111777,5980939
2022-03-22,RELIANCE,2027.72,2057.1743892347044,2069.9501382033263,2009.6194436123321,1934048
2022-03-23,RELIANCE,2013.57,2028.7541815115087,2043.0550246551247,2009.0177290263923,4030555
2022-03-24,RELIANCE,2017.57,2016.5797001072488,2031.9989945508091,1996.983491599126,2864071
2022-03-25,RELIANCE,2039.78,2021.4766891398099,2059.3234466221293,2018.4386074388387,5722340
2022-03-28,RELIANCE,2020.69,2041.9688749765305,2070.9710849553467,1992.9056202903903,2427989
2022-03-29,RELIANCE,2010.08,2020.025328636231,2028.8522292053442,1999.2622916209796,3032709
2022-03-30,RELIANCE,1973.62,2009.4476851325483,2014.8752420485566,1957.6601177313723,6061500
2022-03-31,RELIANCE,1935.34,1975.4955887282472,1982.9325134596875,1916.8131513481073,2200532
2022-04-01,RELIANCE,1958.03,1933.317779845165,1984.3007878729943,1921.443276893342,6193378
2022-04-04,RELIANCE,1995.9,1954.9791865109387,2015.9415332136994,1944.9188622152,1464462
2022-04-05,RELIANCE,1994.58,1994.739361457741,2004.7184341860454,1964.7831404653075,3991620
2022-04-06,RELIANCE,2023.3,1992.8825245918936,2048.4359761826126,1967.6473372248884,5868923
2022-04-07,RELIANCE,2034.26,2021.6514808804745,2060.8257674032316,2011.5081371260792,4000109
2022-04-08,RELIANCE,2016.6,2032.092355614603,2058.2071824022064,2005.1646595503053,4572401
2022-04-11,RELIANCE,2027.5,2012.9063405048826,2055.6112296573583,2009.9366294735435,3444975
2022-04-12,RELIANCE,2071.87,2023.5899576106879,2081.258418434532,2014.7965062625194,4271557
2022-04-13,RELIANCE,2071.56,2075.9119895504896,2099.931509835008,2068.060757945991,6371096
2022-04-14,RELIANCE,2117.66,2070.9615108516873,2133.4313850051653,2060.2661689278143,7162487
2022-04-15,RELIANCE,2040.73,2116.6801726704966,2143.748235835642,2018.6344671723148,7010554
2022-04-18,RELIANCE,2064.93,2042.196446396841,2088.054881555878,2014.5759618780266,3272759
2022-04-19,RELIANCE,2068.17,2062.6028560026766,2092.7197244159825,2054.2401030306046,5603623
2022-04-20,RELIANCE,2060.23,2071.8923848872414,2092.997231278559,2047.9058877078585,3449308
2022-04-21,RELIANCE,2063.6,2062.5897463561973,2070.789588121487,2033.0423318119772,4748294
2022-04-22,RELIANCE,2006.9,2060.2108341774865,2077.9912300968817,1986.9126939202336,1274535
2022-04-25,RELIANCE,2001.43,2006.2383714356913,2035.901360811886,1998.218099965866,4248204
2022-04-26,RELIANCE,2012.14,2004.4651150172165,2040.5583243377012,1988.4406512532287,6140709
2022-04-27,RELIANCE,2054.48,2015.7194523653338,2057.776274074083,1997.6953080989763,3480017
2022-04-28,RELIANCE,2040.29,2054.2121082273306,2061.006224596771,2022.7594089837464,5816129
2022-04-29,RELIANCE,2017.91,2041.215568493171,2047.0211995863795,1993.5424415263617,5131146
2022-05-02,RELIANCE,2004.44,2015.2224178806348,2037.7197941519817,1984.7201196219553,1917472
2022-05-03,RELIANCE,2030.83,2008.378072163896,2056.111791740067,1988.65054875912,3278581
2022-05-04,RELIANCE,2040.89,2028.6502833652821,2049.031434973457,1999.7074694863477,4649279
2022-05-05,RELIANCE,2026.47,2044.5042674020585,2061.027823521296,2017.849288810278,3004517
2022-05-06,RELIANCE,2041.74,2027.6830177791342,2067.8126980057623,2009.0913180000646,6016239
2022-05-09,RELIANCE,2045.23,2042.6198820943039,2068.2576978476313,2035.492197631459,3062362
2022-05-10,RELIANCE,2073.68,2045.333803693545,2091.49565027598,2039.0032338004544,4632403
2022-05-11,RELIANCE,2054.02,2071.445981500651,2090.637654397398,2029.30586039525,4221131
2022-05-12,RELIANCE,2045.32,2051.3623284331998,2068.013334214513,2033.463175138131,3007338
2022-05-13,RELIANCE,2034.81,2043.0332194125415,2053.5868718179613,2017.7419023310042,1588574
2022-05-16,RELIANCE,1993.83,2032.257845760775,2050.365888898747,1988.4909107227797,3434138
2022-05-17,RELIANCE,2002.79,1996.0597756437262,2024.1084863173003,1972.1477170925089,1104927
2022-05-18,RELIANCE,2010.81,2001.589329471226,2037.4060203341887,1990.559340896772,2849916
2022-05-19,RELIANCE,2011.66,2007.2536225298418,2031.5916861120422,1994.223595277782,3582985
2022-05-20,RELIANCE,2005.76,2015.4346999877964,2038.9260052810914,1983.9658544831627,7590828
2022-05-23,RELIANCE,1966.71,2008.8391295064969,2015.3497829294947,1940.970511085077,5217690
2022-05-24,RELIANCE,1955.82,1970.0750587715313,1984.7753739899185,1944.3255610687131,6420706
2022-05-25,RELIANCE,1947.12,1959.6918024707534,1961.907513657529,1938.0471303575007,4649886
2022-05-26,RELIANCE,1925.93,1944.5801396706408,1953.240335301865,1905.5513163824382,6533326
2022-05-27,RELIANCE,1922.26,1925.1306775658609,1946.6352805172028,1910.779602899711,6565839
2022-05-30,RELIANCE,1933.8,1924.2456059692279,1962.5852691748714,1906.0265266582464,5446460
2022-05-31,RELIANCE,1985.55,1935.3162586847698,1990.2924730588952,1925.6104470828166,6044080
2022-06-01,RELIANCE,1983.15,1982.8011720673323,1996.2802783350044,1958.5892144140732,1953122
2022-06-02,RELIANCE,1983.06,1985.6553778473005,2009.8823463283454,1978.0289966837875,5043763
2022-06-03,RELIANCE,1973.76,1980.8741964815456,1988.5134356112146,1952.0954859116787,5663754
2022-06-06,RELIANCE,1913.53,1971.5795290217293,1988.872626271525,1894.6798232961144,5517562
2022-06-07,RELIANCE,1905.84,1913.813006669757,1935.3682790126365,1878.8023955233393,7540180
2022-06-08,RELIANCE,1900.49,1906.548514581675,1924.8967491290207,1874.9496398215224,3298354
2022-06-09,RELIANCE,1959.09,1901.098812148535,1966.2060932827278,1886.3121922730143,1114589
2022-06-10,RELIANCE,1946.67,1955.8887437931103,1967.5759300234463,1924.7627549040847,2193982
2022-06-13,RELIANCE,1947.78,1949.609166949827,1972.9520031889544,1941.3459434373458,1619003
2022-06-14,RELIANCE,1939.72,1945.9537618038137,1962.9987039465498,1911.023214837785,1193839
2022-06-15,RELIANCE,1900.91,1936.8454507324427,1938.9241015279704,1882.4850813528537,7654754
2022-06-16,RELIANCE,1924.38,1903.8659004500153,1946.80647558296,1884.2995615075379,1506453
2022-06-17,RELIANCE,1937.62,1927.8873865206535,1940.51549982583,1899.490736664847,4047589
2022-06-20,RELIANCE,1952.0,1940.4266628550633,1974.331412814479,1914.698851516358,7548894
2022-06-21,RELIANCE,1920.02,1954.416701511452,1961.9113576522197,1902.338530921762,3927053
2022-06-22,RELIANCE,1950.72,1921.2122708306663,1978.8357833879386,1905.6506515931824,3524055
2022-06-23,RELIANCE,1905.32,1951.1168339599785,1963.1184863066537,1887.524418777355,3990193
2022-06-24,RELIANCE,1914.02,1902.1723104535777,1924.6945711322473,1887.778815103102,5640176
2022-06-27,RELIANCE,1965.73,1913.3191104755263,1971.7931619005199,1900.5607991142422,3507743
2022-06-28,RELIANCE,1931.29,1964.7289599941864,1975.0997012887594,1902.5889708710838,2555811
2022-06-29,RELIANCE,1908.93,1929.434059540154,1955.0436513343984,1892.699002418298,6077198
2022-06-30,RELIANCE,1904.63,1910.6359734304942,1939.1974605824098,1901.7520838284042,2656042
2022-07-01,RELIANCE,1891.87,1904.5985792052124,1916.3239231035725,1877.2391323973216,7184377
2022-07-04,RELIANCE,1851.46,1888.6995756179567,1902.4503451097964,1841.2502936911337,4845474
2022-07-05,RELIANCE,1853.89,1849.3877215643279,1874.4848512827455,1829.7215063956992,4924482
2022-07-06,RELIANCE,1826.96,1855.2489663574436,1880.121808603575,1819.3523180352195,7730959
2022-07-07,RELIANCE,1839.72,1823.8624321402176,1856.8342173148615,1816.2403300111462,4232452
2022-07-08,RELIANCE,1816.68,1842.3044895356552,1854.245127746493,1802.6881934539326,5947796
2022-07-11,RELIANCE,1856.74,1816.644731170783,1869.3225806748817,1814.2180453777617,5290697
2022-07-12,RELIANCE,1837.03,1856.5958172863418,1876.53315748063,1812.703503154356,4746328
2022-07-13,RELIANCE,1829.39,1837.7090234906123,1839.6295317630204,1802.3832044414128,5161603
2022-07-14,RELIANCE,1850.86,1831.7658724490152,1868.7656836958324,1824.039877763842,2910332
2022-07-15,RELIANCE,1819.61,1849.7332646021514,1860.7889393212104,1812.8777660228232,7886940
2022-07-18,RELIANCE,1826.05,1820.905679885432,1848.179466514899,1796.6564990549157,4740030
2022-07-19,RELIANCE,1860.1,1826.530119411418,1864.3817064478899,1805.9234982306118,3498578
2022-07-20,RELIANCE,1818.89,1858.3665971413684,1875.5282999721458,1792.0536114548552,4812010
2022-07-21,RELIANCE,1824.23,1821.6447451835263,1838.3379024488372,1801.8003312594103,2478081
2022-07-22,RELIANCE,1831.51,1826.400293885584,1849.8114687353095,1818.7732211176644,2570889
2022-07-25,RELIANCE,1852.19,1832.6708244787808,1855.7238865083157,1818.4702781747858,3399146
2022-07-26,RELIANCE,1820.77,1854.7873758912444,1871.7026157671417,1802.3316781844221,4071640
2022-07-27,RELIANCE,1787.74,1823.4450330491266,1839.6021860448534,1770.2279248990617,2545491
2022-07-28,RELIANCE,1801.43,1789.2299953119702,1817.3712887943775,1762.4254526505463,5832303
2022-07-29,RELIANCE,1809.55,1803.8584236804568,1826.6481254992545,1784.3717152242634,5933842
2022-08-01,RELIANCE,1816.53,1810.9793379338544,1835.550070228137,1800.2047757999087,6253974
2022-08-02,RELIANCE,1825.98,1817.838924464503,1848.384493390919,1815.3643407170653,2922967
2022-08-03,RELIANCE,1809.23,1826.8463280175733,1835.574068230641,1803.546940040057,1950922
2022-08-04,RELIANCE,1815.75,1811.0588901031474,1838.5389185314818,1784.4912529383616,7035053
2022-08-05,RELIANCE,1823.84,1813.2704488797438,1838.3861810095511,1808.8820596203293,2684449
2022-08-08,RELIANCE,1806.23,1826.6185893018292,1830.4157930829003,1798.9414605807333,1465590
2022-08-09,RELIANCE,1854.05,1808.916539740477,1857.4238389051068,1801.5456855244154,6753371
2022-08-10,RELIANCE,1867.0,1850.5588037004409,1877.6033211740773,1834.6660948192755,2433284
2022-08-11,RELIANCE,1836.51,1869.4331994932177,1891.8450072334274,1819.1955198078942,2117374
2022-08-12,RELIANCE,1854.03,1833.7836632012547,1874.2528935681278,1814.05365506129,3999610
2022-08-15,RELIANCE,1829.38,1852.8072216374483,1875.116149881995,1803.6218320550352,3298756
2022-08-16,RELIANCE,1850.18,1831.161876535579,1865.4287520798598,1809.545550938642,7401586
2022-08-17,RELIANCE,1880.84,1847.6693789778826,1894.3120543664043,1826.3333260845238,3788107
2022-08-18,RELIANCE,1859.89,1883.2321803905763,1889.0030353781913,1844.5962714165664,1030257
2022-08-19,RELIANCE,1885.62,1862.3609321449674,1896.1694754808507,1853.9136758279362,5601731
2022-08-22,RELIANCE,1897.18,1885.676325232536,1910.6049600556482,1869.899508019063,1985257
2022-08-23,RELIANCE,1919.68,1893.434100592415,1923.980862619863,1866.5659342271142,2101267
2022-08-24,RELIANCE,1971.33,1918.044725453973,1979.3899154503345,1914.99322603447,3055845
2022-08-25,RELIANCE,1965.25,1972.2520061680063,1990.7421726831815,1961.708895553396,6846936
2022-08-26,RELIANCE,1945.2,1969.0326045454738,1991.281262360597,1937.404909790652,1418829
2022-08-29,RELIANCE,1921.65,1946.2256146910115,1975.3739732922063,1919.4950436685724,3635466
2022-08-30,RELIANCE,1900.38,1919.803706206208,1946.803031957947,1886.3604266984976,4438780
2022-08-31,RELIANCE,1898.99,1901.3986470322259,1920.4048620936246,1896.1011745722628,5115345
2022-09-01,RELIANCE,1908.73,1899.2937273449063,1921.8954131546957,1872.8146679463193,5738202
2022-09-02,RELIANCE,1916.79,1910.8665972043473,1935.7786477525872,1891.9863380255888,2546933
2022-09-05,RELIANCE,1939.66,1913.7766576747886,1962.9342182453568,1891.1086195467058,1325329
2022-09-06,RELIANCE,1940.69,1941.6852215254685,1946.8437096102195,1916.9003683126796,3956151
2022-09-07,RELIANCE,1980.86,1941.0103425462837,1994.208358797253,1915.7213871289532,2227222
2022-09-08,RELIANCE,1974.21,1984.5284893630567,2009.8455797102847,1961.799703294424,6235786
2022-09-09,RELIANCE,2050.09,1972.9612897956608,2063.1565793499976,1964.9481193163763,6761300
2022-09-12,RELIANCE,2068.76,2051.17754726758,2087.3916907175353,2037.0165817537318,4367851
2022-09-13,RELIANCE,2044.66,2072.33504985422,2091.4601555725058,2018.1969428330128,2543812
2022-09-14,RELIANCE,2014.72,2041.4090701617338,2048.7227601811655,2007.3778219446451,7145448
2022-09-15,RELIANCE,2029.04,2018.24357191122,2041.358902807422,2005.9390793291898,7835032
2022-09-16,RELIANCE,2023.4,2030.564910583909,2042.1049318860826,2004.044802856883,1865256
2022-09-19,RELIANCE,2044.33,2019.9022460215738,2047.1240960401467,2008.667194504153,7190261
2022-09-20,RELIANCE,2058.59,2042.7024153952655,2061.3458029252074,2019.4945985685526,1000917
2022-09-21,RELIANCE,2057.21,2060.3041639198573,2086.3541524346474,2036.2937100853092,6045311
2022-09-22,RELIANCE,2033.55,2053.6497973233904,2063.5545325104918,2029.1672967082147,7964878
2022-09-23,RELIANCE,1991.13,2034.2183909571659,2051.0070043075866,1969.3611013092855,5473447
2022-09-26,RELIANCE,1979.38,1989.902532524763,2000.2145219130864,1962.7132952951706,1262091
2022-09-27,RELIANCE,2003.8,1980.3373510302347,2032.1928629990696,1975.3112071538153,6697941
2022-09-28,RELIANCE,2010.51,2000.159031549414,2019.818972173341,1989.9744195839842,1403157
2022-09-29,RELIANCE,1976.15,2013.4979138565495,2027.6229951161433,1948.2286706753955,7876913
2022-09-30,RELIANCE,1981.63,1979.8927409057596,2007.8236282477492,1954.2773689853109,7139996
2022-10-03,RELIANCE,1993.02,1985.3465696974795,2018.5048861220234,1955.7843270067772,7351277
2022-10-04,RELIANCE,1969.05,1995.010244374801,2002.2030939105198,1956.9066817147102,1249265
2022-10-05,RELIANCE,1973.98,1966.136485244517,1998.1356057693872,1948.9670567382825,7729107
2022-10-06,RELIANCE,1976.28,1976.019225534,1990.933358127313,1950.0935527674305,7565792
2022-10-07,RELIANCE,1945.35,1972.5218025250367,1987.8316571493715,1942.258989993569,2384822
2022-10-10,RELIANCE,1955.77,1941.6314522038676,1961.3805557591268,1926.9046361265075,7495290
2022-10-11,RELIANCE,1971.81,1954.3900886332244,1976.0068421917797,1931.692791295021,2807402
2022-10-12,RELIANCE,2002.4,1971.7204261170873,2024.8091593559795,1955.9633237381915,2949902
2022-10-13,RELIANCE,2032.64,2004.5658552536736,2048.8004151541286,1993.5701794143856,2135371
2022-10-14,RELIANCE,1994.15,2034.1302940572218,2048.604981825655,1966.3662041113078,1328821
2022-10-17,RELIANCE,1968.67,1993.718487527685,2016.0742826069625,1946.7111662339846,1659987
2022-10-18,RELIANCE,1983.55,1966.887382436435,2006.791613551113,1959.6050150890273,1243877
2022-10-19,RELIANCE,1998.51,1987.4942852091513,2004.9546238703642,1970.4720091735278,4345026
2022-10-20,RELIANCE,2013.62,1997.9198903773265,2032.8362819168763,1983.2393348333535,2547419
2022-10-21,RELIANCE,2122.94,2013.2284477597227,2129.085820336028,1995.2290258794394,1920759
2022-10-24,RELIANCE,2140.65,2120.083574219843,2165.308685090713,2089.585322268838,2761369
2022-10-25,RELIANCE,2175.43,2143.174336242126,2197.6136693783747,2115.999950639371,7427741
2022-10-26,RELIANCE,2205.25,2177.115368497727,2236.98929150402,2158.03857565641,4248140
2022-10-27,RELIANCE,2226.13,2202.78690875441,2230.505263125321,2176.1961791889257,6786572
2022-10-28,RELIANCE,2217.08,2222.411303668307,2226.4089017729734,2185.375105068051,3213697
2022-10-31,RELIANCE,2241.42,2218.680725570575,2252.5164165414235,2211.6055641697385,2467172
2022-11-01,RELIANCE,2217.95,2242.805298103656,2253.2654719181337,2215.148053580833,7965989
2022-11-02,RELIANCE,2211.37,2215.9384038716225,2225.8163995567743,2202.7545030017823,6951267
2022-11-03,RELIANCE,2197.12,2215.358104622615,2245.6809607445584,2190.4253509804603,2858997
2022-11-04,RELIANCE,2200.41,2194.0533292607583,2210.2978653505515,2168.575279519126,5980249
2022-11-07,RELIANCE,2272.48,2199.8144352782483,2283.404484390859,2196.4020339761973,2418826
2022-11-08,RELIANCE,2213.87,2276.5124332250502,2302.991859864571,2186.765500730456,5480967
2022-11-09,RELIANCE,2235.92,2213.159146860493,2252.234072319448,2209.441077881158,5975467
2022-11-10,RELIANCE,2186.22,2237.158931747604,2263.7228401176008,2183.875213715959,7051751
2022-11-11,RELIANCE,2172.54,2185.3244752988567,2189.509647469899,2161.599347701537,2429290
2022-11-14,RELIANCE,2206.42,2170.5778939828424,2223.687435664028,2167.83431010376,6188757
2022-11-15,RELIANCE,2209.18,2210.6914318480462,2213.9424534507566,2193.6573224631366,7306451
2022-11-16,RELIANCE,2176.62,2208.378810000284,2212.524256906736,2151.8796337053545,3120711
2022-11-17,RELIANCE,2155.58,2180.0512168348478,2209.896389075757,2136.4340142771234,1521244
2022-11-18,RELIANCE,2176.84,2153.2515821974666,2183.2604485112906,2138.8460127897943,7271271
2022-11-21,RELIANCE,2155.35,2174.34189937564,2192.7235456409276,2125.224978826009,2399769
2022-11-22,RELIANCE,2162.63,2151.3077193821805,2177.239297562733,2137.7820297613202,3495389
2022-11-23,RELIANCE,2164.77,2163.9419969062506,2177.4616277733944,2161.2078339363065,7913744
2022-11-24,RELIANCE,2145.78,2163.6315590924114,2193.051900196642,2119.3043086985413,6919359
2022-11-25,RELIANCE,2210.94,2148.907330581364,2213.826443092135,2140.518709000695,5639059
2022-11-28,RELIANCE,2231.33,2210.7030748444026,2254.2972037663585,2205.6418538925227,1488051
2022-11-29,RELIANCE,2168.85,2235.5087761660357,2267.895758918516,2164.971710794234,1825782
2022-11-30,RELIANCE,2175.27,2166.1218080589306,2194.504508622146,2162.7467703375974,1439439
2022-12-01,RELIANCE,2155.88,2178.477419674235,2209.2277492108674,2139.280661682976,6268397
2022-12-02,RELIANCE,2182.36,2158.2652384919866,2186.138997076141,2155.421315506306,4617597
2022-12-05,RELIANCE,2158.91,2184.72499598751,2199.7189962361717,2149.4158541099846,5609770
2022-12-06,RELIANCE,2156.2,2161.887423836055,2171.923357250804,2128.737343311398,2264134
2022-12-07,RELIANCE,2172.2,2158.451279717085,2196.597050201836,2140.4856295527707,7767567
2022-12-08,RELIANCE,2199.29,2173.2967031305907,2231.7034862942355,2162.5533074363184,7775738
2022-12-09,RELIANCE,2163.1,2196.0460021881527,2206.128973643345,2138.1438057200758,6702894
2022-12-12,RELIANCE,2153.73,2159.0552295154303,2180.987872065548,2140.7400199497065,6759919
2022-12-13,RELIANCE,2140.16,2157.3555705411045,2165.4960645532783,2128.0304435373096,2894554
2022-12-14,RELIANCE,2121.33,2141.1586013484985,2160.2462242703464,2094.342007865468,5715700
2022-12-15,RELIANCE,2174.51,2123.846213805866,2190.808071642801,2108.7906808173993,6348566
2022-12-16,RELIANCE,2187.6,2174.3492806743507,2219.556624027427,2165.2230513279296,6855319
2022-12-19,RELIANCE,2149.75,2184.2512935766963,2205.044015626168,2132.518763367706,1947272
2022-12-20,RELIANCE,2178.12,2146.52697262715,2190.955855468376,2114.692783370321,5914082
2022-12-21,RELIANCE,2243.6,2179.7367338536765,2249.427394241644,2147.3165036088503,6730482
2022-12-22,RELIANCE,2276.81,2242.9745372231855,2283.9078540898477,2220.541227350765,4131603
2022-12-23,RELIANCE,2229.18,2274.0826068119945,2283.53013977872,2224.6474461085345,6941028
2022-12-26,RELIANCE,2214.85,2229.1050509268202,2239.166190711457,2188.7180367142705,4785961
2022-12-27,RELIANCE,2254.91,2210.989152657123,2284.0177871698115,2197.4603126563543,7600430
2022-12-28,RELIANCE,2233.36,2255.649352535563,2275.627907354346,2206.803255132003,7343902
2022-12-29,RELIANCE,2248.02,2231.2963164389166,2266.7403253122293,2207.8752465748407,4119734
2022-12-30,RELIANCE,2273.18,2250.6956752376573,2279.105644258179,2243.6568253978903,1711943
2023-01-02,RELIANCE,2244.48,2271.4556743911435,2301.079898686721,2233.7156090192448,6670094
2023-01-03,RELIANCE,2243.39,2244.0779700808444,2269.030771210978,2212.735398986243,3237300
2023-01-04,RELIANCE,2142.38,2239.0074976120977,2243.367644684743,2123.1024969000932,5225389
2023-01-05,RELIANCE,2112.4,2138.7160750538933,2162.048807342004,2081.5766549221394,6560595
2023-01-06,RELIANCE,2105.67,2111.491613554214,2129.670574593681,2088.261293369966,3621158
2023-01-09,RELIANCE,2069.63,2105.5010312243953,2110.015551452078,2057.779456250916,4151478
2023-01-10,RELIANCE,2117.65,2070.458022108017,2133.354934949464,2042.8361176837716,7143243
2023-01-11,RELIANCE,2075.99,2115.885257039215,2132.3590064893756,2053.246261420564,3438064
2023-01-12,RELIANCE,2063.93,2077.609121783119,2084.508536660139,2044.4665472506172,6754640
2023-01-13,RELIANCE,2068.43,2066.9030696769228,2097.8839758547965,2062.5076645971158,5230207
2023-01-16,RELIANCE,2110.89,2070.745408723826,2138.119753166667,2068.479123273275,6446441
2023-01-17,RELIANCE,2069.19,2107.0027439289584,2128.844593279918,2039.4531701507624,2998173
2023-01-18,RELIANCE,2103.61,2069.028660680786,2119.3284639110707,2060.036891636614,6858204
2023-01-19,RELIANCE,2104.65,2100.285708690489,2118.8873628593415,2079.711597479508,5806546
2023-01-20,RELIANCE,2076.47,2102.4783801705403,2123.7420655212045,2056.7319370994387,5706797
2023-01-23,RELIANCE,2090.63,2080.5121611001655,2108.684777207934,2071.274082980028,4573258
2023-01-24,RELIANCE,2097.19,2087.640361827425,2101.1155694889417,2083.168573647636,2490017
2023-01-25,RELIANCE,2080.3,2097.180672986147,2114.3252027571075,2076.7905345720114,4102641
2023-01-26,RELIANCE,2083.06,2081.283197496408,2108.6600796647826,2066.880127111003,1869446
2023-01-27,RELIANCE,2072.55,2084.746986726166,2100.2353190269587,2051.8238704219157,1641593
2023-01-30,RELIANCE,2076.57,2073.044499515843,2080.157050583526,2064.8055722306412,4651361
2023-01-31,RELIANCE,2096.55,2072.498019394501,2121.7251518248604,2048.6933472790533,2467130
2023-02-01,RELIANCE,2154.31,2095.094669823196,2162.537510132907,2080.213288652575,2534227
2023-02-02,RELIANCE,2128.51,2154.4626254818404,2164.4177330284424,2107.2676797759646,3297905
2023-02-03,RELIANCE,2203.46,2125.001078888379,2210.7443940614744,2112.6608470659057,5226405
2023-02-06,RELIANCE,2155.03,2202.1434496713687,2214.526126310294,2129.9574861695405,5197079
2023-02-07,RELIANCE,2161.98,2151.0061547821547,2187.047122683762,2124.510708937261,6878665
2023-02-08,RELIANCE,2191.35,2158.335580557117,2209.475536845135,2153.7067001399782,3587551
2023-02-09,RELIANCE,2211.69,2190.4464912852172,2220.245564113169,2160.711731197573,7337075
2023-02-10,RELIANCE,2204.25,2208.440724424238,2237.7900648606787,2186.799858053746,5109070
2023-02-13,RELIANCE,2209.62,2204.845507659122,2239.0392032167315,2178.590072773415,4398116
2023-02-14,RELIANCE,2206.19,2211.29458234042,2240.4573518900543,2174.2995665410526,3509907
2023-02-15,RELIANCE,2199.79,2208.84260547883,2218.435933524479,2167.9024237080503,2806210
2023-02-16,RELIANCE,2237.72,2197.151574023149,2254.094182273649,2169.584143506198,4989284
2023-02-17,RELIANCE,2260.88,2234.7436764958907,2294.3180877928608,2228.340655310342,7356605
2023-02-20,RELIANCE,2251.04,2257.303901355421,2283.958540102151,2226.176593325789,1026616
2023-02-21,RELIANCE,2291.43,2252.2684397957305,2294.592961416264,2248.454061903611,5142887
2023-02-22,RELIANCE,2313.55,2293.3224986957753,2317.9755071495497,2277.5965260789108,5940359
2023-02-23,RELIANCE,2352.26,2309.215204501446,2369.890281085888,2288.6922821911357,2234215
2023-02-24,RELIANCE,2385.58,2356.364338473397,2418.331825541789,2340.15548240056,4838187
2023-02-27,RELIANCE,2370.65,2381.304766619413,2401.6454556155495,2352.2390043771134,5401207
2023-02-28,RELIANCE,2364.74,2371.041596629126,2389.9373165199568,2354.389219816341,6474198
2023-03-01,RELIANCE,2390.31,2366.7174950910653,2396.2299177564064,2340.576970007552,7091111
2023-03-02,RELIANCE,2411.57,2393.856924824726,2436.1557667600996,2369.7812006987774,2038218
2023-03-03,RELIANCE,2411.71,2413.6351424916907,2443.828376742677,2405.7224963850745,1352365
2023-03-06,RELIANCE,2416.52,2414.6207225408807,2431.8066157915905,2410.396080837682,3384775
2023-03-07,RELIANCE,2460.59,2414.9681127171343,2489.7690686997566,2408.920586240102,5109404
2023-03-08,RELIANCE,2441.07,2463.6886221065342,2499.4186929476796,2418.7885768045317,1361309
2023-03-09,RELIANCE,2460.62,2436.9701237922573,2470.1001055452225,2427.0397557658957,5250167
2023-03-10,RELIANCE,2454.52,2464.5059750409423,2485.0269670579187,2434.0706581774307,4318843
2023-03-13,RELIANCE,2447.9,2454.987265756468,2467.3111334508053,2428.232489256958,2917577
2023-03-14,RELIANCE,2486.41,2451.006852844365,2516.4954661844185,2421.265162950864,3592806
2023-03-15,RELIANCE,2516.01,2485.9357748232364,2538.8712395828693,2469.2199057592225,2551899
2023-03-16,RELIANCE,2545.55,2517.4549716675656,2570.7106078219326,2486.2533894694216,1777635
2023-03-17,RELIANCE,2592.96,2545.818837174184,2624.5183929904465,2519.4490058093525,1713340
2023-03-20,RELIANCE,2594.63,2595.362009465323,2612.3449855774425,2586.769368168408,1278495
2023-03-21,RELIANCE,2620.31,2590.2879384011044,2656.499785200067,2558.943022918157,4280931
2023-03-22,RELIANCE,2609.85,2615.701944676805,2637.837071646226,2573.302224307838,7539364
2023-03-23,RELIANCE,2622.61,2607.2099095011254,2631.032164570827,2570.6206027686817,1831257
2023-03-24,RELIANCE,2618.75,2619.038473894047,2647.1737242700033,2613.960262482945,2846357
2023-03-27,RELIANCE,2623.22,2622.6444328600533,2654.9758065557526,2601.9173752704824,2879262
2023-03-28,RELIANCE,2645.99,2620.2737460636695,2660.3700652186544,2595.988443716166,7067537
2023-03-29,RELIANCE,2616.61,2651.026538832979,2685.4912347955833,2607.0653920539157,4643327
2023-03-30,RELIANCE,2694.18,2614.902879590825,2731.0525624777474,2606.2777871571807,2323173
2023-03-31,RELIANCE,2657.17,2690.7542737843605,2703.8761751179313,2629.670082664493,6917054
2023-04-03,RELIANCE,2612.93,2660.2491127288954,2699.539131593591,2599.10930603281,2722199
2023-04-04,RELIANCE,2656.21,2614.5887692313577,2664.0988411508574,2603.596304449229,3699134
2023-04-05,RELIANCE,2686.58,2656.1908297759996,2696.864817561834,2640.6922474455982,4030486
2023-04-06,RELIANCE,2711.0,2687.1749544347117,2720.70306954844,2652.5704049532496,4980053
2023-04-07,RELIANCE,2735.8,2713.3770240835847,2772.7766786809534,2705.948783206712,1700033
2023-04-10,RELIANCE,2736.28,2732.828425925337,2764.0808667510605,2712.4615403881553,6107742
2023-04-11,RELIANCE,2702.87,2741.7124342713114,2750.2925135702126,2673.0157574588775,7860810
2023-04-12,RELIANCE,2706.68,2708.0032167766863,2727.404781260553,2682.193192749447,4901403
2023-04-13,RELIANCE,2681.97,2708.307534114886,2734.345669527316,2643.15115352244,1134445
2023-04-14,RELIANCE,2719.52,2678.7467274684736,2725.417271477744,2643.3608454110163,5597855
2023-04-17,RELIANCE,2714.88,2721.480537239427,2757.8227233897355,2703.253945868567,2845700
2023-04-18,RELIANCE,2684.45,2710.2342800662777,2743.4358682370494,2644.1836872608665,3666981
2023-04-19,RELIANCE,2673.31,2679.410240438185,2701.0408375158627,2648.80088432916,6408009
2023-04-20,RELIANCE,2689.7,2670.7188449707437,2728.807626398876,2650.1947513185837,7882727
2023-04-21,RELIANCE,2669.42,2689.297867866967,2707.7159376866293,2631.420490988146,4820671
2023-04-24,RELIANCE,2639.62,2673.3522959655493,2712.8578783938287,2635.98549212763,7445293
2023-04-25,RELIANCE,2649.55,2642.0185600797463,2676.9751740596216,2610.752264187471,5908951
2023-04-26,RELIANCE,2659.57,2652.1222522529815,2685.8609074949118,2623.635229177546,5087138
2023-04-27,RELIANCE,2641.62,2658.7773772299925,2667.6134743047646,2613.2363086691234,6101483
2023-04-28,RELIANCE,2625.13,2639.9920751800473,2675.2280193545052,2594.221281691138,1871535
2023-05-01,RELIANCE,2634.57,2623.775839951495,2652.97209109947,2584.473340055177,2783611
2023-05-02,RELIANCE,2582.08,2639.7089876445284,2648.3441823429353,2569.713972482862,7469053
2023-05-03,RELIANCE,2532.11,2577.330100563849,2580.3623430345906,2528.4025782189547,2742166
2023-05-04,RELIANCE,2507.53,2535.8274564865865,2558.2354975839976,2477.7909669339847,2035408
2023-05-05,RELIANCE,2500.91,2508.31912378903,2529.3478547255104,2486.611448934343,2461312
2023-05-08,RELIANCE,2512.67,2500.295930752022,2540.4876457284563,2488.760936933428,3575606
2023-05-09,RELIANCE,2565.45,2514.9339926623816,2599.990225309603,2507.082256338017,6053929
2023-05-10,RELIANCE,2597.15,2565.313199343112,2602.634381358279,2542.0119689583407,1496440
2023-05-11,RELIANCE,2592.25,2601.029344651135,2630.2673877121706,2564.3600669620496,2471926
2023-05-12,RELIANCE,2592.46,2596.404877627933,2605.81364450649,2565.379504724091,2452137
2023-05-15,RELIANCE,2556.98,2591.6482585363296,2625.377209709494,2544.135518948287,3873524
2023-05-16,RELIANCE,2557.22,2554.6974125638963,2589.100578384842,2545.5896928314796,3742455
2023-05-17,RELIANCE,2547.78,2558.1646404291414,2580.0909575343353,2516.0412740867932,3269409
2023-05-18,RELIANCE,2560.18,2551.982444338781,2588.1970717145114,2526.9555968435548,7013704
2023-05-19,RELIANCE,2531.43,2557.216972492194,2571.0282496910227,2525.4233286115937,6466901
2023-05-22,RELIANCE,2550.72,2532.67512519452,2570.0961633643224,2523.288294870413,2703820
2023-05-23,RELIANCE,2606.34,2552.0622931383773,2638.9268515677018,2548.96923865409,6837912
2023-05-24,RELIANCE,2603.29,2608.7702871793676,2628.152701071041,2591.7300273272685,1295599
2023-05-25,RELIANCE,2618.84,2599.4534553560597,2634.5770697283083,2574.770950260899,2557009
2023-05-26,RELIANCE,2645.06,2621.1008442020325,2666.0061620601336,2603.458030093216,6139826
2023-05-29,RELIANCE,2631.13,2649.3876622364473,2682.757996807976,2616.0120520868886,7607819
2023-05-30,RELIANCE,2640.3,2627.758818472967,2655.3309973046266,2591.228717680502,1597904
2023-05-31,RELIANCE,2641.69,2637.528142563186,2650.7580296815904,2618.0709851692095,4757454
2023-06-01,RELIANCE,2646.23,2646.6711188239155,2675.7003271560397,2632.814914783007,1116841
2023-06-02,RELIANCE,2618.52,2642.853166566274,2676.0571676224245,2585.3760785333398,6907726
2023-06-05,RELIANCE,2620.33,2622.2318578187605,2628.5486169084284,2609.6622279137036,1169934
2023-06-06,RELIANCE,2639.52,2620.249061742346,2651.0236552534216,2602.36014694199,4922750
2023-06-07,RELIANCE,2694.07,2636.8512454620345,2702.118824698375,2632.4506176021227,6826038
2023-06-08,RELIANCE,2731.19,2698.065304746085,2747.225307454587,2659.196739008048,2135270
2023-06-09,RELIANCE,2814.48,2730.592473037643,2835.0395335235357,2699.7765516996055,1237068
2023-06-12,RELIANCE,2785.23,2814.646812585152,2846.9690026729268,2766.9080727573914,6024592
2023-06-13,RELIANCE,2820.22,2783.661730229813,2848.749532185689,2753.4641189729573,7392863
2023-06-14,RELIANCE,2828.44,2821.268567400935,2855.856068763582,2807.167693020323,4639688
2023-06-15,RELIANCE,2916.15,2824.633189848698,2933.45224480778,2812.2784531729144,5149287
2023-06-16,RELIANCE,2884.17,2914.879509692428,2952.132444435667,2845.0468785531425,2604243
2023-06-19,RELIANCE,2851.27,2889.585459750839,2911.540588858522,2829.0128794542234,1851161
2023-06-20,RELIANCE,2828.34,2848.511492450631,2890.4058872985997,2806.0653171960057,6479380
2023-06-21,RELIANCE,2745.23,2830.113218311155,2858.0690481997704,2718.244199083463,5772945
2023-06-22,RELIANCE,2725.99,2743.310426080046,2750.9031038538487,2720.704163845628,1705356
2023-06-23,RELIANCE,2697.97,2728.9719400235613,2757.534686270868,2688.756671161597,7043343
2023-06-26,RELIANCE,2704.59,2693.986432841633,2719.6044129673496,2679.8724529690107,2638846
2023-06-27,RELIANCE,2718.48,2709.672693201236,2747.3192146070605,2696.1258821075016,5230987
2023-06-28,RELIANCE,2790.84,2717.9775111698423,2796.351842227126,2694.776925838288,4259819
2023-06-29,RELIANCE,2828.95,2787.8934363005033,2838.705181783784,2782.02191887927,7409253
2023-06-30,RELIANCE,2807.09,2824.123774493437,2860.7818093942697,2792.280736290438,2459410
2023-07-03,RELIANCE,2772.76,2803.381922871169,2815.1014996817185,2759.466653399235,1324934
2023-07-04,RELIANCE,2792.83,2772.979313654393,2828.3508199213707,2764.836938663108,2802466
2023-07-05,RELIANCE,2742.19,2791.00911032493,2804.7125889356653,2711.5789392020956,4821615
2023-07-06,RELIANCE,2813.46,2745.7974427083586,2841.5955755414325,2735.6352262026344,3382865
2023-07-07,RELIANCE,2860.9,2812.682219249286,2891.56343526056,2778.180082774304,1797583
2023-07-10,RELIANCE,2843.11,2858.024386649784,2881.3949280463203,2814.2091822098573,1464310
2023-07-11,RELIANCE,2775.92,2844.4422243314552,2859.444806680482,2747.3239888110347,6433126
2023-07-12,RELIANCE,2829.5,2778.2159880475865,2840.752981681188,2774.6025196407395,4714755
2023-07-13,RELIANCE,2825.96,2825.731580313623,2830.099045037869,2817.2304265689404,1557242
2023-07-14,RELIANCE,2875.92,2822.2028208018487,2891.033677479587,2807.573588347199,4127640
2023-07-17,RELIANCE,2812.73,2870.590016360587,2899.7100825747493,2799.1692511113783,1768223
2023-07-18,RELIANCE,2790.11,2815.389740159342,2855.188842525528,2770.213778941468,5303677
2023-07-19,RELIANCE,2791.29,2791.938130602252,2828.782954922999,2786.431115914707,5098535
2023-07-20,RELIANCE,2794.1,2791.0067496686866,2826.8605622896416,2768.532509827932,5753292
2023-07-21,RELIANCE,2777.48,2797.946586605859,2831.629002931301,2750.614124603332,6204844
2023-07-24,RELIANCE,2802.67,2780.875970945663,2831.5649353519507,2745.5101660939113,2172304
2023-07-25,RELIANCE,2761.76,2803.6268804658557,2816.6469685733778,2750.731958510639,7227952
2023-07-26,RELIANCE,2757.22,2765.8283075666814,2803.722175623988,2744.212028977564,2643909
2023-07-27,RELIANCE,2762.83,2753.9757580045502,2791.536500946239,2727.485184054355,6673938
2023-07-28,RELIANCE,2783.69,2758.5411995282425,2808.3149917207547,2718.136040520405,6108728
2023-07-31,RELIANCE,2812.4,2781.126217184335,2819.5824549650233,2772.076328426268,6060795
2023-08-01,RELIANCE,2769.1,2807.4174042962627,2827.7958229017286,2728.0061455317573,6769049
2023-08-02,RELIANCE,2710.6,2769.4452461599503,2790.063809766058,2696.645280717275,2999117
2023-08-03,RELIANCE,2760.03,2715.333853558139,2796.1971309886717,2711.4878534284917,1919134
2023-08-04,RELIANCE,2773.84,2754.9442974102053,2797.8422457871998,2730.500389071556,2855797
2023-08-07,RELIANCE,2745.74,2769.6471734555103,2787.1668749022806,2713.58636227847,6631107
2023-08-08,RELIANCE,2806.33,2745.215003839676,2847.51346692273,2731.127093397679,7379515
2023-08-09,RELIANCE,2811.86,2811.2003859117563,2819.0304913057075,2801.1919333975097,3929735
2023-08-10,RELIANCE,2859.27,2809.79222682136,2879.0437906246725,2789.1403225836507,5636440
2023-08-11,RELIANCE,2862.97,2859.352745085754,2867.517385379856,2855.1737834740456,6876556
2023-08-14,RELIANCE,2946.57,2857.720147393102,2980.039079991795,2816.9215116384134,7489759
2023-08-15,RELIANCE,3020.01,2942.4252745026356,3061.8464151576977,2919.083421961821,1511162
2023-08-16,RELIANCE,3010.54,3025.888511350548,3040.777464197204,2995.6629808520142,3570725
2023-08-17,RELIANCE,3052.55,3016.1410337614743,3092.284382397184,3007.3247527688814,4411134
2023-08-18,RELIANCE,3081.2,3046.5052181552055,3096.8865593637884,3008.453084081727,3426277
2023-08-21,RELIANCE,3141.31,3086.7684898929842,3184.505469830631,3075.038920094969,6101687
2023-08-22,RELIANCE,3099.98,3143.0580754074367,3179.3775781779354,3077.4676323282038,6324852
2023-08-23,RELIANCE,3130.84,3104.542157418585,3169.2513206648873,3075.2096717851496,6580509
2023-08-24,RELIANCE,3178.32,3130.273190918451,3182.299548341144,3089.091349373905,4200450
2023-08-25,RELIANCE,3101.18,3178.5182766782164,3224.5411393919826,3092.2304306225838,3279042
2023-08-28,RELIANCE,3050.89,3101.0416449510444,3135.6908047162265,3011.8441756134475,6141740
2023-08-29,RELIANCE,2964.86,3052.926337978819,3069.0046213556484,2933.2457868515658,2317621
2023-08-30,RELIANCE,2954.71,2960.5864656767076,2997.923976815182,2922.387356072426,7408929
2023-08-31,RELIANCE,2985.43,2949.1548330629307,3000.1818956393736,2940.896599314446,4637967
2023-09-01,RELIANCE,3049.27,2983.136353142098,3089.576939405233,2966.484014441456,3367893
2023-09-04,RELIANCE,3053.5,3051.76650763756,3061.3661991097197,3040.028008495888,2440351
2023-09-05,RELIANCE,3124.19,3049.8584380642296,3158.092471714925,3014.8050443776174,6766140
2023-09-06,RELIANCE,3064.92,3126.3573434954774,3153.1495339820312,3045.758847755145,2898917
2023-09-07,RELIANCE,2992.9,3070.6809713134203,3077.9016241346026,2971.962999741313,6053127
2023-09-08,RELIANCE,2991.62,2988.0383418091446,3004.742781802939,2978.0571740549417,1739574
2023-09-11,RELIANCE,3008.75,2993.6854397956986,3012.281239018091,2986.7557131608637,5071495
2023-09-12,RELIANCE,3008.43,3008.0730338893304,3031.1820085447926,2963.463896771434,1325437
2023-09-13,RELIANCE,2922.41,3012.8601208093473,3028.5803621891628,2906.1505257231925,2816760
2023-09-14,RELIANCE,2919.78,2918.6359972647156,2947.1587910170406,2876.9745149153546,3091013
2023-09-15,RELIANCE,2867.48,2922.029701611164,2937.111259148704,2846.501577429104,7448333
2023-09-18,RELIANCE,2895.37,2871.3581553230406,2910.4226451703753,2839.8503351450786,4630623
2023-09-19,RELIANCE,2911.24,2900.5192906905536,2944.441832750255,2869.468861558045,4681890
2023-09-20,RELIANCE,2873.95,2913.373915959512,2918.250903031586,2845.0421412739565,6991305
2023-09-21,RELIANCE,2854.28,2873.917521652088,2913.1192796302594,2836.292596560627,1872834
2023-09-22,RELIANCE,2812.96,2855.625476083046,2892.553551607922,2783.920968679987,7043391
2023-09-25,RELIANCE,2811.47,2817.110859860557,2846.265888275777,2798.1374095966826,5637370
2023-09-26,RELIANCE,2850.05,2812.26406873753,2876.570005902384,2786.007037344243,7626379
2023-09-27,RELIANCE,2811.72,2844.6963185579557,2883.0776297174843,2772.234860845257,1619696
2023-09-28,RELIANCE,2832.54,2816.5668282645233,2842.7219120541113,2805.2234934718877,5072250
2023-09-29,RELIANCE,2812.51,2834.687368413468,2840.6559961936723,2781.5741240370035,6887774
2023-10-02,RELIANCE,2782.27,2814.4957826505297,2826.7476835167527,2757.392990285437,5112732
2023-10-03,RELIANCE,2779.08,2779.1057260250464,2812.7998703686226,2764.0624474177803,5314366
2023-10-04,RELIANCE,2739.77,2780.846221730457,2784.976845475445,2711.4253976793984,6562045
2023-10-05,RELIANCE,2719.49,2738.6068515307165,2763.690561465747,2680.8520277644816,2032499
2023-10-06,RELIANCE,2674.84,2721.135106274938,2761.778320980971,2648.719905627485,4820888
2023-10-09,RELIANCE,2749.35,2670.630797204756,2785.035862778291,2665.883163845162,3976030
2023-10-10,RELIANCE,2751.67,2751.0858879528414,2774.5095204283875,2734.5361298526564,7058749
2023-10-11,RELIANCE,2725.68,2757.1668870671656,2762.380614462704,2710.418122003149,3331348
2023-10-12,RELIANCE,2734.8,2720.7542823603253,2769.3657640199885,2704.026949405295,5401913
2023-10-13,RELIANCE,2731.45,2740.0199038360342,2765.7369062211283,2698.0877690914504,3012755
2023-10-16,RELIANCE,2723.96,2730.432894997266,2737.5567635947523,2699.053945974441,7966758
2023-10-17,RELIANCE,2748.33,2727.999670274323,2754.6896410823797,2715.759564532842,5477310
2023-10-18,RELIANCE,2778.44,2751.4343539896076,2816.6012495627356,2714.067730900241,7565269
2023-10-19,RELIANCE,2758.78,2779.184802640703,2808.0016242528723,2728.129785542691,3806284
2023-10-20,RELIANCE,2737.51,2761.4113156379935,2796.2327542752264,2707.0373185166295,2850924
2023-10-23,RELIANCE,2727.92,2741.654760536873,2778.1344089065947,2703.5003830214905,7564478
2023-10-24,RELIANCE,2640.96,2726.874009864953,2751.429000203857,2637.593204821101,3886569
2023-10-25,RELIANCE,2585.87,2639.132805993448,2660.890473791058,2549.525689345506,7782577
2023-10-26,RELIANCE,2636.26,2587.603498831709,2654.782319906259,2567.5801414599273,4350448
2023-10-27,RELIANCE,2697.89,2639.5062477716087,2712.5591084163007,2606.5417328382455,2614099
2023-10-30,RELIANCE,2689.43,2700.7204657690495,2719.853297116462,2685.6364827012985,7572531
2023-10-31,RELIANCE,2712.08,2692.6337958465992,2744.1756095139767,2656.515476753139,2141452
2023-11-01,RELIANCE,2724.85,2711.3811871857515,2750.5369648540213,2686.030895687021,7816080
2023-11-02,RELIANCE,2843.25,2728.314202255778,2881.6205858182975,2715.574038394519,6550560
2023-11-03,RELIANCE,2888.81,2838.93063758673,2909.630578670742,2824.3492141449724,7885248
2023-11-06,RELIANCE,2884.65,2889.324082204321,2916.770505844388,2858.4521882738254,7914958
2023-11-07,RELIANCE,2847.07,2878.947146880024,2907.2711091297956,2818.1760498799445,2230796
2023-11-08,RELIANCE,2784.03,2845.072334314937,2871.4853038240367,2757.767057063676,1113936
2023-11-09,RELIANCE,2792.94,2782.5428996277124,2823.2067355828203,2751.0997966875875,5210583
2023-11-10,RELIANCE,2764.34,2791.7800662292125,2803.851914632344,2730.8214407809864,4249479
2023-11-13,RELIANCE,2710.27,2766.501351272564,2789.112223784766,2687.9443020154413,4512305
2023-11-14,RELIANCE,2686.68,2709.0618494605196,2715.723831428759,2656.480299804524,6314266
2023-11-15,RELIANCE,2646.94,2686.12862472811,2703.2746097249033,2617.888412909964,5280428
2023-11-16,RELIANCE,2710.39,2644.161180247106,2731.605141245685,2628.8107269744382,6610774
2023-11-17,RELIANCE,2744.79,2709.015851694057,2772.5978507550094,2705.1135757021007,2912493
2023-11-20,RELIANCE,2745.45,2741.7956496008624,2784.7303466965186,2723.8394127628826,3433351
2023-11-21,RELIANCE,2803.29,2740.76292299564,2829.6664777968203,2702.6052337189963,3189063
2023-11-22,RELIANCE,2807.31,2804.4499856293605,2839.3422909155024,2765.350822351936,3982202
2023-11-23,RELIANCE,2774.44,2809.198901886046,2831.918929605477,2769.7787329717985,3819182
2023-11-24,RELIANCE,2834.57,2775.766075182332,2862.5683416990573,2745.682519717386,1993978
2023-11-27,RELIANCE,2856.95,2834.1560852469433,2862.644047128367,2795.2967948922233,1447244
2023-11-28,RELIANCE,2816.46,2855.576215938732,2868.6018758236883,2797.833691650958,6463974
2023-11-29,RELIANCE,2809.95,2820.553258762692,2837.662574918718,2792.334656383794,3473188
2023-11-30,RELIANCE,2776.48,2810.1644754485737,2831.5636164997695,2760.040649281484,7252016
2023-12-01,RELIANCE,2723.7,2776.2487955984056,2780.799296240106,2693.0410206458578,5432027
2023-12-04,RELIANCE,2759.97,2718.5319651785476,2768.1404423193385,2678.329089993608,4479000
2023-12-05,RELIANCE,2834.72,2758.217395067253,2848.5403947641494,2754.1082446407563,6654204
2023-12-06,RELIANCE,2780.21,2833.361552497938,2874.7327612779504,2748.272344963852,1838927
2023-12-07,RELIANCE,2803.09,2779.0848243347095,2818.896226749967,2763.700833541383,1082806
2023-12-08,RELIANCE,2778.54,2803.9889214658297,2825.7158394002263,2764.349491021139,5025345
2023-12-11,RELIANCE,2760.56,2778.9134640807297,2789.3215175836685,2742.7270690541013,3829045
2023-12-12,RELIANCE,2738.64,2761.7515139318475,2788.1287844493995,2709.5575698852494,2278673
2023-12-13,RELIANCE,2706.47,2741.5416795815586,2755.0562875384844,2676.1449442909475,6168638
2023-12-14,RELIANCE,2709.25,2709.8583460490513,2720.4210923226224,2691.2805091287723,6186448
2023-12-15,RELIANCE,2678.68,2711.6137997770666,2733.935850127181,2670.9797027258014,5115741
2023-12-18,RELIANCE,2689.76,2683.560808855522,2692.6570898968957,2678.8760421617358,7488934
2023-12-19,RELIANCE,2688.81,2684.5766450863184,2691.7873097867855,2648.2883668971635,7778892
2023-12-20,RELIANCE,2680.76,2685.538019222743,2696.4600038613303,2646.3594169211046,4457521
2023-12-21,RELIANCE,2647.64,2675.479577010906,2679.5305181636695,2642.943901114862,6932764
2023-12-22,RELIANCE,2627.18,2649.201839808737,2655.8575900208025,2614.8624486964723,5684013
2023-12-25,RELIANCE,2655.89,2631.3627915903617,2671.1455625396115,2624.421029058562,6932125
2023-12-26,RELIANCE,2675.44,2653.164868786616,2708.17721762805,2620.894044761023,5631889
2023-12-27,RELIANCE,2639.76,2680.0100212101192,2704.1533765872205,2621.878799507677,4377932
2023-12-28,RELIANCE,2644.36,2635.1168457847634,2665.9838523893413,2621.4562796889386,3454698
2023-12-29,RELIANCE,2673.1,2648.9552210073743,2686.7564496264463,2634.443095709799,6011412
2024-01-01,RELIANCE,2611.56,2671.513490421041,2709.033700748468,2587.3093768171975,6044829
2024-01-02,RELIANCE,2632.34,2607.3963463149794,2649.603440031104,2568.847369301124,6683860
2024-01-03,RELIANCE,2608.84,2632.191238666306,2638.0328573529264,2590.9980513964656,3279023
2024-01-04,RELIANCE,2630.6,2606.301875923728,2655.9561724821924,2576.442574013954,3438710
2024-01-05,RELIANCE,2603.41,2628.3363466236037,2635.1535611912477,2580.769599697312,1498512
2024-01-08,RELIANCE,2538.54,2601.4031870703548,2616.5774944325112,2534.493907940432,4500967
2024-01-09,RELIANCE,2481.58,2541.616973450736,2562.2136455678606,2458.2196328897717,1767442
2024-01-10,RELIANCE,2484.12,2481.968727363887,2517.007551212293,2473.9202550024634,1475278
2024-01-11,RELIANCE,2494.02,2482.2450627265093,2513.7468305921975,2451.5634426140355,2930440
2024-01-12,RELIANCE,2463.32,2495.1206986490124,2522.1469047087276,2449.5609955159302,7585523
2024-01-15,RELIANCE,2486.21,2465.44979311531,2523.25312614603,2462.1907085302923,1379593
2024-01-16,RELIANCE,2429.24,2483.948782067455,2491.0053021986823,2396.266719149104,1494955
2024-01-17,RELIANCE,2427.85,2428.399960077558,2440.1685723960863,2391.715044004308,6478878
2024-01-18,RELIANCE,2387.53,2424.177984606832,2439.993479491468,2366.209736948518,2520180
2024-01-19,RELIANCE,2366.58,2384.4849380259784,2400.951224098255,2334.150178619516,7076886
2024-01-22,RELIANCE,2368.98,2368.2945195633456,2384.980789896356,2357.5836255240083,6679487
2024-01-23,RELIANCE,2341.27,2365.961335267696,2398.3905121561365,2336.127824902922,5840349
2024-01-24,RELIANCE,2329.49,2341.5056571011123,2367.253923427449,2308.7023152200145,2626528
2024-01-25,RELIANCE,2363.12,2331.437884704879,2385.594861573308,2304.9106981666014,7096696
2024-01-26,RELIANCE,2344.86,2359.4040119780143,2371.9825092341,2323.947709532482,3914611
2024-01-29,RELIANCE,2373.12,2345.4913509252765,2402.862468112445,2334.0647490559786,3787976
2024-01-30,RELIANCE,2336.42,2370.8091770930296,2404.879713424431,2301.6698605387946,6539509
2024-01-31,RELIANCE,2354.56,2340.7463664393704,2383.98440879426,2324.951842919753,2308014
2024-02-01,RELIANCE,2402.91,2354.4050289517636,2405.3655612968187,2339.304071897071,3247680
2024-02-02,RELIANCE,2320.6,2405.8510902311205,2429.692158345276,2306.508470840454,5662315
2024-02-05,RELIANCE,2295.52,2321.0662228549113,2325.0489295709785,2268.865131350528,7589154
2024-02-06,RELIANCE,2314.87,2291.3275773496753,2325.533451165875,2279.863465444041,3821839
2024-02-07,RELIANCE,2309.1,2316.102912499285,2320.3491300575597,2277.4179491352415,5941064
2024-02-08,RELIANCE,2321.91,2313.2693418299577,2343.8593318022076,2285.0238251436954,1298783
2024-02-09,RELIANCE,2303.09,2322.853734005264,2347.504458959282,2296.836144856493,4376910
2024-02-12,RELIANCE,2306.68,2306.030482681029,2312.683888829634,2295.2892788945405,4602571
2024-02-13,RELIANCE,2302.46,2310.2249654595057,2324.94974880951,2268.3661802360457,2137613
2024-02-14,RELIANCE,2340.91,2299.9556582068863,2358.2030304865075,2273.453884729408,4879928
2024-02-15,RELIANCE,2350.07,2338.213691544758,2364.5622760878955,2310.1590806088548,4855288
2024-02-16,RELIANCE,2362.0,2351.113252369876,2368.3640547160444,2324.760302437755,3115226
2024-02-19,RELIANCE,2349.21,2361.1593969827336,2377.3693915427643,2322.113828431149,7962365
2024-02-20,RELIANCE,2333.99,2352.40362228523,2379.4950613565543,2301.0232504860114,2340683
2024-02-21,RELIANCE,2320.68,2337.7245998791186,2342.3862735772286,2300.7805570927826,4630400
2024-02-22,RELIANCE,2334.3,2319.319351706081,2339.2545988961997,2308.3217624184913,6994602
2024-02-23,RELIANCE,2321.36,2331.8431077832565,2345.756744774939,2306.257798590861,3854119
2024-02-26,RELIANCE,2331.59,2323.964802840266,2364.6616455273497,2310.997551842767,3673705
2024-02-27,RELIANCE,2400.15,2329.489760017695,2425.015594932448,2297.1939201435057,7307517
2024-02-28,RELIANCE,2430.27,2403.2472910263223,2455.791187298437,2399.2119262642946,4597170
2024-02-29,RELIANCE,2420.02,2429.52865346278,2444.2683119482645,2412.128038108315,4305610
2024-03-01,RELIANCE,2461.57,2421.6418964291333,2484.490296313413,2412.6122342221965,1453222
2024-03-04,RELIANCE,2448.37,2457.587527449904,2460.393690778422,2439.8540140225014,3088618
2024-03-05,RELIANCE,2379.36,2449.5830138190336,2473.846977819044,2374.739157044831,5832094
2024-03-06,RELIANCE,2346.62,2378.900951776321,2411.6965213717735,2329.300901387464,6527824
2024-03-07,RELIANCE,2285.98,2347.4329486074275,2369.91203355853,2258.1000696208703,3599327
2024-03-08,RELIANCE,2275.53,2282.9443484744825,2313.1517665500937,2261.046184444474,7922972
2024-03-11,RELIANCE,2276.91,2277.6860532513315,2303.0495059436907,2266.4369902244644,5400852
2024-03-12,RELIANCE,2331.15,2280.2142251753157,2337.4157065335926,2269.567548120308,6705556
2024-03-13,RELIANCE,2342.63,2328.5087119399263,2374.570228677458,2310.5798615992994,5645287
2024-03-14,RELIANCE,2336.27,2338.841635156793,2343.356099606058,2303.4650827310443,7057366
2024-03-15,RELIANCE,2364.21,2331.81836447769,2384.24796733581,2308.956240522298,7759991
2024-03-18,RELIANCE,2291.85,2365.552601764252,2372.6254141679724,2287.0158753224946,3593157
2024-03-19,RELIANCE,2300.21,2292.83177386644,2302.8871972829706,2277.1998996853513,3797909
2024-03-20,RELIANCE,2325.84,2300.6396554227963,2341.908018290054,2283.469170021543,7774692
2024-03-21,RELIANCE,2278.51,2323.3462073361216,2335.26629747139,2252.9085458947698,6923308
2024-03-22,RELIANCE,2315.79,2277.515712882923,2333.862441169442,2255.101052052745,3949311
2024-03-25,RELIANCE,2327.58,2316.665149409043,2348.716284773118,2310.954211307519,7119922
2024-03-26,RELIANCE,2314.86,2327.5498984213737,2331.302716546131,2301.7358611027717,6575477
2024-03-27,RELIANCE,2336.18,2319.3766207572985,2342.53918973203,2310.1534303046565,7919879
2024-03-28,RELIANCE,2411.26,2332.782631284512,2432.529708908111,2312.629339376746,7662064
2024-03-29,RELIANCE,2418.25,2413.1421770295715,2432.2863523253363,2398.2373104352814,1217314
2024-04-01,RELIANCE,2427.5,2417.324475443873,2454.708460974368,2389.4705411862114,3635122
2024-04-02,RELIANCE,2412.73,2426.802818260928,2451.3913860350226,2400.368261126698,6728394
2024-04-03,RELIANCE,2384.87,2414.8300186285455,2445.832719842012,2363.3737802979267,7445911
2024-04-04,RELIANCE,2413.43,2386.7057408168357,2439.241391477356,2365.6923175955185,4466032
2024-04-05,RELIANCE,2385.35,2418.1724478115225,2435.1456850605728,2371.2538040970126,1748692
2024-04-08,RELIANCE,2388.58,2381.8043612733977,2413.4726646088643,2377.297817600563,3382962
2024-04-09,RELIANCE,2373.44,2384.7975369053042,2396.376531287251,2339.965213126127,4466689
2024-04-10,RELIANCE,2390.18,2375.5698188885044,2402.8202015791358,2367.365563606812,3076775
2024-04-11,RELIANCE,2402.19,2390.929435365161,2431.1262816583417,2364.8524372259176,7719314
2024-04-12,RELIANCE,2437.92,2400.0199640464134,2455.59461094396,2378.935482331132,2614694
2024-04-15,RELIANCE,2421.37,2433.8186322721826,2463.4560321819617,2385.792293876543,7825978
2024-04-16,RELIANCE,2413.07,2417.356901263301,2447.6074957749292,2387.044183626555,1581904
2024-04-17,RELIANCE,2380.84,2416.8748406957034,2448.3084072715037,2361.8809839478495,5465669
2024-04-18,RELIANCE,2366.87,2377.9055416055335,2410.7988552442666,2333.2284106106786,4288210
2024-04-19,RELIANCE,2380.2,2365.1977737968973,2396.9418343061197,2345.9813465519587,4881143
2024-04-22,RELIANCE,2406.26,2377.5975502743227,2419.408130583548,2372.793730460307,5911077
2024-04-23,RELIANCE,2376.03,2404.8643336434848,2426.870723987994,2343.8953942722896,4146779
2024-04-24,RELIANCE,2405.79,2371.9377525323202,2420.697270664148,2361.7435677592734,2945537
2024-04-25,RELIANCE,2452.29,2405.9734154174766,2475.3784043590354,2383.6830214750566,3041381
2024-04-26,RELIANCE,2467.35,2448.0486424542864,2494.1903318947193,2433.782472531255,1078116
2024-04-29,RELIANCE,2533.04,2470.3143385183016,2559.985644272578,2442.2597502322687,1384370
2024-04-30,RELIANCE,2506.49,2530.3419282078494,2546.1407263770734,2474.489370655922,3022643
2024-05-01,RELIANCE,2463.69,2506.891157855348,2515.2542541125154,2432.2692719341544,4374659
2024-05-02,RELIANCE,2403.2,2467.435588188937,2484.775271537861,2369.523687412774,4452629
2024-05-03,RELIANCE,2454.37,2404.6503539731766,2461.724073051744,2374.830414468745,1519385
2024-05-06,RELIANCE,2477.72,2454.6935624103116,2511.0734771642183,2440.6995296512046,4528880
2024-05-07,RELIANCE,2476.66,2475.978992907076,2491.129352206754,2469.401972077821,2572138
2024-05-08,RELIANCE,2487.23,2475.005610071979,2495.0957068392077,2466.090044868885,3017337
2024-05-09,RELIANCE,2448.91,2488.9162121583104,2492.291851161164,2435.666001679126,3323724
2024-05-10,RELIANCE,2533.62,2453.7504112923525,2559.061379200804,2420.737766346674,3228531
2024-05-13,RELIANCE,2539.09,2535.2601560327444,2564.269222273166,2507.495569435319,2629753
2024-05-14,RELIANCE,2543.87,2539.67686918884,2558.5442080973758,2512.5970471234177,6180703
2024-05-15,RELIANCE,2570.61,2546.2169796539292,2575.761416180269,2516.9339496545213,1226256
2024-05-16,RELIANCE,2588.82,2570.252228795971,2606.2551966595574,2550.2301675899917,6016680
2024-05-17,RELIANCE,2597.84,2584.2651507974874,2611.756745603257,2564.8773563779077,6080291
2024-05-20,RELIANCE,2570.0,2598.487348640641,2625.7186878112493,2544.2907573866564,7853878
2024-05-21,RELIANCE,2587.86,2574.7043879247153,2612.3952664388407,2548.836457097429,1420539
2024-05-22,RELIANCE,2656.95,2584.498917889639,2673.168852285882,2575.7110487680898,7494290
2024-05-23,RELIANCE,2707.93,2658.9693339786636,2718.8984589822117,2648.466670677934,6723321
2024-05-24,RELIANCE,2769.27,2704.690597454122,2810.34520703994,2675.775133378665,4373307
2024-05-27,RELIANCE,2750.42,2769.666866127123,2790.040598456778,2744.3499281651702,1550242
2024-05-28,RELIANCE,2713.28,2745.9827633625496,2775.1885947567785,2708.774355010656,4497831
2024-05-29,RELIANCE,2709.45,2712.7413698157225,2720.7920850827404,2681.202346127046,3848439
2024-05-30,RELIANCE,2712.51,2712.2262469259003,2733.6628468271233,2685.0007823035585,6978106
2024-05-31,RELIANCE,2755.02,2710.856144940854,2758.8371189956465,2689.3831230932833,6510016
2024-06-03,RELIANCE,2690.7,2756.837340396787,2779.102583338486,2685.791332783981,5720553
2024-06-04,RELIANCE,2749.26,2693.8798688379875,2789.1139429536934,2686.521460720008,7828241
2024-06-05,RELIANCE,2744.14,2753.957691567928,2771.5248957128056,2706.9183518838176,7277935
2024-06-06,RELIANCE,2728.7,2741.227282890011,2745.4650672432203,2702.772521308306,3522919
2024-06-07,RELIANCE,2690.99,2727.601053357875,2731.5107450821,2671.472778730666,3021835
2024-06-10,RELIANCE,2629.59,2687.248619870848,2704.5325048834543,2608.6685996589554,1799687
2024-06-11,RELIANCE,2660.81,2634.7701187697626,2669.4319533166686,2602.3995516476803,7427095
2024-06-12,RELIANCE,2664.48,2665.3546737818506,2668.891411122905,2656.5490015461896,7078159
2024-06-13,RELIANCE,2617.29,2664.9058598979595,2695.7840990339632,2602.835154787017,4849091
2024-06-14,RELIANCE,2570.75,2620.870801284154,2640.315886005175,2562.345491365104,6263269
2024-06-17,RELIANCE,2559.57,2570.965510880288,2583.947413052386,2551.9493920109235,6418475
2024-06-18,RELIANCE,2620.27,2560.835304877765,2655.908723467476,2549.252600574107,4531674
2024-06-19,RELIANCE,2611.66,2615.9635803029623,2622.832957945209,2588.5440626240375,3420872
2024-06-20,RELIANCE,2557.62,2614.326718185579,2651.9282227931285,2541.117352281876,3927503
2024-06-21,RELIANCE,2549.71,2553.8113302400607,2567.590506212492,2517.188743914926,5931767
2024-06-24,RELIANCE,2540.87,2553.0355115901243,2587.34231283815,2526.719986046592,7282827
2024-06-25,RELIANCE,2445.83,2543.736386828476,2567.7523114924215,2415.280471866787,7294814
2024-06-26,RELIANCE,2444.82,2447.8722161763226,2478.651524067974,2431.899845730195,1350679
2024-06-27,RELIANCE,2437.77,2440.2839824860584,2476.342068318875,2409.0393551167767,7792566
2024-06-28,RELIANCE,2462.39,2435.8502888490916,2474.7947233244267,2403.321257674312,6495437
2024-07-01,RELIANCE,2526.99,2460.056763044091,2563.5199066437817,2428.848440787664,7499052
2024-07-02,RELIANCE,2567.73,2525.5762644012657,2584.2989108439688,2487.7630584871936,7021656
2024-07-03,RELIANCE,2558.96,2563.4947116405915,2579.893814559178,2546.3247630550345,5824574
2024-07-04,RELIANCE,2520.22,2563.4326303632943,2578.2118947336694,2508.25806480601,7519585
2024-07-05,RELIANCE,2611.89,2520.7623739323526,2634.299249617771,2501.123282912987,3426105
2024-07-08,RELIANCE,2614.97,2609.8582035670584,2623.2281552898457,2576.6062069347417,5811671
2024-07-09,RELIANCE,2616.4,2613.892439030815,2639.2986302240693,2577.741681160296,2104381
2024-07-10,RELIANCE,2616.43,2615.8474429079074,2638.8890881126745,2577.310269675455,7453877
2024-07-11,RELIANCE,2624.6,2617.4827921265387,2655.220224963078,2584.2943522591,3016328
2024-07-12,RELIANCE,2620.22,2624.7646089037285,2658.02326234094,2613.596024858229,6055769
2024-07-15,RELIANCE,2600.09,2624.6155969442234,2643.4240618671356,2569.880895374362,5432787
2024-07-16,RELIANCE,2581.09,2600.0584191290745,2613.663655093229,2555.175336519539,7684007
2024-07-17,RELIANCE,2580.81,2586.1712165219215,2598.146969994779,2545.9041235172594,7061266
2024-07-18,RELIANCE,2562.08,2584.4378441807926,2594.0641869504097,2531.6247043233684,1270146
2024-07-19,RELIANCE,2537.41,2559.0927224744983,2563.7171723100055,2517.7936486540075,6574807
2024-07-22,RELIANCE,2542.08,2541.780386414358,2556.809502212506,2525.2805145137077,5301828
2024-07-23,RELIANCE,2533.89,2538.179090770947,2550.320388442654,2504.5853908547965,7509762
2024-07-24,RELIANCE,2588.14,2537.107530567395,2625.7452689027878,2501.1015353518474,6105593
2024-07-25,RELIANCE,2492.99,2586.9041454831136,2609.689399472979,2469.2429244536825,1544026
2024-07-26,RELIANCE,2531.95,2496.759144804505,2546.791983385626,2467.4942493458984,4942863
2024-07-29,RELIANCE,2577.01,2535.67760454607,2600.5292013741146,2505.4364920036155,5308080
2024-07-30,RELIANCE,2503.11,2580.163491261429,2587.7717582095165,2499.200340521401,5374798
2024-07-31,RELIANCE,2491.98,2506.0139123416984,2524.098843638687,2476.101618788841,7243490
2024-08-01,RELIANCE,2479.89,2490.033057284198,2514.3539086087035,2462.0256119541323,7484427
2024-08-02,RELIANCE,2431.89,2475.732903683384,2495.1539628689793,2409.5673204311024,7074036
2024-08-05,RELIANCE,2406.26,2430.9462338677486,2447.0510173737957,2384.6162222846347,7061611
2024-08-06,RELIANCE,2369.69,2403.117660397726,2438.957462669841,2352.089530499631,5472089
2024-08-07,RELIANCE,2428.65,2371.537894583445,2461.010320259302,2359.0873616609433,2390254
2024-08-08,RELIANCE,2461.32,2427.154920403424,2485.262941741118,2414.6066395280295,1268449
2024-08-09,RELIANCE,2505.99,2466.002515598322,2528.471945626888,2434.940044380751,3850774
2024-08-12,RELIANCE,2532.19,2507.403098464426,2556.725013645698,2487.347831685399,6583281
2024-08-13,RELIANCE,2493.05,2535.456328233717,2545.137637370149,2470.032699803547,5430675
2024-08-14,RELIANCE,2475.61,2489.3854625415165,2505.645950157029,2468.647043681526,7893707
2024-08-15,RELIANCE,2493.44,2479.1948266898357,2497.3108996876804,2463.9226516109097,5175318
2024-08-16,RELIANCE,2451.65,2497.656478756455,2516.7826442158744,2433.1524403220023,1646275
2024-08-19,RELIANCE,2476.98,2451.52312141309,2498.2878344756004,2418.710771459337,6918806
2024-08-20,RELIANCE,2469.52,2478.0327456070017,2488.411976606748,2453.416088326187,1124591
2024-08-21,RELIANCE,2457.42,2472.1358123981036,2507.9728915321793,2424.590969106554,7883510
2024-08-22,RELIANCE,2482.74,2454.2237677576095,2516.833890770616,2428.996536734812,7822255
2024-08-23,RELIANCE,2499.05,2482.765483602715,2526.814458735925,2450.4890047465883,1639104
2024-08-26,RELIANCE,2487.3,2498.0370153582176,2519.1889259637173,2474.0900269514123,3598133
2024-08-27,RELIANCE,2528.54,2483.781704122821,2561.8650654650974,2453.696971735939,5968024
2024-08-28,RELIANCE,2491.15,2527.2002219525643,2534.3500070268465,2467.4492766852427,6137985
2024-08-29,RELIANCE,2513.51,2486.8470097941026,2543.8408698221097,2480.7279906417607,5461213
2024-08-30,RELIANCE,2535.26,2508.7424939449465,2542.2256050354463,2478.2874372411625,4297154
2024-09-02,RELIANCE,2525.16,2531.560206744971,2562.2400564788727,2505.2346464942857,2334649
2024-09-03,RELIANCE,2537.57,2529.837759020722,2549.9044831143465,2506.7398425512833,2208468
2024-09-04,RELIANCE,2494.01,2538.072738657605,2571.776487098481,2457.2326715545187,2160152
2024-09-05,RELIANCE,2527.15,2498.657060512551,2563.077453683752,2488.908833813465,4741104
2024-09-06,RELIANCE,2521.49,2526.4676480528883,2534.257110541019,2486.1050298723844,1983667
2024-09-09,RELIANCE,2503.92,2519.5919850456526,2538.4321294774827,2482.9861528497445,4223253
2024-09-10,RELIANCE,2541.57,2503.981514932812,2579.017043270037,2486.076785417736,7305236
2024-09-11,RELIANCE,2517.4,2540.955058889915,2560.6924459279785,2501.7870106663418,3365885
2024-09-12,RELIANCE,2468.64,2513.4292011046423,2546.3291481405613,2455.410170195244,7195196
2024-09-13,RELIANCE,2415.71,2470.0305978939873,2492.859216722408,2388.0400068143954,1880096
2024-09-16,RELIANCE,2437.05,2412.966122391481,2452.2928185293363,2377.108728855885,4590437
2024-09-17,RELIANCE,2394.21,2438.215767301935,2450.4092106649,2382.5459147118545,3201340
2024-09-18,RELIANCE,2453.87,2395.6484518297225,2463.3054326513275,2377.6791536934284,3714766
2024-09-19,RELIANCE,2383.21,2450.454456905387,2479.0394361888275,2375.358867000448,3924537
2024-09-20,RELIANCE,2440.64,2379.0284161793056,2456.2883271160154,2370.7004775214527,5784377
2024-09-23,RELIANCE,2448.71,2443.380951829688,2468.686224718638,2435.5781768759766,2592173
2024-09-24,RELIANCE,2446.25,2448.3162515827526,2467.6397264669076,2426.1695293676494,2627059
2024-09-25,RELIANCE,2428.44,2441.926632739021,2464.1039818758454,2403.3561515822053,7276046
2024-09-26,RELIANCE,2442.86,2433.2470126370713,2474.9056330034455,2423.713100292489,2074477
2024-09-27,RELIANCE,2442.43,2438.5388792849426,2478.4078507292784,2417.3677714642677,6921816
2024-09-30,RELIANCE,2481.01,2444.335439576084,2497.648096962392,2413.947927647399,2473300
2024-10-01,RELIANCE,2485.85,2485.8100490014713,2517.135080775251,2478.2771403989045,7759383
2024-10-02,RELIANCE,2491.95,2483.2565634482603,2521.114260530457,2476.690431489371,6792632
2024-10-03,RELIANCE,2480.14,2488.3840132572,2510.8526411056478,2459.129088700309,7220665
2024-10-04,RELIANCE,2479.03,2476.3839265746365,2514.6900037059963,2441.8626299074012,7940741
2024-10-07,RELIANCE,2490.58,2477.079252756298,2500.060749464386,2453.372527419105,1297584
2024-10-08,RELIANCE,2431.82,2486.6054907039475,2492.895853988758,2422.699525314481,2405802
2024-10-09,RELIANCE,2386.77,2433.689207175835,2465.218788695463,2381.101030773586,1892015
2024-10-10,RELIANCE,2412.44,2382.5911647800913,2429.684356170959,2353.639390328067,5775275
2024-10-11,RELIANCE,2419.06,2412.530921275335,2450.1632186704137,2378.6050201950916,3483502
2024-10-14,RELIANCE,2413.67,2423.866157965126,2456.596259864457,2407.111832554984,7463958
2024-10-15,RELIANCE,2415.14,2416.7012824815947,2421.2311626164746,2392.079444220556,2968067
2024-10-16,RELIANCE,2427.74,2416.253084296197,2460.1952584116843,2398.3357304438327,6750874
2024-10-17,RELIANCE,2410.24,2425.858536661314,2443.510215704597,2406.7521931997208,2651348
2024-10-18,RELIANCE,2384.82,2411.434474801854,2431.078152291268,2351.2701285219414,3871259
2024-10-21,RELIANCE,2392.2,2385.077956095863,2415.5772844705198,2370.949832588021,1854741
2024-10-22,RELIANCE,2360.27,2391.49270668377,2424.9003208567656,2327.314673280371,4352214
2024-10-23,RELIANCE,2374.58,2356.7835071236345,2377.590077737154,2333.8203402094414,3023615
2024-10-24,RELIANCE,2318.81,2378.2520905497026,2396.5070982957373,2310.12235487756,4010087
2024-10-25,RELIANCE,2353.03,2318.3442405661335,2378.0382583650057,2297.6382069172028,5644081
2024-10-28,RELIANCE,2369.43,2350.1557504359585,2395.773079654904,2347.7128879850347,1141449
2024-10-29,RELIANCE,2378.75,2368.1766601549966,2404.1918113012644,2351.1893263562206,3675032
2024-10-30,RELIANCE,2412.31,2377.932944595313,2419.262498898315,2352.955779312726,6381299
2024-10-31,RELIANCE,2469.4,2415.47049176342,2482.21998452295,2386.6818481637306,5490224
2024-11-01,RELIANCE,2505.33,2471.7075494054334,2520.4171407421018,2446.761315675786,4018439
2024-11-04,RELIANCE,2441.64,2508.028790516746,2538.7825427855855,2417.749689995592,2628662
2024-11-05,RELIANCE,2398.76,2436.864457505918,2448.8115223171462,2365.08618670208,1135370
2024-11-06,RELIANCE,2378.61,2397.955494258695,2407.4271055137747,2355.237870410979,1856636
2024-11-07,RELIANCE,2380.31,2378.4325000500853,2414.5966333187516,2358.2142523130547,3969791
2024-11-08,RELIANCE,2398.4,2375.7321142737787,2401.096007842226,2364.134570594357,5032516
2024-11-11,RELIANCE,2374.87,2396.0957439994168,2431.9640800214443,2361.0820101193312,5642681
2024-11-12,RELIANCE,2381.91,2377.3426179689523,2406.8616938794594,2365.2721818760233,3944236
2024-11-13,RELIANCE,2357.55,2378.4525119166915,2408.4176128370964,2322.462799174923,7194868
2024-11-14,RELIANCE,2338.19,2357.882981601624,2369.966357432948,2310.242418318353,5686134
2024-11-15,RELIANCE,2292.97,2335.526351460528,2338.329949727067,2279.816561118811,1916004
2024-11-18,RELIANCE,2264.13,2288.4952302905403,2314.4242777540985,2245.5094578744756,7535223
2024-11-19,RELIANCE,2222.08,2261.7861858247793,2290.461166181275,2188.9140975521836,2593786
2024-11-20,RELIANCE,2192.5,2226.309718213242,2251.6154368528782,2184.306463049445,1427244
2024-11-21,RELIANCE,2225.61,2195.1444804712137,2232.2866163908748,2185.967314633836,5698981
2024-11-22,RELIANCE,2196.8,2229.70135350147,2255.449924467281,2180.7147410416997,4555912
2024-11-25,RELIANCE,2278.53,2196.69327105479,2305.33672077402,2165.7868655560333,6011002
2024-11-26,RELIANCE,2295.07,2274.973088883091,2318.5246221381844,2265.2617080885916,5713199
2024-11-27,RELIANCE,2301.81,2295.5102815374353,2328.8001564137544,2279.83651490392,2275393
2024-11-28,RELIANCE,2274.95,2301.389941169854,2330.946462403143,2265.7306279004965,3514368
2024-11-29,RELIANCE,2298.05,2278.0835805815136,2320.089351086128,2267.88792159459,3089319
2024-12-02,RELIANCE,2280.34,2294.3554946990853,2299.49592016672,2271.770548426757,6125819
2024-12-03,RELIANCE,2285.03,2280.2327431775852,2302.914448434934,2262.5657573893645,3209821
2024-12-04,RELIANCE,2367.73,2281.8314028011428,2372.671667228548,2252.086688249882,1792330
2024-12-05,RELIANCE,2365.37,2366.0695197295017,2381.935441261087,2352.114950539313,5474843
2024-12-06,RELIANCE,2404.26,2367.615749240563,2420.3673178656327,2352.668122078674,2742955
2024-12-09,RELIANCE,2381.43,2404.0293653908648,2408.6550492083074,2370.455286106281,1266150
2024-12-10,RELIANCE,2381.1,2380.2477465555785,2395.109172028086,2350.205054702933,3786905
2024-12-11,RELIANCE,2440.96,2380.0949498676123,2447.194146869159,2350.8903584604477,2845964
2024-12-12,RELIANCE,2420.39,2440.564044735233,2470.620305885294,2414.2560860793546,7734714
2024-12-13,RELIANCE,2482.66,2423.149404770151,2518.081680163573,2412.244479281338,1489415
2024-12-16,RELIANCE,2508.12,2486.5536518953777,2513.167417570935,2480.872371231612,7166462
2024-12-17,RELIANCE,2489.25,2512.688136135657,2548.7995173718564,2478.352099584902,4044287
2024-12-18,RELIANCE,2512.16,2492.106697016944,2533.0513044170566,2475.559542882737,4503548
2024-12-19,RELIANCE,2547.25,2510.3050903488893,2560.480211424352,2495.6395323470047,1646012
2024-12-20,RELIANCE,2570.31,2549.1669045203157,2575.6461410498428,2542.6608976388093,2635765
2024-12-23,RELIANCE,2514.71,2569.668482743163,2590.248288872903,2497.3667858709423,5919161
2024-12-24,RELIANCE,2489.99,2512.2422710398614,2542.6987308130515,2474.685223031302,3585181
2024-12-25,RELIANCE,2482.23,2493.385067296219,2520.560996455369,2450.4343067827185,3269798
2024-12-26,RELIANCE,2480.51,2477.647072144739,2484.734715731751,2456.921299390839,5181726
2024-12-27,RELIANCE,2502.94,2484.4962985564475,2507.99750487742,2472.1472576994906,4439289
2024-12-30,RELIANCE,2510.04,2502.5543216212313,2526.707232760749,2474.50869028508,7641620
2024-12-31,RELIANCE,2463.99,2511.4175247793914,2524.311310407309,2434.007081895789,7534390
2022-01-03,TCS,3516.35,3518.64775938593,3528.9263630329006,3505.402240316227,6536099
2022-01-04,TCS,3522.65,3510.980145514764,3572.415394019374,3480.122283151476,7191081
2022-01-05,TCS,3524.91,3521.2620422314258,3545.8022007541017,3513.735211749289,3089884
2022-01-06,TCS,3534.23,3529.043006859005,3559.8393472130806,3497.864755766473,6166352
2022-01-07,TCS,3552.86,3530.278855083048,3589.8212667562443,3504.447515322325,5204099
2022-01-10,TCS,3519.83,3548.397060806962,3568.5329175476227,3506.271613295496,6831723
2022-01-11,TCS,3532.36,3526.1772201749345,3548.4662484587516,3502.0685616851238,4380796
2022-01-12,TCS,3552.13,3528.261015963381,3587.064102738437,3522.767700606496,2511546
2022-01-13,TCS,3532.31,3548.733006857331,3553.5230055883426,3511.980502004767,5821699
2022-01-14,TCS,3551.11,3538.9453163086046,3590.492348135967,3511.7588990036543,7605129
2022-01-17,TCS,3555.54,3554.4439038038154,3584.68236913543,3502.3012338115586,7172056
2022-01-18,TCS,3529.6,3558.378693828106,3592.11408887943,3497.100362894193,2496030
2022-01-19,TCS,3542.57,3534.5827558578126,3577.451285740405,3496.372070754031,3849090
2022-01-20,TCS,3531.2,3537.1261055057585,3566.7626317554345,3515.21595028222,4312750
2022-01-21,TCS,3561.73,3534.1090906504446,3594.339322435736,3491.4025186426434,1011009
2022-01-24,TCS,3552.51,3561.782551322011,3599.4414022315445,3509.428999772383,5372472
2022-01-25,TCS,3498.52,3557.187243764464,3598.2502175953937,3455.3247062840555,2723480
2022-01-26,TCS,3510.71,3498.633935862338,3549.9749513845686,3452.307189483279,4699397
2022-01-27,TCS,3521.35,3512.398530099382,3567.7424847880966,3475.0058797435104,7681369
2022-01-28,TCS,3476.65,3521.036488947188,3533.8960468069686,3467.6208256685163,2991367
2022-01-31,TCS,3508.94,3476.346264886322,3532.1553981849597,3461.9159467165955,6569634
2022-02-01,TCS,3539.32,3512.7011622992813,3589.8230700131276,3496.168694094232,1330328
2022-02-02,TCS,3503.36,3541.140150532556,3564.342649971039,3489.9166102001864,7724753
2022-02-03,TCS,3476.61,3505.2274758799613,3514.860475698643,3437.574102995109,5409013
2022-02-04,TCS,3471.66,3475.918606344454,3504.9641878294924,3462.717641481649,3708668
2022-02-07,TCS,3441.02,3472.09200637622,3480.8863766106697,3396.0191912390164,6053679
2022-02-08,TCS,3468.43,3444.402077615056,3481.748581623212,3408.9551853293756,2000294
2022-02-09,TCS,3475.6,3472.952013048301,3527.6521933847316,3449.3862057054557,4198454
2022-02-10,TCS,3430.96,3478.3326752371668,3508.173558872406,3384.4384853865704,6658307
2022-02-11,TCS,3398.06,3436.7799098472397,3453.8841360625743,3381.8234666022577,1946984
2022-02-14,TCS,3447.44,3402.4139218838777,3498.8994175715475,3369.823711894048,3285362
2022-02-15,TCS,3511.94,3448.2930868141634,3562.9748969980274,3434.436739387605,3842894
2022-02-16,TCS,3535.62,3514.3478713710415,3560.9716207581364,3485.883579469189,4450375
2022-02-17,TCS,3527.65,3541.6490562801923,3558.102295279348,3483.6681182252464,7087205
2022-02-18,TCS,3510.01,3529.331532605096,3574.28672805271,3493.4661482766555,1177265
2022-02-21,TCS,3534.15,3514.5703025419148,3573.091703396401,3474.258235231984,6042094
2022-02-22,TCS,3538.36,3536.8191385650503,3575.927405343426,3508.06955322359,4226585
2022-02-23,TCS,3470.98,3539.095078170088,3586.885575494504,3422.585742532095,4528329
2022-02-24,TCS,3514.93,3467.395702158091,3552.370471529016,3445.378201173931,4036773
2022-02-25,TCS,3572.68,3513.8895458444204,3590.4475492920387,3493.937711668928,6502285
2022-02-28,TCS,3605.29,3579.3643817417073,3643.917380864305,3544.6496977280326,5384432
2022-03-01,TCS,3548.26,3607.565159834636,3626.618115356461,3542.447662443029,2690792
2022-03-02,TCS,3511.49,3549.1739662089667,3590.4485372653908,3501.7925459653306,2631570
2022-03-03,TCS,3423.66,3517.571291443904,3551.6089643878563,3406.237585938153,2975556
2022-03-04,TCS,3479.92,3424.844747697067,3487.1713241117586,3407.690142307793,4490678
2022-03-07,TCS,3455.56,3480.2830603099646,3508.750714514827,3415.937249781197,5773598
2022-03-08,TCS,3542.91,3459.144256874491,3563.480892114825,3439.0653539036357,2660102
2022-03-09,TCS,3616.4,3545.923820592654,3636.6517997069827,3502.574503725815,3345170
2022-03-10,TCS,3567.36,3611.961375417633,3646.0279078250896,3521.041558772357,2511710
2022-03-11,TCS,3527.34,3566.950585145539,3586.6135698281587,3523.786383147112,2767091
2022-03-14,TCS,3537.47,3526.9522104883013,3579.4828065844713,3504.779189672673,1832230
2022-03-15,TCS,3453.37,3535.7468915037516,3542.786846792757,3422.4064982571745,6320151
2022-03-16,TCS,3425.82,3453.6088831698403,3488.992610340423,3388.2534970010083,1816609
2022-03-17,TCS,3394.38,3424.6292863411268,3466.850606748879,3372.1633966578147,4635192
2022-03-18,TCS,3460.55,3390.297857370205,3496.607697863758,3341.797304214864,5584470
2022-03-21,TCS,3457.82,3459.336959390154,3486.8774629922304,3410.5361575162224,7807087
2022-03-22,TCS,3436.6,3451.90404269943,3501.281107457431,3386.631814584365,5062316
2022-03-23,TCS,3401.21,3437.641782784042,3455.5145597539554,3373.9607900002784,6587239
2022-03-24,TCS,3428.45,3406.0214135536157,3432.79847601579,3383.570598912185,4188741
2022-03-25,TCS,3398.69,3431.5395420174214,3455.7245220981513,3350.682540761809,5164133
2022-03-28,TCS,3387.39,3396.792090479966,3401.7587681290534,3370.782109685456,2655464
2022-03-29,TCS,3352.2,3381.794996524242,3430.341051034487,3312.7296250222357,2406819
2022-03-30,TCS,3282.04,3348.2061808643316,3361.394271620676,3264.293420110632,6558474
2022-03-31,TCS,3233.88,3282.637204468471,3322.1764984788915,3229.8265253250406,7676240
2022-04-01,TCS,3215.31,3230.090631043243,3268.347854079294,3198.1900246106,1878835
2022-04-04,TCS,3206.05,3215.8755487377825,3228.894070912935,3197.6011052225604,7730054
2022-04-05,TCS,3198.51,3202.6079722133777,3233.664210732518,3192.991863681239,1623578
2022-04-06,TCS,3195.99,3202.9741459430315,3208.333059791334,3169.829270762329,4277560
2022-04-07,TCS,3178.14,3194.6767226179336,3219.4995019569196,3161.717119541301,4169870
2022-04-08,TCS,3230.48,3174.905297065357,3234.372921523957,3165.1506213540943,3469485
2022-04-11,TCS,3268.14,3234.5158539150584,3313.5541202480385,3202.146516659087,6088268
2022-04-12,TCS,3263.75,3266.0855029377567,3313.983314226311,3226.7376468869356,4031946
2022-04-13,TCS,3274.63,3258.677971764735,3288.0951434256476,3252.983041029298,7422892
2022-04-14,TCS,3260.92,3275.5522601313405,3288.371083079039,3245.1640465459177,6037657
2022-04-15,TCS,3150.57,3261.983897382144,3299.6666043866135,3113.001185145298,3379093
2022-04-18,TCS,3152.22,3153.2756550141103,3167.614581926473,3124.755235128861,6480283
2022-04-19,TCS,3164.67,3148.9444580069926,3207.491377082758,3136.822044537471,6799703
2022-04-20,TCS,3104.31,3163.95821937474,3192.544606900164,3081.5208935867327,5502748
2022-04-21,TCS,3123.78,3101.607610219053,3142.2443097248997,3083.3060453010557,7307561
2022-04-22,TCS,3114.14,3118.543966647214,3158.0175994362608,3100.290655922032,3760451
2022-04-25,TCS,3127.64,3118.8313127330525,3152.3724194547326,3099.2080273301685,5798064
2022-04-26,TCS,3119.12,3130.5032894212395,3173.587970402187,3095.9172110043155,1697389
2022-04-27,TCS,3166.81,3116.6429578320763,3211.120636710237,3102.60123459198,6914103
2022-04-28,TCS,3176.3,3168.068781550228,3186.8322364088763,3152.8173261752518,7369553
2022-04-29,TCS,3215.39,3172.5044966810065,3218.7099791957953,3152.892751537621,5455978
2022-05-02,TCS,3258.15,3220.4090517254235,3306.2892742967497,3188.3242831195244,7432975
2022-05-03,TCS,3215.29,3253.131228410499,3297.6533400630665,3185.3278998670285,4766176
2022-05-04,TCS,3187.68,3208.908770142319,3214.608540756038,3183.1730657490957,5241244
2022-05-05,TCS,3205.84,3187.7056059670763,3246.4338839059797,3144.9055676071353,5173414
2022-05-06,TCS,3192.68,3206.905978006153,3230.666807233946,3156.7913039090067,5927611
2022-05-09,TCS,3184.43,3193.688443995208,3208.4607300348966,3158.6158150768824,7376457
2022-05-10,TCS,3234.49,3178.755497668363,3277.516645807149,3168.3107924618243,4904840
2022-05-11,TCS,3223.34,3232.084106212158,3244.2152208226703,3182.3760523949722,4820730
2022-05-12,TCS,3186.77,3223.3296717332464,3269.3014441512696,3151.3247193576135,3849310
2022-05-13,TCS,3155.78,3183.157212205525,3195.503726719495,3111.3503257965544,3848411
2022-05-16,TCS,3239.3,3160.4837012675953,3270.369955300136,3144.314014722223,4344443
2022-05-17,TCS,3233.28,3233.9500924854096,3247.2843435884456,3195.5635692494843,2056504
2022-05-18,TCS,3181.26,3233.116841470278,3261.0489060197656,3150.8517561224726,3444149
2022-05-19,TCS,3114.6,3183.6957769884975,3217.3654350229494,3087.2283353768603,7930358
2022-05-20,TCS,3092.12,3111.6317999059156,3123.030301608604,3084.3228950519438,3214669
2022-05-23,TCS,3085.7,3093.656669070739,3119.3105105964746,3057.183886276251,2954702
2022-05-24,TCS,3121.71,3089.765535031177,3145.331468925241,3049.7010096647264,6649409
2022-05-25,TCS,3154.51,3117.843287354096,3160.8017455866743,3093.9618833972695,5589079
2022-05-26,TCS,3155.15,3159.77450611647,3199.1336351488335,3150.358626835419,2099469
2022-05-27,TCS,3138.84,3155.825940817319,3173.812739947679,3118.461391965783,6520191
2022-05-30,TCS,3152.51,3136.3192855375214,3181.0217757304595,3132.4535245200013,5144111
2022-05-31,TCS,3087.24,3151.638120086902,3177.5035488650788,3077.285201798278,3660038
2022-06-01,TCS,3149.15,3084.9207650852027,3174.927830451552,3040.200274723371,2187171
2022-06-02,TCS,3162.15,3151.985635237216,3170.058896113849,3133.7595756448995,3933361
2022-06-03,TCS,3183.29,3165.8977885712725,3205.3462146331262,3131.1195664716474,1421655
2022-06-06,TCS,3130.41,3187.529345086376,3210.903926907438,3107.979472815103,6621402
2022-06-07,TCS,3166.95,3136.4926151447426,3202.64469270609,3101.711523715619,6323940
2022-06-08,TCS,3137.69,3170.6399311604896,3211.098132611454,3105.9497110446955,1799717
2022-06-09,TCS,3090.15,3138.9624471390352,3166.0509142605456,3083.7359671247805,6647069
2022-06-10,TCS,3077.2,3088.162666420302,3095.0028273902744,3039.944353719682,3482266
2022-06-13,TCS,3063.44,3077.748916459091,3091.032150196444,3054.977331711351,7838438
2022-06-14,TCS,3012.4,3057.816359533012,3067.9349074102997,2968.498515414442,7196158
2022-06-15,TCS,2968.84,3015.3500442301056,3023.6260067825224,2928.084570630427,1921806
2022-06-16,TCS,2923.13,2968.198202641965,2986.3712638116813,2914.259617552102,4407129
2022-06-17,TCS,2878.45,2917.5178620141082,2929.8050148356374,2860.683586100388,5965440
2022-06-20,TCS,2854.33,2873.4127924231625,2885.068054573055,2841.3750693624656,1791043
2022-06-21,TCS,2796.14,2853.0451686067213,2858.0828031400556,2762.3957557652852,4301112
2022-06-22,TCS,2762.54,2797.0730329847524,2800.5620476987824,2741.8739034116825,2193728
2022-06-23,TCS,2786.91,2762.144447908553,2793.706591803723,2749.2205649838297,6061354
2022-06-24,TCS,2804.08,2788.2388468156187,2813.644057113431,2770.9026871569454,7928689
2022-06-27,TCS,2758.32,2803.8589741007668,2823.5806794163814,2735.1605459976795,7911957
2022-06-28,TCS,2779.77,2760.1041238042726,2802.4175746945093,2755.7900065639096,7312330
2022-06-29,TCS,2703.84,2776.64694024316,2784.8888248552685,2688.8774974227867,2504329
2022-06-30,TCS,2772.6,2699.6527596929386,2791.861160097939,2693.4665356393307,2777850
2022-07-01,TCS,2816.64,2773.6694911303803,2832.9328084294843,2760.402439612124,7686269
2022-07-04,TCS,2798.51,2816.467503523934,2826.516465265517,2785.3471785518227,1535888
2022-07-05,TCS,2812.13,2793.2137375940856,2815.2114490232666,2754.4446453550136,4918446
2022-07-06,TCS,2765.64,2810.785598098606,2831.9740030025414,2738.0734963149775,3568921
2022-07-07,TCS,2768.43,2761.282740657029,2797.7729342110556,2753.0463083375357,7971631
2022-07-08,TCS,2763.1,2768.777236774916,2780.3171754593477,2730.651408241045,5934164
2022-07-11,TCS,2736.19,2761.948093226679,2769.8066520350085,2699.5717939428614,5812940
2022-07-12,TCS,2721.58,2737.4284205105637,2774.1608731950696,2693.181632102778,3202888
2022-07-13,TCS,2703.82,2724.9068835462426,2738.123626969557,2671.607041067025,2859722
2022-07-14,TCS,2667.86,2701.653360722977,2712.8127470843806,2662.4016510870524,7703562
2022-07-15,TCS,2641.13,2672.791294878471,2707.5358635201387,2633.6068283206755,5124741
2022-07-18,TCS,2596.17,2641.5064613941477,2674.365479404942,2575.38912656749,3552192
2022-07-19,TCS,2623.61,2597.398412092013,2642.7016179694638,2560.6681186610963,1135797
2022-07-20,TCS,2595.0,2625.506055380475,2646.1145557407403,2582.0350500335644,3533573
2022-07-21,TCS,2557.67,2596.7306732799216,2607.243490325934,2541.6276907604156,2724620
2022-07-22,TCS,2584.22,2557.7822381614565,2589.637102400413,2554.1700495603905,3582229
2022-07-25,TCS,2596.4,2583.4836450255375,2619.840417478948,2564.94804211417,6169719
2022-07-26,TCS,2622.19,2591.765757967161,2628.422496979225,2565.0952238668037,4112734
2022-07-27,TCS,2651.75,2617.177273130761,2671.0808429184917,2596.936818963539,5830165
2022-07-28,TCS,2714.15,2650.243394390409,2752.601256598817,2646.8237484463466,7566692
2022-07-29,TCS,2709.83,2712.3441228252536,2751.2382735249753,2695.6008833477135,1358062
2022-08-01,TCS,2663.19,2708.6126918457494,2720.396923102344,2648.2965518307233,7316913
2022-08-02,TCS,2672.59,2659.3376232356936,2698.6145799939177,2628.408309382053,3955251
2022-08-03,TCS,2651.89,2675.1361045526164,2695.566300083138,2639.7189791241135,3077645
2022-08-04,TCS,2622.16,2655.6765214476036,2690.8897080382085,2610.3702589251475,2401471
2022-08-05,TCS,2626.04,2626.7615198731696,2639.3700594872503,2598.3143898813682,7354350
2022-08-08,TCS,2654.05,2625.9597724141386,2656.84161921995,2604.3533587409825,5779897
2022-08-09,TCS,2628.17,2656.1824304350553,2664.8837039324053,2599.5871969814775,2716548
2022-08-10,TCS,2669.1,2631.907795184322,2684.829858320417,2601.96160873392,5952505
2022-08-11,TCS,2638.15,2668.2276432184785,2682.689692705722,2599.5341980482012,5404003
2022-08-12,TCS,2631.17,2636.1388094591503,2667.980943317143,2602.208618206513,2018143
2022-08-15,TCS,2644.1,2635.7663861985,2671.936686402727,2616.6717856254677,5100321
2022-08-16,TCS,2632.53,2644.2658014748117,2657.999558718313,2593.101062439618,5158527
2022-08-17,TCS,2577.17,2632.5010830962688,2652.0037395019544,2548.731102167105,2887145
2022-08-18,TCS,2606.57,2573.8548944463223,2612.6637109104654,2567.0077831997482,3097711
2022-08-19,TCS,2587.8,2602.4845144653464,2637.810769980941,2570.490413319572,7095561
2022-08-22,TCS,2611.65,2591.34121655494,2648.4636813987936,2574.5236181673513,1037361
2022-08-23,TCS,2572.77,2612.8423036383606,2651.296155712967,2548.707140162597,3898845
2022-08-24,TCS,2539.73,2570.977546860111,2604.8109419739417,2525.6868423578876,4463227
2022-08-25,TCS,2566.73,2536.5983728935703,2575.5478788098712,2505.2943613410744,3457856
2022-08-26,TCS,2577.93,2567.299786135719,2582.1752081991594,2558.2178485004642,2761856
2022-08-29,TCS,2565.09,2578.79535221346,2602.299406421012,2530.8041033251893,3341102
2022-08-30,TCS,2576.73,2562.083648866471,2612.228244512887,2547.1826189549474,4571488
2022-08-31,TCS,2547.95,2580.351910931058,2589.339067791498,2521.8999899461114,1000037
2022-09-01,TCS,2552.04,2543.712905566987,2554.843673197723,2532.1776294483734,7989848
2022-09-02,TCS,2556.69,2550.5709751882723,2588.078341603022,2531.9433996674993,4617177
2022-09-05,TCS,2545.94,2558.53474810729,2563.8440648299293,2523.874191726983,5497868
2022-09-06,TCS,2521.13,2543.6396959962476,2560.915802885596,2489.2929526082507,1621531
2022-09-07,TCS,2523.96,2524.4344470552755,2550.952173617696,2508.6029666419317,7251936
2022-09-08,TCS,2523.0,2526.3816671985055,2537.283423967971,2519.585820409296,1653668
2022-09-09,TCS,2509.61,2525.91681854718,2531.411889681665,2500.9730465565326,4404158
2022-09-12,TCS,2479.18,2505.7864238140064,2535.305332602205,2444.075095552639,3656040
2022-09-13,TCS,2480.24,2475.615406515136,2504.602036335563,2451.520764853773,1703645
2022-09-14,TCS,2467.15,2478.1216144932146,2514.894131002294,2462.112479695733,5911672
2022-09-15,TCS,2437.21,2467.328396312469,2481.689018536425,2417.8161755277683,2305927
2022-09-16,TCS,2439.16,2439.62786904917,2444.1769782621545,2425.1825535345356,3621872
2022-09-19,TCS,2486.92,2442.4434107500333,2514.9746970582646,2437.012371204906,5980142
2022-09-20,TCS,2476.67,2488.952662335841,2509.6215919445576,2469.8173653429108,1593975
2022-09-21,TCS,2521.88,2480.915972154322,2531.9293262268825,2461.13187115964,3865728
2022-09-22,TCS,2586.57,2524.288329928121,2617.4645245152606,2501.890441341286,6052683
2022-09-23,TCS,2557.7,2584.5655933139583,2594.5228307617463,2531.498145343993,4983063
2022-09-26,TCS,2558.69,2555.296593603811,2570.5860231744623,2542.68945577364,3282373
2022-09-27,TCS,2624.0,2560.697982642644,2630.0231289732155,2532.57592416133,3840152
2022-09-28,TCS,2620.92,2620.7763694889663,2638.1972406826053,2590.6333174221036,3550552
2022-09-29,TCS,2622.82,2616.6501524077953,2640.8256832597854,2590.4509388958218,1852224
2022-09-30,TCS,2570.99,2623.1580592025216,2644.6780939640616,2538.803803947187,3392735
2022-10-03,TCS,2555.31,2574.2977490379435,2602.423238425052,2541.8478026363814,6418626
2022-10-04,TCS,2573.06,2551.2356077010463,2608.273388777706,2534.9775248103215,2361968
2022-10-05,TCS,2648.79,2576.0642155584237,2656.5463918531023,2554.8382178958072,4622546
2022-10-06,TCS,2643.3,2652.0911552376256,2656.761151945945,2618.094973852509,5895035
2022-10-07,TCS,2591.3,2643.1125794576624,2646.4414139498845,2585.4096527437164,6996522
2022-10-10,TCS,2548.33,2586.711432825321,2594.4992431072283,2511.144088210018,4606940
2022-10-11,TCS,2547.95,2545.012990222515,2573.9678634921615,2534.2412441426723,6935537
2022-10-12,TCS,2584.65,2550.0640471111956,2613.5584808150106,2544.0120668217996,4068929
2022-10-13,TCS,2605.15,2586.8394874620835,2636.4406650343685,2564.2019622708563,4600200
2022-10-14,TCS,2620.26,2609.3011009804122,2631.820364310542,2590.2784267454194,1559031
2022-10-17,TCS,2662.16,2621.126636809485,2676.2229331050116,2616.4675622746395,7491280
2022-10-18,TCS,2639.9,2658.1572546801317,2678.794882018173,2608.146979776431,3701243
2022-10-19,TCS,2641.24,2635.90229283617,2646.2175841185153,2615.5581033736626,6444003
2022-10-20,TCS,2625.49,2643.57625451018,2668.83821982938,2603.556908008894,3119228
2022-10-21,TCS,2617.67,2622.1691192015764,2660.9045630957157,2587.8743635557116,5435728
2022-10-24,TCS,2586.8,2615.873079483126,2631.7024817983875,2577.6435175566085,1206384
2022-10-25,TCS,2576.84,2586.667680078023,2616.5174750039614,2570.641175152536,7542155
2022-10-26,TCS,2576.71,2571.9415805085337,2597.324903468223,2561.517645612468,7949779
2022-10-27,TCS,2565.94,2574.12111790045,2581.301283365952,2534.4688112079984,4527089
2022-10-28,TCS,2561.7,2564.9946010482126,2588.467698427155,2526.3856357138943,5135554
2022-10-31,TCS,2574.87,2559.441977428336,2588.25479160624,2542.744748196613,5339242
2022-11-01,TCS,2613.86,2571.1248034603454,2617.732812386274,2534.6130999769643,3988088
2022-11-02,TCS,2655.72,2616.2439684806527,2681.9824581601556,2601.644182372331,7454833
2022-11-03,TCS,2680.73,2659.0465299631305,2715.6466500352735,2638.9067495682575,1979907
2022-11-04,TCS,2640.95,2678.1294664628713,2693.734328935655,2625.841125732451,1213968
2022-11-07,TCS,2630.27,2643.848912657122,2660.9391159833663,2612.548268731308,5582692
2022-11-08,TCS,2622.35,2629.0658998953513,2664.4907319138365,2598.533387164794,1294957
2022-11-09,TCS,2602.4,2622.4201299345837,2654.9132878854525,2570.6826788303574,2901737
2022-11-10,TCS,2613.82,2606.105828789208,2642.5964318495853,2578.167931009496,6172494
2022-11-11,TCS,2564.55,2616.4333357302753,2628.163222106103,2544.913261266586,5985248
2022-11-14,TCS,2617.38,2567.679949684172,2653.3507401572724,2552.5977913134784,3347855
2022-11-15,TCS,2655.66,2613.577943208479,2664.0567205093316,2602.895628740842,2464458
2022-11-16,TCS,2671.64,2651.0892843616384,2697.754712666941,2639.796678089602,6390582
2022-11-17,TCS,2670.4,2675.8441432416826,2679.598931968898,2666.7085522800617,7409363
2022-11-18,TCS,2710.52,2669.2018905338505,2737.6579357321584,2639.845421668157,3302743
2022-11-21,TCS,2733.7,2708.2201745000057,2747.0405132060264,2670.293040246998,5588156
2022-11-22,TCS,2770.77,2736.1570086011016,2790.9840906929985,2708.3554565266472,1985461
2022-11-23,TCS,2769.58,2774.4985209701426,2790.684123337472,2756.8568891776754,6831759
2022-11-24,TCS,2829.83,2773.595776028068,2839.5040415213944,2749.0038641339315,3621021
2022-11-25,TCS,2870.25,2827.7472127594815,2898.1136150787365,2817.705989941256,4355361
2022-11-28,TCS,2888.6,2874.293750463387,2927.156044240108,2853.284298944301,6710912
2022-11-29,TCS,2932.94,2883.2957671668787,2975.254051525836,2877.578434194278,2806423
2022-11-30,TCS,2919.01,2927.6567366990475,2938.468131197886,2913.960370121616,2950408
2022-12-01,TCS,2878.93,2920.4522150636217,2952.7034079772243,2838.5393695011758,1627915
2022-12-02,TCS,2890.85,2873.898855276951,2920.627926411328,2849.1539773147124,4594128
2022-12-05,TCS,2889.68,2888.82188565915,2906.4612070336893,2870.147520824449,2176957
2022-12-06,TCS,2883.63,2891.676838073352,2895.341716884982,2850.7053342880727,2406427
2022-12-07,TCS,2926.53,2881.7529517578755,2957.718256905979,2854.949983429452,4489550
2022-12-08,TCS,2933.22,2922.7793565935117,2974.9800420884644,2906.667656906735,7889053
2022-12-09,TCS,2943.32,2930.654613084136,2972.3107651613145,2895.997509799927,4895090
2022-12-12,TCS,2932.59,2942.8205225076777,2963.6971800987117,2913.316252942871,2845786
2022-12-13,TCS,2964.42,2932.3012672222276,2989.1792938949534,2916.9485283187605,3765013
2022-12-14,TCS,2990.21,2967.775726183241,3001.5572587973384,2927.019108865805,7162492
2022-12-15,TCS,3022.4,2993.2020427527136,3057.18062552741,2969.152892822301,1036382
2022-12-16,TCS,3005.21,3021.877944529962,3056.4780771778233,2971.2004003141988,1862219
2022-12-19,TCS,3053.08,3009.3652118967407,3062.3529434325355,2994.7439371142736,6266221
2022-12-20,TCS,3121.3,3048.3689404923625,3162.7873749541463,3010.7330981311025,2718303
2022-12-21,TCS,3153.72,3118.245537648278,3168.759006912404,3110.422891164616,5052127
2022-12-22,TCS,3123.97,3157.857383729905,3204.4407848800247,3095.957919298604,2274856
2022-12-23,TCS,3094.77,3122.4454281473877,3142.3061862939976,3056.927283733469,4801082
2022-12-26,TCS,3081.7,3100.726585010834,3111.549289215392,3054.372424777379,4346668
2022-12-27,TCS,3061.69,3081.284010950737,3099.5377887375557,3033.2849036761454,7696674
2022-12-28,TCS,3059.94,3065.2652655098877,3087.2203033850246,3032.4154279327845,4929268
2022-12-29,TCS,3084.02,3058.7442616328303,3090.0964718148775,3037.938249156812,3707260
2022-12-30,TCS,3095.61,3083.0942206074355,3123.7647504433808,3059.3433950873114,4205677
2023-01-02,TCS,3103.99,3094.159807598258,3133.0646216384007,3054.2354918175056,3506068
2023-01-03,TCS,3095.88,3106.7100341412374,3141.955741417713,3052.284149151954,2635407
2023-01-04,TCS,3094.0,3096.4684386676145,3100.8294382180084,3079.185359577039,5092550
2023-01-05,TCS,3124.44,3099.4921979062947,3151.2393685738784,3077.2875724973874,1483075
2023-01-06,TCS,3049.88,3121.326686962367,3126.759993017019,3019.4605296756945,4959770
2023-01-09,TCS,3050.32,3045.0070570613066,3083.312319318681,3033.79232504331,7803928
2023-01-10,TCS,3061.72,3049.0176534929114,3067.1704488373252,3019.8471486310464,2777310
2023-01-11,TCS,3091.36,3063.149366525025,3133.9100660174918,3051.3363654669556,1327370
2023-01-12,TCS,3054.76,3095.8214376064925,3129.34657070553,3022.014762233116,3928751
2023-01-13,TCS,3016.65,3052.880673606223,3077.619559989226,2974.4767327357563,6451731
2023-01-16,TCS,3038.63,3018.5056832111186,3060.450568929598,3012.6405929886787,7746037
2023-01-17,TCS,2970.04,3036.80923687247,3045.4016360239784,2941.895056904152,3164533
2023-01-18,TCS,3018.35,2971.432587401107,3033.6650821048943,2959.837154188667,1833142
2023-01-19,TCS,3027.41,3022.99594026768,3067.2671467778378,2989.464923304393,5473214
2023-01-20,TCS,3084.88,3024.15683775901,3127.026677450661,3006.1604178218718,5296720
2023-01-23,TCS,3045.5,3083.698387827613,3086.814366114795,3037.05285570309,4682796
2023-01-24,TCS,3030.41,3051.508956622907,3079.9426408602208,2986.72062846435,6291338
2023-01-25,TCS,2943.69,3034.8775156159095,3068.4742425657128,2933.7665287180835,1842653
2023-01-26,TCS,2916.41,2944.4511188131614,2972.9017533586084,2895.9912280464223,2836517
2023-01-27,TCS,2910.79,2916.6039715006386,2922.8557608445453,2891.8832678918334,1351637
2023-01-30,TCS,2843.05,2908.2820677872346,2920.055225719448,2821.2273509586803,7719018
2023-01-31,TCS,2830.39,2843.2457090536163,2856.0538592371663,2822.5856282261616,6097586
2023-02-01,TCS,2777.83,2834.3319577236657,2870.169661516865,2737.851656758218,1177946
2023-02-02,TCS,2783.92,2779.8875332728735,2804.7570624462073,2748.3480342742314,6137956
2023-02-03,TCS,2836.94,2781.581997483701,2859.1123739861837,2773.962341891703,6274413
2023-02-06,TCS,2850.72,2833.552284224774,2890.8823762794336,2820.8943523365083,6088880
2023-02-07,TCS,2922.5,2848.04270112235,2951.4888691424903,2806.02561898071,1864899
2023-02-08,TCS,2965.51,2918.6394850642823,3005.78562277884,2895.985262119149,1263503
2023-02-09,TCS,3029.14,2960.713473761861,3051.528749276969,2938.2535532511442,7410575
2023-02-10,TCS,3017.33,3028.1602086057974,3037.5236058591554,2989.004361698997,3318292
2023-02-13,TCS,3004.69,3012.662789181356,3054.897605018969,2972.129696792787,3026393
2023-02-14,TCS,3033.01,3000.7467957723084,3055.5206108401912,2984.3751650823488,4002083
2023-02-15,TCS,2991.61,3033.5841449633945,3044.3316479313,2955.4386424496156,5526226
2023-02-16,TCS,3024.31,2987.59644733277,3040.137848459019,2976.199603021837,3379897
2023-02-17,TCS,3028.53,3019.034148877756,3033.712530337309,3007.690189201037,2294416
2023-02-20,TCS,3092.85,3026.3178266159,3116.2202187800017,2998.51704249392,2985196
2023-02-21,TCS,3134.4,3089.3899556966917,3174.971029188496,3055.3129716373096,4918198
2023-02-22,TCS,3192.2,3134.591890324998,3237.1146574433037,3100.0308034120853,2560121
2023-02-23,TCS,3180.17,3187.122704829626,3231.922274915982,3153.9402075976623,6878263
2023-02-24,TCS,3236.96,3183.3726956234627,3245.8720641726286,3167.691749178781,1443035
2023-02-27,TCS,3310.17,3242.219846612283,3331.185456203802,3209.875985604852,4099072
2023-02-28,TCS,3326.11,3313.3932472390984,3330.7505974366654,3291.9907375495923,3035115
2023-03-01,TCS,3297.53,3326.5467453494844,3369.699757025541,3265.724605766269,7650723
2023-03-02,TCS,3269.89,3302.287251849534,3322.175543213689,3234.782252633639,7073770
2023-03-03,TCS,3319.42,3272.439446643455,3352.0686147861643,3224.4917725909054,6104961
2023-03-06,TCS,3427.28,3312.9212544275347,3465.0094796639496,3263.4089753482817,7954896
2023-03-07,TCS,3387.87,3425.828069195204,3449.8699323543997,3347.828451056954,6200551
2023-03-08,TCS,3345.78,3392.6259176457734,3410.5735625488387,3314.6297443675426,1689317
2023-03-09,TCS,3383.71,3343.717110599346,3432.6756022452378,3333.4106253729183,5552636
2023-03-10,TCS,3354.05,3377.4192117392404,3426.4013658006647,3341.2334350500114,1751240
2023-03-13,TCS,3395.97,3357.3527952667455,3413.1268111183444,3319.550055913816,5315596
2023-03-14,TCS,3415.89,3400.0728516189297,3442.242742004057,3360.7121333430387,5284874
2023-03-15,TCS,3415.86,3411.252501587846,3465.7992522692057,3370.940055834481,7775996
2023-03-16,TCS,3434.91,3416.370199638187,3438.579025589959,3381.3500914146366,1995791
2023-03-17,TCS,3451.54,3430.677578627843,3474.932796739747,3403.1456434250445,3220943
2023-03-20,TCS,3445.07,3454.5667854668304,3462.8798746549787,3414.5513265394998,4062138
2023-03-21,TCS,3373.42,3441.9219013064735,3469.8985705483033,3333.1272804392684,2541121
2023-03-22,TCS,3381.6,3370.9400656750304,3386.149534855837,3326.5323790715433,7807145
2023-03-23,TCS,3446.38,3386.266213754677,3469.4589526236646,3336.0685060488663,2960299
2023-03-24,TCS,3380.81,3446.0535913127956,3460.1472166537956,3337.385136396825,6079111
2023-03-27,TCS,3342.58,3383.1056301848926,3411.7480751463013,3325.449241342368,3853501
2023-03-28,TCS,3360.63,3341.2746964475355,3410.850955917682,3302.5524634164854,3827433
2023-03-29,TCS,3363.13,3357.9147031379644,3404.1854278772885,3329.5753313046316,7282444
2023-03-30,TCS,3380.67,3364.817996117424,3424.074385898487,3342.2004166339684,6613904
2023-03-31,TCS,3353.24,3376.0027494198443,3409.4039409843454,3344.5744654461546,3459622
2023-04-03,TCS,3400.96,3351.5365518744643,3406.3397673421196,3342.9699285185443,7438359
2023-04-04,TCS,3403.82,3397.001786410672,3417.078448919416,3381.5123831715437,7180509
2023-04-05,TCS,3433.25,3406.485803297489,3481.146940437906,3357.065181368225,2897459
2023-04-06,TCS,3447.4,3439.350319977007,3468.5173370784655,3415.450225995822,5240012
2023-04-07,TCS,3455.63,3454.232898044552,3464.0994525358033,3440.4579996019434,4949842
2023-04-10,TCS,3482.59,3454.9427002178654,3520.3192486435673,3403.9547685713846,6718920
2023-04-11,TCS,3491.36,3479.142659238576,3509.488566066491,3453.729555988993,2215442
2023-04-12,TCS,3442.47,3490.56158700234,3507.1906111655085,3432.1725327452164,6564396
2023-04-13,TCS,3488.35,3447.251858102857,3540.576475199353,3418.4239698976016,5117095
2023-04-14,TCS,3523.58,3484.2477796351077,3569.4356761482354,3432.1843613371752,3580309
2023-04-17,TCS,3435.48,3529.951980785005,3553.6419455055748,3384.4775064121277,4315537
2023-04-18,TCS,3409.47,3433.306932045563,3483.8577653777725,3378.2150629867347,7425148
2023-04-19,TCS,3453.07,3416.0953320111435,3487.951480557491,3372.2672434235474,3591318
2023-04-20,TCS,3378.34,3457.746960765108,3497.1248700151664,3359.091263260382,6151946
2023-04-21,TCS,3417.54,3382.5098247133265,3422.4652991935723,3365.3374640247516,5247328
2023-04-24,TCS,3412.7,3415.0507277552288,3424.27981229508,3370.0082052915586,2451469
2023-04-25,TCS,3468.54,3405.9944159648585,3502.7508751852015,3397.2732515929715,6418063
2023-04-26,TCS,3469.47,3466.904693118317,3516.6073843191602,3436.3498560651074,4300874
2023-04-27,TCS,3440.38,3466.7195342150544,3500.4590775832767,3395.654518849856,5736416
2023-04-28,TCS,3454.06,3434.0138794314507,3463.9950803705997,3419.2459795720506,5063997
2023-05-01,TCS,3453.77,3454.134127671547,3463.186171968262,3440.160913204921,5712838
2023-05-02,TCS,3421.13,3452.430369807876,3496.685702520775,3400.4326308856,7126463
2023-05-03,TCS,3513.16,3422.9713406739384,3523.5246396595708,3412.526204367936,1048926
2023-05-04,TCS,3473.2,3514.8629877587177,3543.9774676288225,3456.9566132903965,6410812
2023-05-05,TCS,3380.69,3467.9311088631853,3473.2009300879545,3371.734147593003,7566575
2023-05-08,TCS,3445.8,3387.1398906085396,3453.1374063826715,3356.90774548858,6991917
2023-05-09,TCS,3422.64,3441.484913278278,3477.3206680654193,3407.1229816832556,7107182
2023-05-10,TCS,3411.41,3421.8907707524827,3458.3289106312604,3407.9867247339644,7012621
2023-05-11,TCS,3397.71,3411.247856275381,3430.9668190695293,3381.2278337077414,4751387
2023-05-12,TCS,3375.44,3401.9647863868895,3415.6357067786876,3330.2042869882907,3779060
2023-05-15,TCS,3345.35,3370.028894191367,3411.790102820891,3319.4451555330984,5557418
2023-05-16,TCS,3306.27,3344.395160557801,3357.904661578086,3283.8629753445434,1483791
2023-05-17,TCS,3309.76,3307.9694514815474,3338.185473197386,3266.417879986938,2670930
2023-05-18,TCS,3294.72,3305.9889338809057,3354.1073508048844,3289.7136165494267,7985552
2023-05-19,TCS,3324.52,3296.3998841416897,3334.726057414111,3255.0568221006974,3158714
2023-05-22,TCS,3344.71,3330.153928902922,3392.112125649131,3288.4797528245495,4448281
2023-05-23,TCS,3308.42,3351.366215474058,3363.2987640769215,3301.182301676649,3050181
2023-05-24,TCS,3313.65,3302.232607165903,3343.2879646077263,3274.2061497624063,1796266
2023-05-25,TCS,3297.97,3310.145327730092,3330.92677748544,3251.4179526915855,3622280
2023-05-26,TCS,3259.64,3295.46759423467,3343.2815349468965,3238.043662632195,5929073
2023-05-29,TCS,3287.53,3258.3247496082176,3303.407416772466,3236.9031179781377,5225872
2023-05-30,TCS,3283.66,3284.140650693099,3305.8002546181365,3237.370279857762,5991582
2023-05-31,TCS,3268.52,3279.7654215528055,3328.174895777075,3263.9941291839996,1661259
2023-06-01,TCS,3235.88,3274.4628733000736,3302.3304694733733,3211.987619577364,1610326
2023-06-02,TCS,3196.87,3241.297142735892,3267.346869685254,3173.9712681051074,2245749
2023-06-05,TCS,3274.06,3191.0771756667273,3289.149811319248,3166.447216022761,1956277
2023-06-06,TCS,3288.1,3271.949056646062,3323.674249317194,3250.845786580179,3226941
2023-06-07,TCS,3245.97,3286.8524758373997,3290.8007131231393,3209.291176959154,2418180
2023-06-08,TCS,3258.09,3242.581396036358,3263.606522451894,3206.9823234114315,5696298
2023-06-09,TCS,3300.52,3259.769517987793,3331.5152500561885,3234.2088413137985,1074723
2023-06-12,TCS,3308.08,3302.373317847657,3327.212095538203,3290.1334078771315,7233146
2023-06-13,TCS,3363.55,3312.717984110597,3411.804931972031,3265.3398362594507,7657794
2023-06-14,TCS,3302.22,3366.790703310709,3412.729450305811,3280.582728407491,4018967
2023-06-15,TCS,3224.24,3302.7823459670935,3339.0861583521514,3212.2938490147235,4726904
2023-06-16,TCS,3235.22,3226.2208024297915,3275.5115532576674,3184.914987135643,7070928
2023-06-19,TCS,3246.86,3232.2952159432944,3280.441123251768,3184.490589772196,7998950
2023-06-20,TCS,3117.66,3248.0685616838296,3257.027220161635,3084.5441722442297,2533017
2023-06-21,TCS,3095.2,3117.5256569721746,3154.0555979805813,3074.257913614972,1792515
2023-06-22,TCS,3058.6,3090.6605111809504,3102.8460199369456,3018.6423407984603,6910838
2023-06-23,TCS,3008.37,3055.4501836974264,3072.341323315565,2981.1915226002748,2393196
2023-06-26,TCS,2972.71,3005.863347305389,3043.3442959269364,2951.1058329384327,2035211
2023-06-27,TCS,2994.8,2977.7553971722914,3020.289816488233,2958.055649362351,3189568
2023-06-28,TCS,2959.07,2991.5702476305314,3030.577840652043,2926.051998877648,4934740
2023-06-29,TCS,2924.99,2956.5754318220665,2968.3499771525135,2897.4963075894893,1647122
2023-06-30,TCS,2868.99,2923.461448547881,2951.2603456797906,2857.2178145072353,4782164
2023-07-03,TCS,2913.48,2870.869105118755,2919.8112065177984,2865.6355271548623,2761331
2023-07-04,TCS,2929.49,2909.0309807667986,2958.7932604995176,2900.4968282444083,2877329
2023-07-05,TCS,2842.7,2934.809311842193,2969.0746090792786,2822.5167419452864,3892970
2023-07-06,TCS,2809.99,2846.8568372294535,2873.0166972743036,2783.981011426822,1315315
2023-07-07,TCS,2828.59,2810.857905571977,2841.9614266795434,2781.797549232455,1150594
2023-07-10,TCS,2872.88,2830.5591270856785,2877.0134921711574,2793.0524974600507,1720892
2023-07-11,TCS,2902.67,2867.3256941385125,2910.4267596882323,2828.5930485308286,7776432
2023-07-12,TCS,2891.1,2900.800039324243,2928.9733104499405,2875.59505021143,5063903
2023-07-13,TCS,2824.9,2894.5191331714614,2935.279413049653,2792.8010054473866,6276425
2023-07-14,TCS,2855.19,2820.1257266106645,2866.3009195082755,2787.8783323403673,5379455
2023-07-17,TCS,2845.82,2852.7038585452005,2884.9119294473176,2842.902268299076,4959015
2023-07-18,TCS,2848.97,2846.7909576800416,2886.3778731993043,2811.5788961610797,3132942
2023-07-19,TCS,2843.7,2846.1941120940937,2869.7957512576763,2806.939025532817,3672452
2023-07-20,TCS,2798.24,2848.636412660299,2878.175977893995,2760.1324293241764,3214979
2023-07-21,TCS,2811.25,2794.110454012247,2846.138215326081,2774.879359669181,4405851
2023-07-24,TCS,2819.68,2814.5941995546727,2832.7899674028913,2797.1158329202126,1196211
2023-07-25,TCS,2806.06,2819.7696510703786,2834.3099044871406,2778.3170206465334,2836082
2023-07-26,TCS,2822.71,2808.869772707189,2825.557508164472,2787.791414792896,7727348
2023-07-27,TCS,2776.96,2820.572817057512,2861.424069636861,2765.9565554603387,3237699
2023-07-28,TCS,2768.78,2777.1209481841456,2815.5719331998903,2758.9604064283226,5340496
2023-07-31,TCS,2770.42,2772.7319943184266,2805.183926727472,2766.017162819258,5458434
2023-08-01,TCS,2713.52,2770.0529536934905,2775.8896333638013,2704.13054731226,2813065
2023-08-02,TCS,2712.42,2711.997388158763,2732.125841033102,2692.763306351803,7979246
2023-08-03,TCS,2737.06,2712.8122743711187,2743.701433817755,2678.9433489649305,5957161
2023-08-04,TCS,2727.86,2739.4397395873025,2742.789755906153,2690.752074259214,5587281
2023-08-07,TCS,2727.51,2727.2441948306064,2753.766542792258,2688.416873202468,6507200
2023-08-08,TCS,2746.68,2732.2981653538814,2786.373953206281,2716.8097551764477,5802850
2023-08-09,TCS,2734.67,2744.4271271839225,2781.861531251944,2724.566782401689,1377332
2023-08-10,TCS,2725.66,2734.40160423953,2763.8089106158636,2704.1860929583017,1084153
2023-08-11,TCS,2687.94,2728.4611897758423,2734.8811721311336,2649.679857867433,6960158
2023-08-14,TCS,2688.21,2689.9733845759483,2702.988273461373,2668.0392529465107,5978234
2023-08-15,TCS,2678.16,2692.1201740540732,2706.8751306261815,2673.0728073914242,7711787
2023-08-16,TCS,2694.95,2683.4821379013315,2726.4380674736994,2665.681486358192,5952576
2023-08-17,TCS,2713.92,2694.1615474127448,2747.115281295137,2684.279322009249,2126018
2023-08-18,TCS,2740.45,2709.698778382646,2757.9655470464677,2699.4077138610414,4972162
2023-08-21,TCS,2724.5,2735.3025128022405,2754.040363359154,2719.1867002529334,7166994
2023-08-22,TCS,2654.11,2726.972504523111,2731.398725995958,2642.918156168786,5172060
2023-08-23,TCS,2678.47,2658.080693700629,2691.990686366563,2646.033759508675,7603352
2023-08-24,TCS,2693.08,2675.477748160298,2712.78793918935,2644.114292530689,2308064
2023-08-25,TCS,2673.3,2689.4006929599814,2696.494693657124,2635.443270848078,1078947
2023-08-28,TCS,2691.85,2668.6185714847024,2711.6236421992676,2647.927150542896,2953980
2023-08-29,TCS,2645.81,2695.3246714392976,2730.214197532689,2610.7320598041865,3538361
2023-08-30,TCS,2679.26,2643.813809801549,2703.7444021743195,2639.7707370906555,4969411
2023-08-31,TCS,2669.29,2678.2064816675825,2683.8441544403036,2640.085155775082,7387952
2023-09-01,TCS,2643.48,2669.3193642358465,2679.151531080994,2635.3941731986724,6969677
2023-09-04,TCS,2624.5,2647.069351342273,2667.302545965818,2599.374991603814,1968410
2023-09-05,TCS,2617.94,2626.083447159953,2641.9996664942255,2590.5163441626028,3410912
2023-09-06,TCS,2618.3,2619.14492918836,2634.9178868764466,2613.304859660752,3599087
2023-09-07,TCS,2620.55,2614.9032490372583,2642.588155357257,2588.9804475404553,4936642
2023-09-08,TCS,2607.77,2620.688259082881,2644.7502207670796,2582.9023853940425,3467286
2023-09-11,TCS,2614.77,2610.016656620672,2646.5553061935548,2574.7430251382452,4367764
2023-09-12,TCS,2615.76,2619.719873436487,2634.844909664643,2601.0757859685114,4611880
2023-09-13,TCS,2596.17,2612.635802269552,2644.709898752121,2567.7257171175775,1694934
2023-09-14,TCS,2572.03,2591.07676466773,2605.950989064528,2554.5362308293156,2040835
2023-09-15,TCS,2591.53,2567.6606501850333,2596.132717553632,2550.4032074450997,2878292
2023-09-18,TCS,2608.56,2590.2430717563725,2631.4074043446703,2577.470054082194,7626532
2023-09-19,TCS,2611.08,2611.904639785297,2636.014171766949,2599.1561919560118,5463786
2023-09-20,TCS,2640.76,2605.9324341874535,2677.9513109863974,2585.612243659793,6386452
2023-09-21,TCS,2579.35,2640.302943521877,2669.7815524547204,2552.6121671207115,1142617
2023-09-22,TCS,2562.6,2577.5881039507235,2613.2846502514876,2554.2057232834486,7877224
2023-09-25,TCS,2527.76,2558.0127585212063,2593.10066382129,2500.809323915283,7952057
2023-09-26,TCS,2596.91,2527.2568371039984,2621.48725373739,2507.3044661518993,2268962
2023-09-27,TCS,2619.86,2594.362417862279,2641.8371381428924,2570.0209063014195,6134629
2023-09-28,TCS,2618.11,2618.3078360084496,2641.35987257857,2610.1799998232755,3101847
2023-09-29,TCS,2643.51,2620.263293942435,2682.3606918276405,2596.803708357188,5926730
2023-10-02,TCS,2679.66,2643.7378809659144,2711.3452315161326,2618.3722434701835,2030120
2023-10-03,TCS,2715.96,2675.6367309182992,2722.716555254919,2661.3422265025692,2034780
2023-10-04,TCS,2746.76,2720.9727337408362,2779.4409441485527,2703.1073044053696,4684334
2023-10-05,TCS,2738.88,2748.253257019284,2757.5630547529267,2701.9091069025517,2464123
2023-10-06,TCS,2723.17,2741.792726854714,2761.7061143242217,2701.696070677204,6626306
2023-10-09,TCS,2692.49,2718.5865034948333,2729.3152295386553,2679.826404881247,2756608
2023-10-10,TCS,2709.47,2687.611836864449,2738.3371347999837,2684.6260256366654,3567228
2023-10-11,TCS,2705.06,2704.261835636123,2740.9895166498086,2687.5171969112225,1749045
2023-10-12,TCS,2692.24,2701.692676691075,2715.376929477761,2665.813249272743,6311634
2023-10-13,TCS,2677.79,2691.318267458694,2697.0996238093326,2646.1013608940775,1872109
2023-10-16,TCS,2725.14,2682.458203447059,2739.253236738032,2674.99995910085,5034480
2023-10-17,TCS,2757.05,2724.6719262394063,2785.7593436457673,2714.873768863332,1387405
2023-10-18,TCS,2818.38,2754.7368913530695,2834.1703735561564,2722.4373795205984,7805360
2023-10-19,TCS,2837.06,2819.078228319259,2850.943352685122,2784.7104206957515,5561786
2023-10-20,TCS,2839.8,2832.6561404569725,2849.9724267590964,2818.526610499529,5758669
2023-10-23,TCS,2839.73,2841.043899317104,2863.6734673477645,2809.6553534630957,5536363
2023-10-24,TCS,2805.75,2840.5073130946835,2854.3215057096636,2775.6992479990568,2708175
2023-10-25,TCS,2764.07,2809.027037813912,2840.5840545508904,2728.502122644972,4387232
2023-10-26,TCS,2781.67,2769.4509545065694,2787.4356053172946,2738.1441317593453,4101004
2023-10-27,TCS,2751.25,2778.8980488402744,2807.510868290214,2726.4477723495747,6534693
2023-10-30,TCS,2759.0,2751.356269241095,2770.934993122695,2738.314116152804,3932208
2023-10-31,TCS,2796.7,2763.5122386241364,2818.653842331362,2735.071036532825,2910155
2023-11-01,TCS,2775.15,2799.890362199061,2813.9045383771063,2746.289718657905,2708086
2023-11-02,TCS,2842.88,2775.010202408201,2874.489304591206,2744.4539699289585,5187442
2023-11-03,TCS,2809.88,2847.9445526210275,2888.483045675394,2786.546675963323,4812197
2023-11-06,TCS,2844.06,2804.903552961516,2883.4191593958644,2769.9233588890047,4900838
2023-11-07,TCS,2859.35,2848.9631437375187,2885.5644264758116,2825.598313459588,1681376
2023-11-08,TCS,2901.12,2854.208973249639,2922.8103520417876,2839.5339373281695,2715872
2023-11-09,TCS,2863.08,2901.6689469569837,2937.8127363892113,2821.327896348,7433564
2023-11-10,TCS,2943.14,2867.551454677611,2974.2388921126585,2824.9307831245496,1956740
2023-11-13,TCS,2937.65,2940.346618071332,2950.8433544035215,2896.6748374382155,6387973
2023-11-14,TCS,2962.33,2937.3239032117053,2999.33800059687,2915.2917441098675,3210846
2023-11-15,TCS,3014.5,2960.248416674135,3035.6147078856247,2951.2562807236854,5428760
2023-11-16,TCS,2993.48,3019.951951352107,3030.962089879964,2948.7825017187924,3309231
2023-11-17,TCS,3023.97,2997.3553064599255,3038.924024271498,2991.7000711061623,7734688
2023-11-20,TCS,2996.83,3026.498057200822,3040.8599357801572,2956.336530845619,5610764
2023-11-21,TCS,3047.9,2997.880412729191,3073.102773130514,2988.2505295107426,2504819
2023-11-22,TCS,3020.95,3051.8085268587242,3064.8738723619817,2996.057271431853,7012553
2023-11-23,TCS,3023.19,3019.648176476362,3031.4430995666658,3002.2278364792155,7414807
2023-11-24,TCS,3035.15,3022.5557571713525,3043.4410339933647,2998.827369940006,5495433
2023-11-27,TCS,3064.56,3037.942358894954,3092.649348637864,3012.662653658642,6215784
2023-11-28,TCS,3137.81,3062.8163237495974,3173.225300618022,3052.674089263725,2967582
2023-11-29,TCS,3121.67,3132.336416059875,3149.568846211629,3107.879739683077,1840268
2023-11-30,TCS,3165.2,3116.3548524740854,3169.9006699738457,3090.6998703637682,7129026
2023-12-01,TCS,3240.92,3160.330185354771,3249.9334795280065,3117.8645221386164,6770938
2023-12-04,TCS,3248.28,3245.7124303778037,3293.124856650323,3202.2706513958246,6023601
2023-12-05,TCS,3227.74,3247.9191346170214,3273.608912292131,3215.5441537051793,7345267
2023-12-06,TCS,3161.64,3230.488515755315,3254.2326688063595,3137.647795897081,7557601
2023-12-07,TCS,3233.97,3160.2856714872873,3238.926668616512,3134.188816046286,4730864
2023-12-08,TCS,3225.39,3230.8487137704547,3267.037186293238,3207.74045878239,1052635
2023-12-11,TCS,3187.54,3223.4185405813337,3250.4725413206343,3178.053186611148,5215250
2023-12-12,TCS,3136.47,3191.2908719719694,3203.5107494981953,3117.037134517612,1983638
2023-12-13,TCS,3099.59,3138.040946478709,3146.014810957322,3086.199370214878,7911596
2023-12-14,TCS,3134.67,3105.016015542239,3154.629792082878,3091.7072565795834,6596127
2023-12-15,TCS,3175.34,3136.9232607130457,3215.7311741994185,3105.5153193609453,7776716
2023-12-18,TCS,3201.08,3176.231402170304,3243.0593595059404,3140.7756542769794,4975904
2023-12-19,TCS,3207.06,3202.490984961777,3237.334163177962,3190.373710023803,4263457
2023-12-20,TCS,3160.02,3212.734846994646,3248.670924692724,3129.3061953585966,5186080
2023-12-21,TCS,3133.23,3163.6628828095895,3171.9269429572596,3125.8565826600397,3791671
2023-12-22,TCS,3092.5,3127.2648469046144,3156.141275332722,3049.1297587149306,3061892
2023-12-25,TCS,3114.62,3092.9223080411984,3146.817446071533,3049.049344806011,4431543
2023-12-26,TCS,3075.75,3116.966410333485,3128.841989396605,3069.531012636047,7963266
2023-12-27,TCS,3050.25,3078.809737380237,3119.8261525868124,3032.1875444277466,5078140
2023-12-28,TCS,3044.39,3046.7500469977495,3058.114285513639,3014.903228786888,4596219
2023-12-29,TCS,2984.24,3048.8613242644724,3065.290671567294,2971.0223408923544,6671614
2024-01-01,TCS,2986.75,2989.6813814141037,3018.644804318689,2970.0617593964794,4465685
2024-01-02,TCS,2983.74,2983.604537758929,3013.389128726664,2961.03898364509,1096748
2024-01-03,TCS,3026.98,2988.3065001808495,3059.6453107258344,2947.6183966141643,4909308
2024-01-04,TCS,2998.05,3022.100251098244,3029.861500115993,2987.1686201635625,2448598
2024-01-05,TCS,2952.15,2992.7219475200613,3031.3056212707684,2943.660575073149,5823325
2024-01-08,TCS,2939.72,2947.7716521658936,2972.7093872188143,2902.7099883195674,1958395
2024-01-09,TCS,2901.81,2934.519530424523,2956.817492093772,2892.83517503553,1915767
2024-01-10,TCS,2903.98,2905.814639839604,2948.632884245368,2896.1098144794423,1301364
2024-01-11,TCS,2839.98,2898.857961754016,2931.8043410069326,2819.22542778458,2327878
2024-01-12,TCS,2820.15,2837.386123480756,2844.9111108780735,2803.755076326048,4042244
2024-01-15,TCS,2789.52,2815.680133808891,2848.3182261932006,2762.6048210849754,7446716
2024-01-16,TCS,2809.31,2787.237302714952,2815.86548295779,2756.4246258556664,4369415
2024-01-17,TCS,2782.77,2804.7090184717035,2808.592384572092,2769.1560325857968,3418126
2024-01-18,TCS,2725.57,2784.6400576242804,2803.1600373895863,2717.5738646986424,3109571
2024-01-19,TCS,2719.73,2721.5724262832755,2762.151328128582,2703.838850803405,4703713
2024-01-22,TCS,2730.94,2723.557703679527,2740.3573055139677,2702.211189806925,4492804
2024-01-23,TCS,2722.81,2734.4049189122857,2762.8892718538523,2688.0259572217537,1381856
2024-01-24,TCS,2703.6,2717.513172695265,2726.827571184081,2665.069433655577,4643512
2024-01-25,TCS,2682.57,2707.8795430990826,2738.064324158504,2659.069841960671,4765444
2024-01-26,TCS,2686.96,2677.515440623065,2708.6570712937164,2639.202588076749,6906213
2024-01-29,TCS,2659.03,2684.161754553398,2712.3980731255538,2640.338840127924,1763361
2024-01-30,TCS,2649.29,2654.056434756082,2664.2486072024817,2623.7460986697274,3708089
2024-01-31,TCS,2673.89,2647.5504071671135,2704.476083988605,2635.902900129238,5579097
2024-02-01,TCS,2632.89,2674.038310257758,2713.9848776779704,2604.66299419169,5016899
2024-02-02,TCS,2632.24,2636.0141332367252,2663.215445154208,2614.608618987123,4308085
2024-02-05,TCS,2576.47,2630.5341142256343,2651.3382719145216,2557.217506486149,4955199
2024-02-06,TCS,2584.24,2578.587755535478,2620.224084076892,2540.079058840953,6242329
2024-02-07,TCS,2554.61,2581.0097460730603,2584.163548449245,2518.8798235298,4998880
2024-02-08,TCS,2586.58,2557.1707252943324,2615.5986580712,2529.2084597102717,4268896
2024-02-09,TCS,2541.46,2583.8485364036505,2618.5817943538987,2534.7284123661543,2661127
2024-02-12,TCS,2555.66,2537.8363330217635,2560.4223297292738,2504.992186543028,5253459
2024-02-13,TCS,2593.82,2552.4440479301875,2612.757216251109,2539.560639246113,6768084
2024-02-14,TCS,2562.47,2590.5213159398254,2600.5364587851955,2558.9520667467555,5656630
2024-02-15,TCS,2536.68,2562.601842970069,2585.4890917459984,2526.7056365938483,3854135
2024-02-16,TCS,2508.65,2540.1785645129935,2565.8181144799614,2479.552758342347,7571390
2024-02-19,TCS,2494.73,2504.431505105589,2517.546523079724,2489.0348149255447,1476377
2024-02-20,TCS,2510.92,2496.7952005457405,2529.600600436394,2462.597845558647,1398422
2024-02-21,TCS,2494.52,2512.470206449886,2524.808326535729,2473.4512521156953,1121937
2024-02-22,TCS,2461.66,2498.2370338809496,2513.654844533253,2455.3226697760333,2133629
2024-02-23,TCS,2402.72,2459.14071313519,2467.0924906884256,2388.2501472292392,1378355
2024-02-26,TCS,2449.58,2402.2405118386387,2482.3990618254584,2380.1183363935293,2891369
2024-02-27,TCS,2499.66,2453.752392879557,2502.509976720015,2427.0049708002753,4993611
2024-02-28,TCS,2517.17,2501.259716910261,2550.78360504577,2476.875915609644,2348416
2024-02-29,TCS,2493.39,2516.0500447432114,2538.703312132263,2473.7550148629102,4115848
2024-03-01,TCS,2516.46,2489.71386928515,2530.6609117798075,2463.4887546054906,2675259
2024-03-04,TCS,2545.82,2514.069212091926,2574.136646075952,2510.462905684494,2039474
2024-03-05,TCS,2538.76,2546.6470399476084,2567.2966041915092,2533.842643114975,2959129
2024-03-06,TCS,2540.73,2540.9755042341953,2561.271599977266,2533.5890256721063,7609001
2024-03-07,TCS,2579.0,2536.9130296823246,2585.5557972670717,2513.841372721736,1549391
2024-03-08,TCS,2528.95,2580.027445334614,2596.676941302664,2515.4914965338444,1427479
2024-03-11,TCS,2559.96,2529.4593434664766,2571.1595711594714,2523.488833681804,7024945
2024-03-12,TCS,2551.18,2560.1029015412414,2563.2255683112135,2543.286681805274,6712717
2024-03-13,TCS,2517.84,2553.120153181472,2568.544560077695,2494.677327805729,2360764
2024-03-14,TCS,2487.41,2521.23857635394,2526.9302971783472,2454.0125525612257,6824898
2024-03-15,TCS,2462.3,2485.648811071324,2497.0719097732613,2427.9726450281773,4171553
2024-03-18,TCS,2427.23,2466.131458862841,2471.7918044212465,2410.4308902749044,6974496
2024-03-19,TCS,2479.51,2423.9351188942246,2485.493510779767,2409.3837299983747,3594545
2024-03-20,TCS,2494.81,2476.267037661147,2504.2557451438793,2468.5851533017217,4182999
2024-03-21,TCS,2527.38,2492.4825624481987,2565.2853657694204,2465.3025642358343,2125832
2024-03-22,TCS,2545.14,2523.5336397163037,2547.762965290923,2491.5972789524385,4247727
2024-03-25,TCS,2547.73,2542.3944986860374,2573.0580460931224,2517.748734039137,3853502
2024-03-26,TCS,2550.73,2543.718973762802,2558.324573530142,2518.154729665235,6790740
2024-03-27,TCS,2539.27,2554.0128141703085,2589.484971799909,2505.890192172165,1562834
2024-03-28,TCS,2530.36,2535.6029791681117,2541.4624039532678,2516.2202398565846,1840597
2024-03-29,TCS,2488.31,2532.863007390989,2569.2624894278815,2468.706315402508,1850122
2024-04-01,TCS,2521.31,2483.8102782266697,2545.3959973403635,2471.6289736422837,5641184
2024-04-02,TCS,2467.16,2525.8334351478566,2528.4041098980047,2442.3346359365314,3572703
2024-04-03,TCS,2436.51,2469.2438628861796,2502.6184117647153,2411.0724237374366,1730559
2024-04-04,TCS,2496.02,2431.7032194343824,2516.74686326627,2411.3159702686985,1521727
2024-04-05,TCS,2500.8,2498.654364406519,2512.4971826376022,2491.867276641496,7328404
2024-04-08,TCS,2506.83,2500.9408642698086,2536.264968448001,2464.837127630842,2862015
2024-04-09,TCS,2526.7,2509.6312839598045,2562.006381970083,2500.2644853334336,6867987
2024-04-10,TCS,2480.71,2526.927370748095,2546.5658202386935,2456.314267648347,3450503
2024-04-11,TCS,2439.91,2482.109367098338,2495.5568117517355,2432.5040591009615,2532713
2024-04-12,TCS,2427.57,2442.7044938772597,2472.1274355663545,2418.4201054142354,3960356
2024-04-15,TCS,2401.93,2426.6485726403034,2452.237574483717,2377.628851441413,5740616
2024-04-16,TCS,2400.44,2397.152159145193,2432.707998169309,2384.4814636455844,7010648
2024-04-17,TCS,2415.1,2403.8001022669064,2440.9299682910732,2373.115254051703,3005464
2024-04-18,TCS,2456.04,2413.949353259099,2466.869654780591,2408.0302087847863,3876673
2024-04-19,TCS,2480.63,2456.001123107223,2515.4660563862158,2433.069133380745,2282322
2024-04-22,TCS,2451.73,2475.7458046621055,2481.855203725301,2430.593043859087,5605677
2024-04-23,TCS,2441.38,2451.6524469781425,2463.3007344104135,2428.8816644482895,5017641
2024-04-24,TCS,2423.11,2446.130802449797,2466.3914299973503,2414.6091566034665,2543912
2024-04-25,TCS,2394.23,2420.960872606426,2442.5567838065263,2366.2385744090216,4496425
2024-04-26,TCS,2359.16,2393.2284291406495,2396.1346418063426,2345.615831143891,2705692
2024-04-29,TCS,2406.94,2360.9264446082757,2435.6500240336245,2338.469247611888,2008507
2024-04-30,TCS,2407.92,2409.9707578804378,2424.581211523688,2384.2305000267465,1626776
2024-05-01,TCS,2402.11,2407.1243425571074,2423.2276663860434,2389.283601047245,3718181
2024-05-02,TCS,2416.74,2400.281214761119,2446.5412405395155,2377.2878788944686,2761987
2024-05-03,TCS,2432.9,2420.9724444954236,2448.251519892275,2396.3887258118434,7523229
2024-05-06,TCS,2466.24,2434.6239039576617,2470.3367903116896,2426.5955799908106,1982099
2024-05-07,TCS,2444.93,2462.4816604079724,2471.0268578536775,2411.7226324681337,4486082
2024-05-08,TCS,2457.43,2440.714235348351,2492.774341860906,2427.1987722636463,2550642
2024-05-09,TCS,2431.24,2457.268299639311,2462.1476360511383,2403.237355769593,2791825
2024-05-10,TCS,2426.38,2428.517887088707,2443.013799759109,2390.5107647360314,4110041
2024-05-13,TCS,2428.71,2423.9922941035884,2448.2477778473294,2393.291703929544,3494903
2024-05-14,TCS,2433.89,2432.379219086564,2453.1321678199142,2416.5523633729103,1516031
2024-05-15,TCS,2437.79,2429.8941954036927,2440.362939132658,2417.569239122162,1047367
2024-05-16,TCS,2461.93,2439.890049945855,2481.6655158883996,2404.011000668689,7005712
2024-05-17,TCS,2444.99,2459.676272991461,2475.3513333920573,2409.5619878246557,6695908
2024-05-20,TCS,2451.0,2447.5359995922036,2486.806930317474,2441.7490200394873,2632748
2024-05-21,TCS,2429.37,2453.180521213281,2461.099945239283,2395.4226673749126,5862944
2024-05-22,TCS,2515.19,2424.583090654447,2530.1759013180654,2418.566609479083,7699418
2024-05-23,TCS,2488.35,2515.281909196905,2532.5687897757543,2458.9733431207487,1364716
2024-05-24,TCS,2468.12,2484.7600025359015,2500.8356779777655,2456.6685382609708,3674691
2024-05-27,TCS,2494.95,2471.7355690348477,2520.7019547283,2445.377637135981,6327701
2024-05-28,TCS,2482.79,2498.65835279379,2508.6959131696303,2475.397563183271,6850751
2024-05-29,TCS,2509.8,2481.9790791495498,2520.0776353655356,2469.088593468511,1244697
2024-05-30,TCS,2515.11,2509.241776492754,2543.3017504815757,2485.7186094788885,6253087
2024-05-31,TCS,2503.65,2513.130939814903,2533.2462088941243,2468.769734951501,5920791
2024-06-03,TCS,2481.73,2505.8192254415653,2522.889315711625,2469.9611463824476,6270637
2024-06-04,TCS,2458.93,2480.3269426578545,2488.6827740304825,2443.2823200617963,1454623
2024-06-05,TCS,2448.05,2456.6460717975115,2465.5523500866207,2411.4290424318024,2310646
2024-06-06,TCS,2443.61,2447.3863929808804,2450.1953144269974,2407.2781083595396,1041340
2024-06-07,TCS,2419.9,2439.617019259227,2445.1792674198,2411.002273621606,7534411
2024-06-10,TCS,2417.4,2422.2870203796742,2443.59283139636,2389.9180210001145,1969738
2024-06-11,TCS,2386.34,2412.687002161738,2445.22503908078,2371.797337033047,1892743
2024-06-12,TCS,2408.66,2387.7191619268365,2420.752211964511,2367.0868851296914,3014751
2024-06-13,TCS,2436.71,2405.604513884053,2450.327459199387,2398.599442140784,6842488
2024-06-14,TCS,2416.8,2434.1017850538046,2440.4754283629823,2411.5735626540454,2413285
2024-06-17,TCS,2395.43,2418.111181657253,2433.685832530458,2392.927513388552,4140283
2024-06-18,TCS,2401.22,2400.153246264961,2404.872505020243,2369.3150642553874,3525525
2024-06-19,TCS,2438.35,2403.887443156443,2472.1123932082223,2396.871689602147,2330657
2024-06-20,TCS,2482.53,2435.6760042689275,2508.4067976108345,2408.2120505797866,1964211
2024-06-21,TCS,2441.44,2479.312886940529,2516.1814678993637,2425.0125811344687,6516243
2024-06-24,TCS,2471.6,2445.016542315145,2504.619400204266,2425.6540154169115,6252279
2024-06-25,TCS,2470.47,2471.048180182731,2489.882184004133,2434.035097951679,7942477
2024-06-26,TCS,2469.91,2466.883399351211,2490.3499635740404,2462.0946801620303,1945161
2024-06-27,TCS,2485.56,2473.488518466308,2494.6771947745374,2439.0985656916696,6000783
2024-06-28,TCS,2471.91,2488.702666034838,2507.2896683216013,2458.6483632070244,3328767
2024-07-01,TCS,2505.14,2476.694691919924,2539.3160974580246,2466.763383242135,3707133
2024-07-02,TCS,2548.64,2509.2458611973257,2553.0031389746123,2499.5451916909337,5819523
2024-07-03,TCS,2594.05,2552.2263477148954,2628.0055833474485,2518.784330035708,4086810
2024-07-04,TCS,2537.38,2589.407422466567,2604.3567686444917,2515.218470574279,4845979
2024-07-05,TCS,2531.1,2533.3650058810285,2567.801489147045,2522.524643795376,7429308
2024-07-08,TCS,2473.03,2531.798413452412,2567.6798674236093,2446.414036747002,3694991
2024-07-09,TCS,2451.01,2473.3413964817296,2499.044628428761,2430.295243531621,7622266
2024-07-10,TCS,2381.18,2450.597869673384,2475.843764766838,2354.556299059866,2797555
2024-07-11,TCS,2394.71,2380.196947223563,2412.2837247607627,2359.9408043914545,1053010
2024-07-12,TCS,2401.68,2394.051076240838,2432.175483450749,2387.897720774778,6805333
2024-07-15,TCS,2389.89,2402.345725849811,2437.0898397776887,2369.2694058790407,6516552
2024-07-16,TCS,2367.87,2385.130070594589,2413.3965933934155,2350.7805334301765,1907272
2024-07-17,TCS,2377.45,2365.6035579400236,2400.528178827378,2343.4985728343954,5374984
2024-07-18,TCS,2349.26,2377.623836487805,2400.1996138651207,2329.1541885133715,3496282
2024-07-19,TCS,2319.49,2351.34817356788,2381.6631147637027,2285.190399641246,6804304
2024-07-22,TCS,2286.67,2316.4668388257764,2336.334833734998,2261.453602833658,5074411
2024-07-23,TCS,2281.72,2287.0988070946582,2315.1250037185055,2261.4404014458582,6591032
2024-07-24,TCS,2266.41,2283.677347799663,2302.230841365652,2252.5240632610353,1536364
2024-07-25,TCS,2256.6,2265.90801428069,2270.1548240585016,2236.9692206108307,7153223
2024-07-26,TCS,2271.36,2252.331245144959,2285.8405062940237,2229.198538813204,6923023
2024-07-29,TCS,2298.25,2270.8990788976503,2314.8483600335594,2249.174255562787,1903057
2024-07-30,TCS,2338.9,2296.378717853032,2345.8761000401887,2269.7225985103883,2750652
2024-07-31,TCS,2341.24,2342.9196298698103,2348.624518762738,2336.423881924427,2623162
2024-08-01,TCS,2351.66,2337.724519372342,2371.6409010491434,2319.7343386262264,4986464
2024-08-02,TCS,2357.65,2353.0942864221124,2362.81799452617,2318.2396240558483,5264139
2024-08-05,TCS,2310.94,2353.431879028394,2365.766762327364,2276.9050479100492,3619909
2024-08-06,TCS,2301.34,2310.4424124462357,2336.837732926902,2298.1675174057277,3733864
2024-08-07,TCS,2291.9,2301.8369006124763,2335.2182556200364,2264.627106171137,1663478
2024-08-08,TCS,2278.49,2290.0477316283404,2315.353189884308,2270.0106360197274,5139524
2024-08-09,TCS,2278.01,2278.080561139107,2312.016575230133,2245.6983740759124,2302970
2024-08-12,TCS,2272.65,2274.944288717911,2299.460752717626,2267.8689769096845,3416207
2024-08-13,TCS,2246.39,2270.869368265974,2282.4806017298874,2240.194092580135,1990993
2024-08-14,TCS,2242.95,2247.4782081488597,2270.871614510245,2227.238817721555,7394544
2024-08-15,TCS,2226.37,2241.171789741175,2265.4441166088086,2193.25493076862,2588049
2024-08-16,TCS,2157.02,2229.929903989909,2243.764785561526,2132.4501449608015,1959296
2024-08-19,TCS,2121.46,2158.127905503083,2160.821235982982,2101.7209116296995,2813948
2024-08-20,TCS,2124.32,2120.939385386605,2147.35781913512,2102.7860480759878,6407879
2024-08-21,TCS,2152.75,2120.400688533346,2155.556758321462,2097.4314536299894,1262530
2024-08-22,TCS,2090.65,2152.7461107144472,2173.9218843475855,2060.254604450465,4631097
2024-08-23,TCS,2069.4,2092.864217802395,2099.751061346442,2055.4559351535413,6708824
2024-08-26,TCS,2080.69,2067.4593795733076,2099.246528458101,2051.618847656725,3042361
2024-08-27,TCS,2103.2,2083.24320279453,2120.140818249726,2060.24838285463,1217767
2024-08-28,TCS,2093.19,2101.1119999614325,2103.6106234255717,2062.9050228177985,2109970
2024-08-29,TCS,2076.62,2095.900650807179,2108.6439812859257,2074.3862185349635,4870033
2024-08-30,TCS,2107.6,2073.1750397742303,2127.443636421662,2056.0667984262395,6882545
2024-09-02,TCS,2128.32,2110.6870751392494,2155.733808151521,2101.3664063582423,1646004
2024-09-03,TCS,2150.85,2128.3130740290017,2179.7595524676335,2109.8657001596985,1187486
2024-09-04,TCS,2139.37,2149.099531498539,2165.806415444833,2108.572451152288,2628782
2024-09-05,TCS,2168.56,2137.3599613381625,2192.843350166813,2114.563757229737,4388284
2024-09-06,TCS,2118.55,2167.970243270696,2179.7431109877657,2096.266120749193,2426360
2024-09-09,TCS,2147.9,2122.77904525683,2160.337650533006,2115.852291259414,2733391
2024-09-10,TCS,2146.79,2145.4971648334586,2154.7814027368354,2132.965787242226,1366590
2024-09-11,TCS,2150.71,2143.3827578785877,2169.78093387501,2119.496940400919,1094702
2024-09-12,TCS,2126.92,2151.44154395086,2163.0677148504087,2123.8324765010893,3202661
2024-09-13,TCS,2081.22,2126.8225229708846,2131.4615324134566,2059.3704900939233,5550056
2024-09-16,TCS,2084.49,2081.421431053049,2106.564926726239,2079.288549311181,2162886
2024-09-17,TCS,2098.87,2085.8819008341748,2121.765617647854,2083.68398977159,5075341
2024-09-18,TCS,2117.15,2096.9150626957176,2129.937361291853,2071.0746677626075,3929386
2024-09-19,TCS,2132.85,2120.627757579908,2137.273803035416,2098.103246103168,4869108
2024-09-20,TCS,2142.87,2132.3011926649156,2157.8018782556915,2114.8261715125755,5753214
2024-09-23,TCS,2119.72,2139.6907197399396,2155.080865504107,2107.6321046450385,7401391
2024-09-24,TCS,2139.84,2121.774422082496,2162.0117218887585,2105.633371744449,7551896
2024-09-25,TCS,2113.84,2141.064881671623,2152.6605239712803,2110.8218181715474,4263647
2024-09-26,TCS,2142.52,2112.2820441356275,2165.137276524838,2102.0075838382863,4017253
2024-09-27,TCS,2140.96,2143.5614251864695,2171.8582357000996,2115.2013135702896,1958101
2024-09-30,TCS,2140.25,2138.560942616431,2149.5061630303194,2109.629133701906,5890618
2024-10-01,TCS,2163.09,2139.7777697553142,2194.8979654370637,2128.303464108415,1069519
2024-10-02,TCS,2189.69,2166.5458609303,2203.724060246899,2138.8537957143367,5905779
2024-10-03,TCS,2210.56,2186.4802143000393,2221.0416390265414,2177.7943686587296,1960655
2024-10-04,TCS,2189.41,2209.558142817937,2224.806649479217,2166.1026650553304,2196688
2024-10-07,TCS,2210.06,2192.222449744428,2215.190797198345,2169.3718314974317,3141924
2024-10-08,TCS,2189.07,2214.2104122285664,2220.3213732198833,2156.5648881155935,3219583
2024-10-09,TCS,2210.38,2188.6665643498277,2225.41517420233,2177.3164847859084,3979674
2024-10-10,TCS,2173.2,2210.44188728149,2236.2470794810865,2144.048209583042,3292056
2024-10-11,TCS,2171.36,2173.827376429394,2203.400931317924,2162.284427589537,1158988
2024-10-14,TCS,2150.58,2175.1151338432715,2197.5350283971297,2133.1305154064216,3611895
2024-10-15,TCS,2173.63,2153.6614094421575,2179.005547345933,2145.0035127039346,7055684
2024-10-16,TCS,2203.33,2170.7660348900454,2226.262868236473,2155.9504949409534,3027787
2024-10-17,TCS,2209.21,2202.772626411188,2231.072322033747,2172.273181586545,5233384
2024-10-18,TCS,2214.23,2208.8918775439033,2241.4222829712367,2199.435904566733,5300546
2024-10-21,TCS,2233.56,2216.790501133184,2261.598953766427,2185.704875307568,6023458
2024-10-22,TCS,2264.24,2234.479269707489,2294.0257218522247,2215.9371676556734,7805536
2024-10-23,TCS,2265.88,2265.636768555778,2281.2830924275627,2237.1189470598206,6852373
2024-10-24,TCS,2252.93,2270.3954448271256,2294.8478342923563,2242.865468895304,1927281
2024-10-25,TCS,2271.06,2249.0996589229394,2281.860037241877,2244.066797312598,5361707
2024-10-28,TCS,2221.04,2268.543754759338,2302.5508315901507,2204.9547092341136,5450696
2024-10-29,TCS,2245.91,2220.221732770959,2253.6688989647096,2203.303781087837,5215272
2024-10-30,TCS,2227.4,2244.542531907326,2247.1049062479165,2217.8121227289394,4380145
2024-10-31,TCS,2221.6,2223.138053293377,2229.9927037693687,2188.433963272696,6778460
2024-11-01,TCS,2246.64,2217.972372522145,2273.2901200881392,2213.200673330428,3873382
2024-11-04,TCS,2236.07,2248.2661476103954,2264.5772543707817,2208.7100812700614,4055450
2024-11-05,TCS,2254.07,2239.462784211165,2270.445826370149,2236.7254090659535,2390179
2024-11-06,TCS,2285.51,2254.1982747171373,2318.3535120620236,2243.6205739058264,6851361
2024-11-07,TCS,2289.16,2285.8682864165567,2320.9218402448614,2276.3579681398164,7884909
2024-11-08,TCS,2298.36,2286.91747873081,2310.671685526109,2273.6232654656114,6048386
2024-11-11,TCS,2295.71,2300.822705276485,2309.857607633664,2276.4335763949243,6736077
2024-11-12,TCS,2299.54,2298.0221894086594,2329.155202934434,2281.942440295472,4771414
2024-11-13,TCS,2269.37,2300.3528017479343,2331.8314436688775,2236.803724444106,1746470
2024-11-14,TCS,2262.01,2266.761715807521,2286.215873903311,2247.8394870990246,2932893
2024-11-15,TCS,2227.68,2258.363804719338,2280.522716702323,2213.791247077683,5347633
2024-11-18,TCS,2204.27,2223.7970519626615,2234.0194022193054,2198.7082105436443,2149164
2024-11-19,TCS,2151.91,2205.0873086352753,2232.0141537596646,2134.865127609647,2572762
2024-11-20,TCS,2159.33,2154.7077870144662,2180.5987829279193,2124.7143003791957,2918517
2024-11-21,TCS,2203.77,2162.42501460503,2221.5085615911044,2139.258399435441,6989513
2024-11-22,TCS,2192.32,2203.4493256751034,2207.5070212037936,2179.5580926187304,4459544
2024-11-25,TCS,2218.33,2194.8128546195844,2248.994174075423,2169.242459785971,3830095
2024-11-26,TCS,2248.91,2222.2953109837968,2270.5362379534336,2197.6887006025763,6755432
2024-11-27,TCS,2217.18,2246.887511270702,2255.195771780754,2209.3900849117294,4429985
2024-11-28,TCS,2191.63,2216.2750388831537,2237.306171731964,2176.6841271521234,2311414
2024-11-29,TCS,2218.3,2195.4125692181788,2241.5577374219474,2178.111365897017,5185727
2024-12-02,TCS,2216.46,2216.8645910192,2235.399318603837,2193.0948046488497,1015588
2024-12-03,TCS,2182.75,2220.129360969787,2244.6693928671507,2172.3448143860596,3814268
2024-12-04,TCS,2166.68,2186.950002692344,2206.9395026768675,2142.907312886972,1457301
2024-12-05,TCS,2178.2,2168.0823682775504,2209.2802438501535,2157.933334590057,7536912
2024-12-06,TCS,2158.06,2180.961001714392,2184.7815199967413,2127.8070648070834,4862230
2024-12-09,TCS,2086.81,2160.2141372012916,2165.587540078833,2080.7657192383767,4210101
2024-12-10,TCS,2079.33,2088.475560336539,2095.641961467114,2062.6827394800807,5017763
2024-12-11,TCS,2073.9,2077.7241839519284,2099.8776998783005,2055.523404861648,5725296
2024-12-12,TCS,2074.71,2070.225831789549,2095.5366489841385,2056.8818346183375,6283016
2024-12-13,TCS,2106.63,2073.4075114399034,2135.0459613935695,2060.425262223646,1047361
2024-12-16,TCS,2108.57,2108.0366894180406,2132.3130977515834,2080.3128290372606,3239665
2024-12-17,TCS,2115.31,2105.217619966029,2132.4799222496035,2095.927863559816,5160244
2024-12-18,TCS,2142.7,2111.1802209142948,2174.595471743965,2087.6679987108982,5208981
2024-12-19,TCS,2143.56,2139.611875387105,2153.6894171873673,2134.6254378544772,4959978
2024-12-20,TCS,2199.12,2145.4097716096685,2226.9711582001432,2137.7933723056303,6850759
2024-12-23,TCS,2166.39,2203.2789203407465,2218.6469344875163,2144.3962120560864,2958970
2024-12-24,TCS,2142.71,2170.5760261383944,2192.460407321134,2134.7998648530775,6572288
2024-12-25,TCS,2159.1,2142.6583962506165,2183.2425349637538,2121.2092436462217,6840336
2024-12-26,TCS,2192.2,2162.28987421229,2213.8426199391406,2132.9114201966813,2715979
2024-12-27,TCS,2187.53,2194.2766838251937,2200.7873270966757,2184.1752813040353,7363395
2024-12-30,TCS,2161.61,2187.5391021984437,2203.292258489814,2148.935244589538,4423604
2024-12-31,TCS,2207.9,2162.2391195825644,2227.4622971249396,2143.6122801344472,7084556
2022-01-03,INFY,1465.8,1465.3109635499443,1473.0609275759036,1462.438823234331,1203474
2022-01-04,INFY,1475.39,1466.6708436636757,1494.1190291900032,1451.2916764897918,1126745
2022-01-05,INFY,1484.6,1474.2653542933747,1492.6700320468058,1471.2666939419241,2802572
2022-01-06,INFY,1498.77,1485.2306714628396,1515.4832395001222,1479.4414119599842,5650325
2022-01-07,INFY,1489.59,1498.912434087514,1502.950499306239,1486.4828620651315,7666013
2022-01-10,INFY,1505.99,1486.7566822366107,1511.052871818644,1478.3234740984462,4095039
2022-01-11,INFY,1528.51,1507.7411826640505,1536.7962652082222,1490.0991280416795,3635947
2022-01-12,INFY,1504.73,1525.52572382226,1539.73482547601,1501.0032733038786,2373651
2022-01-13,INFY,1499.25,1503.4850221639472,1518.575743086839,1480.628881816286,3696939
2022-01-14,INFY,1522.48,1496.2870266205275,1532.4507008257585,1478.3059175584299,1900794
2022-01-17,INFY,1509.96,1521.7260765108547,1524.9061007542305,1493.0407198162927,2932457
2022-01-18,INFY,1520.67,1507.3215594844269,1530.1451200895697,1491.1320944379231,2407539
2022-01-19,INFY,1521.18,1523.185254887725,1539.3961274835774,1509.3189259882363,7068735
2022-01-20,INFY,1528.05,1520.6669321208635,1543.9324546013222,1513.0459623559145,3096958
2022-01-21,INFY,1529.17,1527.802430075126,1534.1287156885392,1524.6962770184664,6346492
2022-01-24,INFY,1544.34,1528.2515819420923,1546.0526353530322,1507.2199765714417,7255735
2022-01-25,INFY,1524.17,1545.1276514167198,1562.9611171186343,1521.6721461115837,5280424
2022-01-26,INFY,1506.41,1525.903945276424,1529.7021556880472,1503.2443118321005,6098145
2022-01-27,INFY,1535.42,1507.3026789407857,1538.725587316759,1485.832644645389,1877350
2022-01-28,INFY,1577.68,1536.944408694905,1579.3173431808489,1521.6433523752162,1590888
2022-01-31,INFY,1577.91,1580.2419861177812,1591.3928350032816,1572.2042892178213,3663288
2022-02-01,INFY,1613.45,1580.2045748311587,1626.4313259727178,1570.0313309790552,6221227
2022-02-02,INFY,1597.61,1614.5733384423818,1630.6016869299513,1591.071485848406,1531108
2022-02-03,INFY,1586.93,1595.786411023663,1603.996562587951,1579.1008280685617,6410677
2022-02-04,INFY,1617.34,1587.8040991416158,1635.0433163512137,1575.0298683618526,1313678
2022-02-07,INFY,1634.6,1617.3793537362599,1640.109657957643,1594.0519764615467,2789087
2022-02-08,INFY,1669.1,1636.0202662200384,1690.2105443670505,1624.8622068995344,4533063
2022-02-09,INFY,1679.63,1671.3227848573304,1694.7565405211594,1647.389330838262,7876689
2022-02-10,INFY,1657.9,1681.2607292332768,1696.6853843857912,1647.0443593500208,7012588
2022-02-11,INFY,1663.08,1660.1982550547154,1669.6273061320683,1653.8990512702385,3442716
2022-02-14,INFY,1689.43,1660.1786995527038,1692.8722516206278,1648.8726908279396,2227103
2022-02-15,INFY,1686.89,1686.264819364798,1699.5520447229624,1684.508246178734,2394208
2022-02-16,INFY,1680.98,1685.2604680905872,1701.4702593663012,1666.4935345726262,3610948
2022-02-17,INFY,1691.92,1683.6740466962594,1695.863274060744,1676.0698751187435,7474961
2022-02-18,INFY,1679.99,1694.1104222396993,1718.348877701887,1670.482913211909,6514735
2022-02-21,INFY,1686.81,1681.2179201320928,1711.64962845778,1679.3350295001921,3836297
2022-02-22,INFY,1688.57,1688.164566911296,1703.1531553699442,1679.6985331470912,1533885
2022-02-23,INFY,1678.18,1690.1009958171014,1714.271076368836,1656.8611233008874,2791456
2022-02-24,INFY,1699.95,1681.151067999598,1705.920621042758,1678.4229765565062,7863766
2022-02-25,INFY,1714.6,1702.208833397461,1716.9248082953231,1692.5894490068658,3611111
2022-02-28,INFY,1707.09,1715.446260630386,1718.1081760502752,1682.901789805982,5407300
2022-03-01,INFY,1702.01,1708.2215646494922,1723.9802070301466,1692.1484796497984,6093409
2022-03-02,INFY,1691.28,1700.0611322537225,1703.228322968074,1686.8212306616929,4645207
2022-03-03,INFY,1672.53,1692.3442807304414,1716.7472734685641,1660.9537275560785,4130512
2022-03-04,INFY,1630.96,1672.026093554561,1677.0205440951588,1614.5790861638257,5606302
2022-03-07,INFY,1616.17,1628.6959787699325,1637.272886072714,1610.5016633261428,7867526
2022-03-08,INFY,1598.56,1618.1507961775271,1638.402356680138,1592.094093541725,5659664
2022-03-09,INFY,1596.51,1598.6255224154452,1605.119722023999,1584.7254415147254,3064731
2022-03-10,INFY,1601.21,1599.5588554132303,1608.2578193550685,1579.0222228856712,3598677
2022-03-11,INFY,1580.07,1599.8116911967127,1615.7975301635965,1561.9210170265285,1858468
2022-03-14,INFY,1583.34,1579.9478296973994,1591.04327406288,1572.583338339643,4443214
2022-03-15,INFY,1559.26,1583.0106364927815,1589.4127539744752,1553.4675834809918,6328625
2022-03-16,INFY,1552.39,1556.8947867125928,1563.9918729155193,1535.1735507496928,4035633
2022-03-17,INFY,1535.91,1551.9312083908164,1564.143455930848,1520.7840374386276,2283224
2022-03-18,INFY,1546.54,1534.6048049170058,1569.004109360438,1513.253612540918,4260564
2022-03-21,INFY,1544.59,1544.4386880871511,1564.1311196301845,1536.6986830633375,1106998
2022-03-22,INFY,1538.08,1543.2440787741855,1550.9364463305312,1515.0858356971778,7341477
2022-03-23,INFY,1521.31,1536.438879045212,1545.7915280762152,1499.481607143041,5714714
2022-03-24,INFY,1510.57,1522.734393613818,1534.159730928797,1488.0033182586167,6373552
2022-03-25,INFY,1542.29,1507.7348122440917,1564.9693976741694,1498.740381271924,1380703
2022-03-28,INFY,1527.96,1543.0146464859165,1548.2816753781942,1513.9691116989786,7187459
2022-03-29,INFY,1533.23,1529.5531204166336,1542.4366834627358,1512.9814136923399,5939179
2022-03-30,INFY,1526.73,1533.1117785006477,1550.3009745863767,1523.3373221895952,5618322
2022-03-31,INFY,1531.43,1529.36553280771,1553.6284029416006,1510.553173098898,3830273
2022-04-01,INFY,1548.43,1532.7034189324245,1553.3531603758074,1518.067867178721,3698457
2022-04-04,INFY,1541.64,1549.9655696776008,1556.4495706505836,1538.8101119869518,2528545
2022-04-05,INFY,1556.21,1539.7711221663135,1562.6834063292636,1525.8816042554374,7008589
2022-04-06,INFY,1612.32,1557.936120592306,1614.4048078170692,1546.6655613856979,1711182
2022-04-07,INFY,1624.57,1614.461771939526,1639.9345636922542,1592.0606565597868,7656289
2022-04-08,INFY,1659.0,1623.6684701464508,1676.2367496001125,1617.2749985742125,1080291
2022-04-11,INFY,1669.74,1657.0978773194668,1685.494602116888,1642.0491465695102,5022610
2022-04-12,INFY,1649.88,1668.9722580843738,1672.307735612169,1643.6223545128157,2739528
2022-04-13,INFY,1656.16,1651.461297583576,1659.4213463107683,1632.5572958972107,5774598
2022-04-14,INFY,1649.41,1655.614388063838,1662.146468545361,1634.424619463489,2992349
2022-04-15,INFY,1636.99,1650.9713438780584,1659.3320661957905,1630.4611684067622,1628556
2022-04-18,INFY,1635.81,1634.4596360717394,1655.458713688839,1632.2274361404704,4458010
2022-04-19,INFY,1632.88,1637.8123080645366,1643.1048391190109,1609.749858567661,3683838
2022-04-20,INFY,1610.74,1631.2680697304968,1633.9063049464883,1604.9000792850202,1221163
2022-04-21,INFY,1667.81,1609.1223595106856,1678.6771582733445,1591.759361145734,7966690
2022-04-22,INFY,1685.69,1668.4129531103065,1697.2024036420114,1656.2508999451316,7086540
2022-04-25,INFY,1691.42,1682.791409154141,1703.788851659434,1664.3838448153256,2897678
2022-04-26,INFY,1693.76,1688.215082003476,1715.0618260542356,1677.3906463562882,4271341
2022-04-27,INFY,1720.61,1692.1409596485098,1724.691417356335,1675.1404249129937,3199223
2022-04-28,INFY,1767.42,1720.8719976338793,1786.6056784143989,1703.0964370036515,4650824
2022-04-29,INFY,1783.55,1770.3017174133688,1793.7719495253293,1744.6874632998158,1110572
2022-05-02,INFY,1786.75,1786.0215378348114,1796.2907481228651,1762.9058570694333,3236149
2022-05-03,INFY,1821.35,1786.6817208490552,1846.9501739177533,1782.8208709993492,7032419
2022-05-04,INFY,1825.12,1817.9772385948545,1833.2939082259686,1816.1154190248553,7377844
2022-05-05,INFY,1835.85,1825.3773618841062,1854.2001389787088,1817.9431257113242,3717159
2022-05-06,INFY,1860.14,1837.3538960084913,1869.1650060524776,1817.1712556780917,7056929
2022-05-09,INFY,1851.21,1858.9432940541244,1874.0007614247475,1833.8719965063344,6030811
2022-05-10,INFY,1801.66,1848.3299859906722,1870.5249182128612,1793.2877731239253,6894166
2022-05-11,INFY,1791.86,1800.06421895429,1824.084483492032,1789.278269828514,1809063
2022-05-12,INFY,1810.26,1793.806596890741,1833.325900927031,1778.3378786078504,5841712
2022-05-13,INFY,1827.2,1809.182850639317,1843.9198489751686,1803.0557160711762,7126470
2022-05-16,INFY,1859.49,1829.480210319124,1867.8268903029157,1827.0121773306187,7801256
2022-05-17,INFY,1850.31,1858.1476077776858,1877.2071245955342,1845.1820960039129,1401099
2022-05-18,INFY,1888.74,1847.8198900925097,1909.4003047863207,1825.9788372227115,5082940
2022-05-19,INFY,1893.7,1888.255336922191,1895.8771639034908,1860.1438338059581,2196845
2022-05-20,INFY,1909.0,1893.3384889756878,1922.6473401151652,1877.98189289651,2987214
2022-05-23,INFY,1931.84,1905.3050023568428,1956.578502827267,1890.8990896310868,7325006
2022-05-24,INFY,1897.57,1928.8807694130278,1944.0306355731498,1874.452863159659,1276786
2022-05-25,INFY,1873.2,1895.178500261771,1905.3352473709967,1852.567528993927,5083671
2022-05-26,INFY,1848.33,1870.304687051655,1895.0023761410268,1840.4046275850767,5161011
2022-05-27,INFY,1874.5,1847.1583515639343,1880.4652771452745,1831.6142584294157,3727533
2022-05-30,INFY,1867.47,1877.9837421714162,1885.2895369753574,1847.7550392270134,1417799
2022-05-31,INFY,1917.1,1867.5388912545986,1937.4657619051454,1855.80470437706,6504068
2022-06-01,INFY,1909.94,1918.0781506134497,1929.460224269125,1898.7451475566065,4763901
2022-06-02,INFY,1866.19,1908.8428271631612,1929.8061890058423,1858.2988918669555,5798130
2022-06-03,INFY,1842.82,1864.8723785036034,1870.8546106639822,1819.2207183418495,5518462
2022-06-06,INFY,1838.67,1839.3049813368816,1847.6402834221806,1830.177627368705,3903107
2022-06-07,INFY,1844.03,1838.6724539307274,1849.918104511734,1826.5225017392504,5566733
2022-06-08,INFY,1813.45,1843.9090980668811,1870.3521271204493,1787.709901787867,5824471
2022-06-09,INFY,1820.0,1810.9679725215726,1832.149692922481,1803.514460797763,5284933
2022-06-10,INFY,1832.89,1821.9242787215048,1843.376108009455,1804.3666202543277,7278262
2022-06-13,INFY,1810.69,1832.836291413135,1835.0335508859932,1791.9046943557387,4653432
2022-06-14,INFY,1850.19,1809.5238719673275,1856.0141133975028,1793.7322514529305,3436126
2022-06-15,INFY,1830.39,1847.5768575775405,1860.3175665015742,1811.8050455965051,2356258
2022-06-16,INFY,1799.68,1830.771898624318,1834.358452349593,1781.2080814042367,3406606
2022-06-17,INFY,1757.1,1801.499958982046,1816.1828152772114,1750.6217257788346,2163842
2022-06-20,INFY,1778.34,1755.567804250411,1791.4467501677436,1732.2943710109967,6431242
2022-06-21,INFY,1772.15,1776.3396829887317,1797.1945396287772,1769.6484347435505,5641154
2022-06-22,INFY,1754.4,1772.3054881862681,1790.4490009578208,1741.714009076465,3896283
2022-06-23,INFY,1714.15,1751.9813371596945,1764.6713974847503,1692.8275784065147,6474121
2022-06-24,INFY,1699.0,1715.2924013465226,1722.4027168326688,1676.6360914770132,6494129
2022-06-27,INFY,1745.18,1699.715915295509,1764.6842886140014,1688.29575088754,7358368
2022-06-28,INFY,1689.93,1742.297535405224,1761.3061225161994,1679.5571965019633,5273487
2022-06-29,INFY,1669.66,1686.7970075389119,1692.1039176139946,1645.854590124007,1060282
2022-06-30,INFY,1702.26,1670.463364606724,1725.7622963358708,1651.0893752687634,3155401
2022-07-01,INFY,1730.28,1700.8593380788402,1733.5704243779387,1694.288011722797,6805344
2022-07-04,INFY,1717.82,1727.4177414312035,1730.4761827796806,1693.2461464924254,5726755
2022-07-05,INFY,1722.75,1719.6026072717934,1728.9913610483911,1714.3943459053357,1123844
2022-07-06,INFY,1733.49,1721.4685772247947,1757.2950667833336,1711.5086328751022,7658187
2022-07-07,INFY,1736.89,1733.2098648932094,1751.271403583219,1717.7529704211545,5949944
2022-07-08,INFY,1777.57,1735.0614920222606,1798.956251993047,1717.4507217834207,3431275
2022-07-11,INFY,1785.81,1778.4752600759068,1793.292195011784,1752.277404458591,7894604
2022-07-12,INFY,1812.56,1784.3919841080958,1826.8123543932973,1778.2412014275953,6395095
2022-07-13,INFY,1817.24,1815.9532642939307,1828.172611228262,1792.3424323619251,3071979
2022-07-14,INFY,1769.63,1818.7152176129941,1841.61211562406,1750.7543971308246,4937080
2022-07-15,INFY,1742.58,1767.0585313677552,1769.384797042954,1730.3253021857684,7276959
2022-07-18,INFY,1720.66,1741.9993363748727,1749.6881699441785,1700.7758747813405,3921580
2022-07-19,INFY,1715.46,1719.871394677845,1725.2649786877223,1701.667644119277,7647671
2022-07-20,INFY,1762.19,1715.6949981942255,1785.1489506500266,1709.399769424591,7338708
2022-07-21,INFY,1770.88,1764.6001872610423,1784.2423767356397,1749.7555430419475,5650699
2022-07-22,INFY,1768.83,1771.4709215129894,1783.2672891855955,1765.797664338387,7079547
2022-07-25,INFY,1797.7,1765.7278731921567,1810.8101922600072,1760.1923316455204,7644146
2022-07-26,INFY,1764.17,1798.8175631925699,1825.092790082382,1745.9329795899146,3490388
2022-07-27,INFY,1753.32,1760.6999855627087,1783.4196065933152,1736.8378622918572,1912234
2022-07-28,INFY,1739.18,1755.2834410986989,1774.3970082593305,1723.3996792794426,5176116
2022-07-29,INFY,1748.56,1740.3392404976648,1757.4194384451514,1729.4908573194502,7662021
2022-08-01,INFY,1769.31,1747.2226010030759,1775.1707013568914,1728.029605706761,5193352
2022-08-02,INFY,1780.55,1767.841060837113,1805.2997710742325,1765.3121428856364,4024320
2022-08-03,INFY,1792.22,1782.6743599360018,1804.627641788528,1771.1254450841066,3906809
2022-08-04,INFY,1784.2,1794.2512067440043,1803.0476689649167,1767.413574153363,3296397
2022-08-05,INFY,1792.03,1783.145911442716,1805.6366894799128,1772.5007753857542,2547840
2022-08-08,INFY,1772.86,1790.5888331886033,1815.3882448640145,1756.0810681775476,2133909
2022-08-09,INFY,1788.79,1773.2842439008748,1800.2721399532968,1766.9875589837154,4841313
2022-08-10,INFY,1777.54,1785.272277635692,1801.1200931584044,1765.0079402942674,5467255
2022-08-11,INFY,1752.01,1774.5726958668104,1796.2961775937551,1726.7593083834145,2000778
2022-08-12,INFY,1753.26,1749.390181534546,1765.4975013394026,1727.4783630089794,5912829
2022-08-15,INFY,1710.04,1751.0537804948947,1758.5300538477238,1705.097840110952,3872325
2022-08-16,INFY,1743.19,1710.1222059093602,1769.2042527505334,1697.9471577192935,3998277
2022-08-17,INFY,1761.64,1746.6222847342672,1786.993508794508,1743.6614257824874,7299838
2022-08-18,INFY,1769.75,1762.715399492217,1792.418211633838,1738.061907465883,1516243
2022-08-19,INFY,1732.78,1766.644434165906,1785.4366449570641,1713.9510040044051,6738753
2022-08-22,INFY,1717.39,1732.9572937111502,1741.8441045764546,1696.282602352751,1539353
2022-08-23,INFY,1718.67,1717.3669540852227,1742.3666458020812,1704.9225079939479,7639070
2022-08-24,INFY,1713.17,1716.2237676000482,1724.560828059807,1696.6534987218963,3111577
2022-08-25,INFY,1675.94,1716.0499920562452,1737.0052498260038,1654.4910340938,3896695
2022-08-26,INFY,1647.63,1675.5429044367563,1698.758580749485,1637.7417927039605,6414751
2022-08-29,INFY,1641.93,1650.8894019073714,1666.4771884019312,1629.6289512605472,7869001
2022-08-30,INFY,1614.9,1641.4050572149738,1661.5004297940318,1596.8879020110576,5056150
2022-08-31,INFY,1644.04,1615.5973635762552,1663.906137752483,1602.2150458931478,6959417
2022-09-01,INFY,1654.97,1641.4408552017105,1661.1003539672174,1633.9564371000554,2962821
2022-09-02,INFY,1638.05,1654.6669936862625,1671.7943568102346,1618.1866837309678,3440342
2022-09-05,INFY,1663.31,1636.3383418906928,1667.1498361578551,1618.5033674167667,6018587
2022-09-06,INFY,1684.6,1665.542593140446,1698.2619409158112,1648.629930516767,6775984
2022-09-07,INFY,1691.3,1686.5131637306715,1696.832745755982,1678.8465617993447,6713949
2022-09-08,INFY,1690.8,1693.4931425334655,1705.0578259715248,1685.4856742384893,1002175
2022-09-09,INFY,1684.61,1692.3123153494446,1713.7399491934789,1668.2177995498669,2322061
2022-09-12,INFY,1673.16,1686.8517659413703,1711.8514990971619,1655.0107182566046,3947492
2022-09-13,INFY,1644.45,1671.1577545265707,1680.2679668173803,1640.2603601047997,4826742
2022-09-14,INFY,1677.48,1644.1345535535868,1691.650310638327,1642.4758010830712,4599839
2022-09-15,INFY,1666.5,1678.7672772166868,1692.4629499849655,1657.1425207669492,4729712
2022-09-16,INFY,1667.48,1667.4158583912358,1691.4277160145832,1665.5145517924275,3286113
2022-09-19,INFY,1648.11,1668.9230670924117,1681.7740621877954,1638.6161083095135,5539563
2022-09-20,INFY,1642.92,1646.2921899354214,1664.0515453277455,1635.1464317012194,3389490
2022-09-21,INFY,1704.17,1640.2810414087369,1727.8665678034117,1624.6018967810676,5622357
2022-09-22,INFY,1688.46,1707.011237064631,1717.6413078570126,1673.3677773816844,4607838
2022-09-23,INFY,1720.63,1688.8663913551586,1744.0816902150902,1666.941357786734,4230086
2022-09-26,INFY,1720.38,1718.247450001941,1744.1976066902362,1712.265371859941,4510420
2022-09-27,INFY,1735.97,1722.3992897069895,1760.3244006181653,1719.01447615004,1558867
2022-09-28,INFY,1764.44,1738.8512236883614,1772.8850449449046,1727.945381596388,6339434
2022-09-29,INFY,1771.07,1762.1078586188305,1782.7678789528113,1744.1538514588158,3769067
2022-09-30,INFY,1763.36,1773.318638708614,1796.700807366895,1740.7118071851698,7865521
2022-10-03,INFY,1759.48,1766.4157269765108,1777.0641500326262,1739.6193191625866,6642002
2022-10-04,INFY,1756.38,1762.5651538739555,1779.1395101388098,1736.3146685696606,1040751
2022-10-05,INFY,1799.34,1759.289664504476,1804.113222759306,1748.0115452538284,2249247
2022-10-06,INFY,1765.02,1799.6741087375199,1802.8916557932837,1761.8968403796248,6351630
2022-10-07,INFY,1724.78,1764.0048403967176,1775.943476720614,1700.0739173926233,4219908
2022-10-10,INFY,1686.95,1721.3806159730177,1737.0534963535906,1661.669893956212,5399054
2022-10-11,INFY,1667.72,1683.9871235244836,1694.9293141524313,1656.7172960504065,4179249
2022-10-12,INFY,1683.26,1667.245293610367,1698.557973174733,1648.866992765256,3633004
2022-10-13,INFY,1700.29,1682.5821589166999,1714.2513893954556,1678.0857555653142,1629443
2022-10-14,INFY,1687.24,1698.1456888532105,1716.1458653952502,1669.6614973331543,1988144
2022-10-17,INFY,1686.99,1686.5345988899846,1704.0175560223618,1668.0777147371136,7711971
2022-10-18,INFY,1662.88,1684.7945516556902,1696.4860820979068,1644.2110935053609,2039535
2022-10-19,INFY,1641.11,1665.1999919936634,1676.77302097888,1619.8214219270144,6684054
2022-10-20,INFY,1653.85,1639.7852623841216,1658.763417606809,1628.5386748672158,3284302
2022-10-21,INFY,1676.74,1654.5020426020371,1690.4646870072781,1633.580848444182,4496619
2022-10-24,INFY,1666.71,1676.7590683031056,1692.2196383608862,1651.6176680046772,1797634
2022-10-25,INFY,1702.5,1663.7224695101868,1715.5596247859285,1649.5036463236893,1371551
2022-10-26,INFY,1724.25,1705.5116116297347,1733.8366622153324,1680.4182293898389,3008265
2022-10-27,INFY,1760.31,1724.4377775719936,1779.8548620850445,1698.976974424079,5169895
2022-10-28,INFY,1753.81,1759.078188880956,1762.6759664588162,1740.2758090193606,2707621
2022-10-31,INFY,1788.87,1751.4116758363527,1813.5602792193865,1742.2071076941995,4235925
2022-11-01,INFY,1839.94,1787.7145805642551,1842.3116976622102,1784.478807791375,2091213
2022-11-02,INFY,1830.48,1836.4110804754673,1862.989277832746,1807.6130397416907,5868030
2022-11-03,INFY,1827.22,1829.4809837288078,1843.152655627363,1802.4531718648893,4642192
2022-11-04,INFY,1805.11,1827.4501268643573,1839.8354493725349,1779.3496916234258,2915954
2022-11-07,INFY,1778.65,1807.7950379161919,1816.0932080659334,1762.828165060274,7208623
2022-11-08,INFY,1752.86,1779.9830940321528,1782.0140474225334,1741.859161320319,5007374
2022-11-09,INFY,1734.75,1750.1366326935947,1758.6196564392983,1729.1428490987396,1155647
2022-11-10,INFY,1741.33,1732.305711745275,1745.7383492108254,1722.8768208707568,4580345
2022-11-11,INFY,1724.3,1740.8293562563324,1758.651082512215,1703.4653711204248,7594830
2022-11-14,INFY,1730.15,1722.2012355046031,1739.6088158870498,1707.5018779094132,6977664
2022-11-15,INFY,1736.49,1726.8824371707392,1756.8772792477153,1722.9880562537396,6194071
2022-11-16,INFY,1726.26,1738.608621156705,1745.3836775183374,1708.2626603711706,7677686
2022-11-17,INFY,1725.23,1722.9422841315725,1748.6988005632263,1709.1281207511606,2178102
2022-11-18,INFY,1713.77,1727.512062510303,1741.8879708342265,1711.0620971897326,4653451
2022-11-21,INFY,1707.23,1711.330304194908,1715.785045435599,1699.181967676978,1461833
2022-11-22,INFY,1689.65,1710.471540893129,1721.780893584452,1681.9931235963927,5872685
2022-11-23,INFY,1691.87,1690.3520422204688,1698.4592369900104,1670.9682277827037,5072681
2022-11-24,INFY,1679.03,1693.4602425608457,1699.8879334266912,1663.59261814209,6651753
2022-11-25,INFY,1653.95,1676.4139613034688,1689.9747694337166,1631.0474074891536,6244412
2022-11-28,INFY,1667.07,1656.3456081291404,1684.4183443150969,1645.5650543926854,3616670
2022-11-29,INFY,1681.04,1669.3318295161234,1704.1755733545126,1646.7160929883057,4248394
2022-11-30,INFY,1705.7,1682.0687476057237,1719.3972283846335,1676.5225197683772,2754741
2022-12-01,INFY,1683.36,1705.7155209461614,1730.485483117988,1677.3062216808516,2130127
2022-12-02,INFY,1673.21,1684.8513840579317,1708.7474424150917,1660.611517477484,7460284
2022-12-05,INFY,1678.59,1669.9032565967352,1700.59778437089,1648.154978407576,4741896
2022-12-06,INFY,1668.0,1679.210680510417,1692.6438314776492,1643.5773204155737,7398190
2022-12-07,INFY,1680.75,1670.3178937322477,1685.74629024695,1663.8937197350951,6094733
2022-12-08,INFY,1692.0,1679.7879379414758,1698.8537210809866,1668.7046412991656,5924306
2022-12-09,INFY,1702.91,1689.3489023646764,1720.0538421404556,1680.822783650186,1951710
2022-12-12,INFY,1735.6,1702.371044309441,1747.5835712129374,1684.0761729995181,6032904
2022-12-13,INFY,1750.51,1737.1766499271437,1755.8581981416237,1723.5098613983641,5307427
2022-12-14,INFY,1754.4,1747.760307367064,1767.919257400475,1739.8262417679855,3827700
2022-12-15,INFY,1750.37,1752.33716637615,1754.517122240514,1735.449647131625,4039206
2022-12-16,INFY,1747.94,1747.902341304534,1767.6472110445432,1736.400058658981,6934087
2022-12-19,INFY,1724.14,1750.0161874395205,1753.568962017256,1717.3403291943903,7920343
2022-12-20,INFY,1684.95,1721.125462744301,1738.005556789705,1664.7526543673823,6523666
2022-12-21,INFY,1695.47,1686.207555706951,1715.9888226077796,1662.4708194505822,4514734
2022-12-22,INFY,1722.82,1694.5643268617175,1727.7421212770146,1681.7627900532807,2297327
2022-12-23,INFY,1715.8,1724.5827290762707,1738.8294064050933,1691.5553355636216,6279389
2022-12-26,INFY,1751.58,1718.9871562797985,1772.4359670752244,1711.650178945568,5011577
2022-12-27,INFY,1747.95,1748.8793810233988,1757.0096910548339,1739.3307890984809,1835669
2022-12-28,INFY,1703.94,1746.6522173301355,1752.3826903451516,1699.4142968518322,1670774
2022-12-29,INFY,1724.65,1706.0537404852291,1734.5071811162202,1695.7387167126785,7092488
2022-12-30,INFY,1714.28,1723.0368202420127,1738.1405965380084,1690.1785363222514,2177209
2023-01-02,INFY,1737.14,1712.3265477484163,1752.8679167356836,1692.7103570035174,1866297
2023-01-03,INFY,1708.68,1739.4009084019012,1744.3273590965675,1702.376757778344,2690045
2023-01-04,INFY,1718.2,1712.0090715749188,1730.9249271170277,1690.3347865056264,5780651
2023-01-05,INFY,1700.7,1718.590928919969,1726.7644627159173,1691.820180242579,1311294
2023-01-06,INFY,1705.53,1699.190110025162,1727.340895904908,1692.2635835117537,2613955
2023-01-09,INFY,1722.9,1704.838004817951,1732.1865203304635,1687.1444546891953,3301348
2023-01-10,INFY,1735.25,1720.6266701641969,1757.360318366763,1702.581020910224,7292359
2023-01-11,INFY,1737.2,1737.0677596027808,1749.3602342301656,1724.5769179612166,6483904
2023-01-12,INFY,1706.45,1739.1003162550471,1758.5298940631947,1701.429638875411,6034971
2023-01-13,INFY,1723.03,1709.0105008698047,1737.0569170582378,1688.7325560606778,7481093
2023-01-16,INFY,1746.51,1719.767288060615,1763.4642051973938,1716.6332095121234,3938926
2023-01-17,INFY,1723.21,1746.9430041318556,1758.3592612070092,1711.815552324164,6416675
2023-01-18,INFY,1703.52,1721.2404084280581,1741.4734082673801,1701.6287020106925,6278452
2023-01-19,INFY,1727.67,1702.435764138206,1739.6818871924618,1679.0350901977542,4949770
2023-01-20,INFY,1723.37,1729.6392370714484,1742.4462868959818,1700.5730374486832,2869060
2023-01-23,INFY,1704.25,1721.247040141881,1735.4430274381423,1698.4095101157018,5543511
2023-01-24,INFY,1710.66,1705.1930757137113,1732.2922154490143,1700.2592402931336,4068689
2023-01-25,INFY,1696.84,1711.7176408027144,1729.230746060367,1681.9696096908547,3519379
2023-01-26,INFY,1700.77,1699.9220988742513,1710.784551149232,1691.4173826060464,5097996
2023-01-27,INFY,1692.0,1702.6419418096564,1720.3229842767626,1687.17069702501,5816132
2023-01-30,INFY,1685.17,1694.0550026759363,1710.9853409766122,1660.9099371682182,5247837
2023-01-31,INFY,1709.87,1685.3830105368897,1733.8667770094776,1673.6448334640825,7970880
2023-02-01,INFY,1663.92,1707.7277435949707,1729.5522140226078,1658.8429297090545,7153301
2023-02-02,INFY,1684.61,1663.4245735819445,1701.5643478710879,1647.745415043032,6423533
2023-02-03,INFY,1714.11,1684.9434825217347,1724.0194405489242,1666.8023202926763,2168964
2023-02-06,INFY,1709.2,1715.3333208942197,1735.7699226399395,1702.6023061262974,7058014
2023-02-07,INFY,1738.95,1709.9363856557727,1754.6925684571017,1692.3257716281878,6366362
2023-02-08,INFY,1726.35,1738.2125309823825,1763.9272644694147,1700.5314692953914,1795063
2023-02-09,INFY,1720.55,1724.729393129049,1732.4304578511126,1717.8556466190325,4233116
2023-02-10,INFY,1712.19,1718.2666983090965,1721.9011447105681,1700.7007347766698,6891966
2023-02-13,INFY,1742.31,1713.517600527686,1745.7571348387864,1707.474453806976,6837211
2023-02-14,INFY,1711.88,1743.3233182569652,1760.6875601809136,1705.9812413396055,5129295
2023-02-15,INFY,1757.32,1713.163036706726,1782.1854509965908,1689.0583974402111,4967924
2023-02-16,INFY,1759.52,1756.4239597734377,1761.3271093856786,1734.2790416484727,4902859
2023-02-17,INFY,1782.77,1757.8478072478788,1802.6671298913886,1739.13672942964,7027027
2023-02-20,INFY,1804.33,1784.6220935725298,1822.732203891195,1765.865340581629,6686609
2023-02-21,INFY,1817.3,1806.3050008172804,1837.7487297192858,1795.8699870287255,5184737
2023-02-22,INFY,1812.59,1816.9773665456398,1827.8350340326767,1801.2139330115795,7944758
2023-02-23,INFY,1851.33,1813.4013449000333,1874.4474655604376,1798.7567814871682,5307380
2023-02-24,INFY,1848.6,1850.3933726399284,1853.4019217470875,1826.3385898976437,4769023
2023-02-27,INFY,1840.68,1850.0932783765656,1871.5100236764658,1822.9133306618537,3818710
2023-02-28,INFY,1871.29,1843.1518241140711,1880.1580567437795,1829.5315137561158,4957100
2023-03-01,INFY,1875.25,1872.6989561981816,1889.6439105222362,1856.8780117478732,3991002
2023-03-02,INFY,1908.76,1875.3443822839802,1932.6517729357658,1850.5562592655722,2120368
2023-03-03,INFY,1907.63,1908.4443518670425,1917.60302687145,1896.3619098380673,3518800
2023-03-06,INFY,1891.9,1908.7159729431633,1915.5738084170787,1865.4563931916734,1795005
2023-03-07,INFY,1899.08,1893.2607369032826,1919.0932354164263,1874.8861218710952,4282178
2023-03-08,INFY,1888.44,1899.5261276464341,1915.6104192328646,1878.8852694985335,6046032
2023-03-09,INFY,1873.59,1889.3837839600153,1904.87985633619,1846.0113725165709,6911740
2023-03-10,INFY,1894.27,1870.5666903585397,1902.9737410627718,1857.4348622585212,5522289
2023-03-13,INFY,1939.79,1897.6930634570517,1942.6770365579725,1878.1151213561727,2594745
2023-03-14,INFY,1934.0,1942.046154725187,1955.1428633149055,1905.2291309925138,6050969
2023-03-15,INFY,1909.92,1933.0247060000515,1937.8414802236896,1886.3618354389068,6949782
2023-03-16,INFY,1906.53,1910.3998682476504,1936.541489872374,1903.047240041988,5783877
2023-03-17,INFY,1919.7,1903.077842545764,1922.7283354435615,1888.4166919938496,6302427
2023-03-20,INFY,1926.55,1916.177180138136,1940.1189073438045,1914.18661861699,6960391
2023-03-21,INFY,1956.89,1924.6296021300398,1960.2782340440363,1909.9012480463284,7954038
2023-03-22,INFY,1974.24,1958.3749009877079,1978.8550115448902,1943.912517318768,7250156
2023-03-23,INFY,1946.35,1977.020896678467,1997.2342219359614,1927.832041075106,1765127
2023-03-24,INFY,1934.3,1946.810785749995,1966.39484108997,1913.6814565473305,6865874
2023-03-27,INFY,1900.0,1934.5486174326966,1937.3783411408292,1878.1911117133363,3568805
2023-03-28,INFY,1928.69,1899.2575524568151,1930.649241706512,1879.9001079539407,7167324
2023-03-29,INFY,1879.17,1926.0793094467067,1930.1307269051808,1863.0803869797394,3968174
2023-03-30,INFY,1848.24,1876.3012899063597,1898.2202126199022,1825.4842608293238,6611423
2023-03-31,INFY,1836.35,1850.167195047516,1867.1592612229033,1814.5860412477234,5515593
2023-04-03,INFY,1850.21,1839.4901845856937,1853.0475846180227,1818.890886929885,7466138
2023-04-04,INFY,1838.07,1849.9012607591603,1864.3922000104221,1822.0597458138584,2368240
2023-04-05,INFY,1829.75,1839.2422891276617,1859.4158544811182,1819.0265436109971,6771712
2023-04-06,INFY,1821.93,1832.7834155467976,1856.912594831513,1816.4387869782754,6202662
2023-04-07,INFY,1826.43,1818.942862925007,1852.1397617468806,1798.970589664713,3938396
2023-04-10,INFY,1797.85,1828.4060617616808,1838.6161881658486,1775.5066739535598,4348410
2023-04-11,INFY,1776.11,1798.6900769422984,1803.9092531948352,1758.88859679114,6151426
2023-04-12,INFY,1815.31,1776.8107619187658,1823.1466259042818,1772.406693145242,2934062
2023-04-13,INFY,1825.2,1813.8035862609074,1846.858554901805,1786.8469284088885,2991524
2023-04-14,INFY,1843.66,1826.542568604561,1870.5788722306686,1816.4786124396,6168394
2023-04-17,INFY,1845.45,1845.8340273146116,1859.7322542685722,1830.0963001071036,4563733
2023-04-18,INFY,1842.49,1842.5921964019815,1852.3117688763953,1819.0068145684406,7686289
2023-04-19,INFY,1853.85,1842.7370516054727,1866.8430194451323,1823.3778114829952,5454015
2023-04-20,INFY,1871.79,1850.8932218230939,1881.649436744214,1828.9588426561986,1625122
2023-04-21,INFY,1892.79,1874.5795212943244,1901.4794682667175,1869.4987553457527,3137154
2023-04-24,INFY,1890.09,1892.847818849107,1910.474984100831,1874.489626899648,1255549
2023-04-25,INFY,1913.99,1892.4183314784595,1916.3256491270517,1878.950595579434,6175428
2023-04-26,INFY,1853.04,1912.980068918547,1921.8443048870126,1840.6461766859077,2791624
2023-04-27,INFY,1874.94,1850.2610198296788,1894.1756639824855,1839.0755253979755,5677147
2023-04-28,INFY,1864.95,1871.5013548230597,1874.2129314919669,1849.9143621867322,7685183
2023-05-01,INFY,1878.78,1863.3201054690378,1882.847230723489,1835.8365614180846,1374994
2023-05-02,INFY,1863.33,1876.8578855662802,1886.4440236029495,1844.1118335389215,2702875
2023-05-03,INFY,1831.61,1863.779822575002,1888.5480906028738,1808.8508269301176,7984666
2023-05-04,INFY,1840.1,1828.1060482927433,1861.644638326482,1818.0916829959701,7937292
2023-05-05,INFY,1804.58,1840.2514074342594,1842.6624916002347,1778.943893116771,5149285
2023-05-08,INFY,1795.6,1803.7987738007998,1818.2724180642003,1782.8391151671208,7589844
2023-05-09,INFY,1777.03,1796.1539229914335,1804.8574111933353,1755.6147344520634,2778650
2023-05-10,INFY,1773.38,1778.4688080801961,1796.3976218982152,1770.3365992622903,4426349
2023-05-11,INFY,1792.15,1774.331183894263,1812.046009069658,1756.0512667365765,3799045
2023-05-12,INFY,1781.13,1795.62422162629,1819.1111230559109,1762.5227070883034,5464944
2023-05-15,INFY,1788.81,1778.5528142077578,1802.504820467316,1774.8665595925581,2169098
2023-05-16,INFY,1806.4,1788.3072514357748,1833.3556449592822,1771.9314910357596,5599790
2023-05-17,INFY,1792.53,1805.85685697069,1832.4387186697866,1789.8054846785715,3828520
2023-05-18,INFY,1779.11,1791.9352615169344,1815.858196020083,1753.0253740125793,3380020
2023-05-19,INFY,1811.18,1780.2756614290681,1827.5678698513655,1761.206815585037,7584016
2023-05-22,INFY,1809.71,1811.1063071468043,1823.0090610234254,1799.4429748697328,6802743
2023-05-23,INFY,1822.08,1809.8361915112764,1833.1972541117127,1805.2609211006752,5668710
2023-05-24,INFY,1834.36,1821.5869888246832,1836.5057361919933,1800.8020952815136,2649478
2023-05-25,INFY,1806.2,1837.967815293256,1846.2174289970758,1802.6358007724668,2142142
2023-05-26,INFY,1788.73,1809.289045232948,1829.3057803898155,1776.7771704707955,6494941
2023-05-29,INFY,1797.85,1787.3542819569668,1814.8412095910983,1780.587564914689,7177792
2023-05-30,INFY,1749.93,1795.056816550567,1819.8822919321644,1733.4122396923608,4272920
2023-05-31,INFY,1745.51,1752.3082579341478,1755.2877282316604,1724.5124317140403,5596218
2023-06-01,INFY,1726.26,1748.9812625822642,1754.5323060174903,1722.3885094757902,6444344
2023-06-02,INFY,1751.56,1724.8279561176996,1772.6652699234862,1721.4885204334992,6991303
2023-06-05,INFY,1759.82,1750.5636070588296,1770.4125445934221,1736.499670100813,6151300
2023-06-06,INFY,1787.47,1762.9287796217652,1792.2190122712495,1736.6451514362473,4613725
2023-06-07,INFY,1786.95,1788.9795507181802,1815.7253443458744,1762.8922230868586,7859378
2023-06-08,INFY,1784.7,1785.4892636678946,1806.9535304168587,1772.247062008758,4262983
2023-06-09,INFY,1778.01,1785.2785746919778,1797.279885883973,1751.9317030024367,5026642
2023-06-12,INFY,1766.78,1781.1693785376217,1803.4818463098165,1750.095884686857,5231659
2023-06-13,INFY,1828.83,1768.9836206443586,1848.08475286106,1749.9620568406704,2086266
2023-06-14,INFY,1848.42,1830.5990836873937,1870.7112920311768,1821.447691609472,4576758
2023-06-15,INFY,1823.21,1850.17227489009,1873.1382584981775,1797.2804922922758,4832733
2023-06-16,INFY,1886.16,1820.8618537418115,1890.283525945848,1806.0076956774462,1740174
2023-06-19,INFY,1876.65,1888.6096030647288,1906.969948761707,1863.7153771238688,1203811
2023-06-20,INFY,1884.9,1874.9694121263,1886.963961243284,1863.0484973480864,2629494
2023-06-21,INFY,1908.34,1888.1447924539145,1911.4093501029288,1870.5325694466874,5373547
2023-06-22,INFY,1870.6,1907.306748321805,1933.3523954728096,1850.5119052595662,2594522
2023-06-23,INFY,1850.89,1873.276158154829,1888.9852498887358,1840.8117234369925,7808652
2023-06-26,INFY,1890.96,1849.1592956506722,1912.3328170687712,1843.3639687919756,6762637
2023-06-27,INFY,1885.85,1891.0698794239981,1915.1602448399412,1875.8750735109797,5472245
2023-06-28,INFY,1910.75,1882.884578537992,1938.0626708257364,1879.2118862334569,3942383
2023-06-29,INFY,1899.9,1911.9737887755996,1937.1562805823362,1890.4797056055857,4526173
2023-06-30,INFY,1897.97,1902.4540680595578,1917.229211771612,1889.8175778603418,7256878
2023-07-03,INFY,1942.44,1899.6284255459743,1953.5188702941548,1875.59935075286,6557260
2023-07-04,INFY,1953.91,1942.6207130634903,1960.0900323081746,1924.8914920152622,1530553
2023-07-05,INFY,1945.58,1950.3547894654328,1963.2359091446276,1929.6082953112182,6763215
2023-07-06,INFY,1928.73,1948.953176618926,1960.902033349977,1906.7195343527746,4795627
2023-07-07,INFY,1914.31,1930.3153354281203,1947.3678333460089,1899.760397961101,2251782
2023-07-10,INFY,1945.63,1916.1926414805803,1965.7033209934443,1895.2507392304478,3066799
2023-07-11,INFY,1965.42,1947.9233574725245,1994.3049064108047,1937.453326498826,1446710
2023-07-12,INFY,1936.5,1967.3676795367464,1989.3970953868616,1920.2024908918997,7675354
2023-07-13,INFY,1939.12,1936.0438858071057,1958.5353991592299,1919.439013100096,6164076
2023-07-14,INFY,1937.87,1940.932083046435,1951.978498319887,1935.4883489225756,4130108
2023-07-17,INFY,1946.26,1938.839142645176,1949.1464092054307,1920.4089795770715,2730934
2023-07-18,INFY,1931.41,1949.0160313182648,1958.826894281871,1912.2352243004095,6334306
2023-07-19,INFY,1959.4,1933.746695647763,1982.439155426248,1913.3658973156614,4109070
2023-07-20,INFY,1959.8,1955.8054758600256,1967.391887294222,1950.9677696848087,3027419
2023-07-21,INFY,1969.74,1958.8505716785353,1991.349298016507,1943.08992161342,2456098
2023-07-24,INFY,1950.08,1966.074047174411,1983.9985826432935,1937.209867251436,7803389
2023-07-25,INFY,1931.9,1946.9760570771514,1953.6074500833058,1907.8120250741863,4324145
2023-07-26,INFY,1999.07,1932.683661495355,2008.391158221193,1918.3299930268163,4288685
2023-07-27,INFY,2046.29,2002.0591839521232,2062.554425410897,1979.7263633092764,4779697
2023-07-28,INFY,2044.88,2043.1782048219968,2058.902244937733,2033.4300318139426,6024562
2023-07-31,INFY,2086.08,2044.479933848621,2110.9041305952646,2037.6419598894176,4725613
2023-08-01,INFY,2119.43,2089.5085050629546,2143.340699241636,2079.0763197770657,5070675
2023-08-02,INFY,2102.67,2122.094555735292,2141.2868702506084,2092.626425015281,1097375
2023-08-03,INFY,2083.32,2102.835420383448,2129.145773243823,2067.017283208208,2819941
2023-08-04,INFY,2101.89,2085.58308084393,2120.5492627321646,2075.091873809226,4949244
2023-08-07,INFY,2109.46,2102.0807992669056,2140.050227858875,2082.9888965551595,4497319
2023-08-08,INFY,2098.9,2106.5750378472185,2115.0879969935327,2086.5602481808064,7820127
2023-08-09,INFY,2119.04,2095.749434512164,2142.3448796361176,2071.9135308882533,3189465
2023-08-10,INFY,2079.77,2116.3985592739177,2129.476247026478,2050.6045495809462,3917945
2023-08-11,INFY,2083.33,2078.529808981787,2093.5498309854997,2059.3836929127833,1080294
2023-08-14,INFY,2050.24,2086.917738156893,2094.2750094217868,2032.7409846455032,3192209
2023-08-15,INFY,2018.54,2052.697650683236,2070.628064561949,1995.5078534712627,3248753
2023-08-16,INFY,2000.44,2017.997429053591,2026.10286114123,1990.813749206036,4859662
2023-08-17,INFY,2010.33,2000.38460149331,2017.9791285806916,1972.4386419089828,6986867
2023-08-18,INFY,1993.13,2008.445190644122,2038.305642407998,1969.4485791487784,1383829
2023-08-21,INFY,1962.0,1994.7592080325335,2019.1440698323372,1953.1315756864842,5168562
2023-08-22,INFY,1974.61,1964.376104989634,1997.2703784885946,1946.9319341102312,2542708
2023-08-23,INFY,2013.36,1972.5477544044484,2037.755578624182,1962.4364168918194,7584532
2023-08-24,INFY,2030.52,2009.6700879378668,2060.0943618296074,1995.4914681335226,3075713
2023-08-25,INFY,2078.53,2031.526235907485,2097.290549142239,2028.0929128909122,5709607
2023-08-28,INFY,2117.07,2079.0497332599457,2125.714873877466,2065.263848992975,6506932
2023-08-29,INFY,2104.12,2116.241219217508,2143.9024705758875,2072.9962054881985,2022762
2023-08-30,INFY,2121.87,2105.3310804830553,2146.0555627406943,2084.1520454264237,7798161
2023-08-31,INFY,2119.81,2122.2995793543832,2136.7318879315953,2092.258510506421,6666454
2023-09-01,INFY,2149.55,2117.6951213275206,2165.9510084192557,2113.342985700501,1554700
2023-09-04,INFY,2147.45,2148.6706532781996,2163.1903673673028,2118.3653116293626,7157631
2023-09-05,INFY,2125.91,2146.8325099414146,2176.9293633185825,2105.5605626110378,5448232
2023-09-06,INFY,2164.33,2129.143492055742,2176.9035508179973,2103.9459064482767,2260680
2023-09-07,INFY,2173.75,2168.3201947516236,2205.244985310204,2161.4988933059944,5197232
2023-09-08,INFY,2155.48,2177.1671468460377,2207.0897071239397,2132.4593247991215,1851590
2023-09-11,INFY,2141.98,2157.3697353891343,2178.570846341852,2139.5949240423065,2210280
2023-09-12,INFY,2123.79,2142.7082109421162,2162.244363390522,2093.0813398516652,1032309
2023-09-13,INFY,2096.6,2125.3978078751447,2138.5354229071227,2068.91623113603,5990016
2023-09-14,INFY,2084.05,2100.2825455687525,2102.922049291262,2059.3434681882395,1040449
2023-09-15,INFY,2094.61,2081.965939456573,2100.4471012297568,2074.3781824505036,6198979
2023-09-18,INFY,2096.82,2094.904255066311,2121.0576425279614,2089.2464233921573,6007693
2023-09-19,INFY,2085.34,2098.410295545602,2114.361491030684,2056.145905908561,2740831
2023-09-20,INFY,2126.34,2086.835163766966,2132.9268354554897,2056.480981823967,7908801
2023-09-21,INFY,2071.23,2124.2330433716265,2134.207277574047,2061.75162898797,4517937
2023-09-22,INFY,2079.92,2071.948563765902,2109.5998689462167,2044.7375142935716,3602226
2023-09-25,INFY,2076.52,2082.3819026527303,2095.1674353650583,2049.2386391644513,7968511
2023-09-26,INFY,2050.79,2076.3130040146157,2104.7741625877798,2020.6703169138616,5793485
2023-09-27,INFY,2060.96,2053.195971050852,2071.810751708933,2023.8297461552218,2504915
2023-09-28,INFY,2055.52,2059.804894554673,2077.529683177999,2032.2750625011308,3908760
2023-09-29,INFY,2089.3,2059.1275208663506,2091.988258783761,2030.1145723448997,5868073
2023-10-02,INFY,2113.34,2089.583546762939,2130.8939336405965,2069.03104509096,6768155
2023-10-03,INFY,2166.17,2114.151082569312,2187.6523154517417,2107.0873876040564,7214846
2023-10-04,INFY,2153.03,2162.10939795799,2171.3638129576775,2130.570632250696,4344301
2023-10-05,INFY,2192.6,2150.190318241248,2212.5638871356696,2139.8472110429166,7528148
2023-10-06,INFY,2159.85,2193.765883305283,2215.83593329599,2130.291890125564,4171743
2023-10-09,INFY,2157.22,2159.1577280899755,2182.080221200441,2144.7755427852708,2536519
2023-10-10,INFY,2144.64,2157.2904443682082,2182.8967193586122,2121.980721507417,5568798
2023-10-11,INFY,2161.91,2140.8909240081066,2173.495133917541,2131.249508013505,2901412
2023-10-12,INFY,2178.64,2164.799481253087,2198.13638223705,2136.4569050851755,1116751
2023-10-13,INFY,2153.61,2181.119341141546,2213.2736345761864,2148.377518696623,2754217
2023-10-16,INFY,2172.51,2150.8995007026174,2201.9996906909646,2125.940636776408,7339687
2023-10-17,INFY,2162.25,2173.677327487741,2204.842026199572,2140.506260709311,2732968
2023-10-18,INFY,2139.76,2165.003108265598,2178.871922416267,2136.1278214889203,2339025
2023-10-19,INFY,2139.9,2140.965576187747,2166.693545563166,2125.132021622233,4200034
2023-10-20,INFY,2099.29,2138.2770835364945,2158.9725508013557,2078.5506968886143,3316400
2023-10-23,INFY,2125.17,2100.600890308349,2129.756735630599,2097.01816857069,2169715
2023-10-24,INFY,2124.1,2122.708727969296,2150.727134424519,2100.6475941198973,4048500
2023-10-25,INFY,2123.64,2122.5558217588846,2145.8945109633296,2093.536641801545,6406554
2023-10-26,INFY,2121.7,2121.432006072498,2129.7303014635695,2119.216985884329,3868839
2023-10-27,INFY,2167.59,2122.183111958965,2172.177356995779,2098.308188818058,6782337
2023-10-30,INFY,2210.86,2164.1931839890503,2238.9784024687124,2157.5222963048345,6268848
2023-10-31,INFY,2250.17,2214.6919543499876,2254.905765415327,2186.604281164497,5069617
2023-11-01,INFY,2248.18,2248.671497971366,2253.7961171352435,2237.476315211786,7496286
2023-11-02,INFY,2216.07,2245.652777041427,2261.335778339748,2199.099981974514,7151996
2023-11-03,INFY,2216.1,2216.0394165817147,2222.498256545845,2213.2310116931512,4785407
2023-11-06,INFY,2225.64,2214.12321946191,2256.3346344399333,2198.0478545598476,7526312
2023-11-07,INFY,2249.64,2225.9507357232665,2266.701213761253,2193.3410296279967,6305377
2023-11-08,INFY,2259.24,2248.276800494863,2279.5011212614763,2233.5602367290585,4675378
2023-11-09,INFY,2229.59,2255.9150024862474,2287.483115804868,2200.6820956503702,6079990
2023-11-10,INFY,2214.56,2227.5021694906864,2246.2659464573244,2206.0994347708593,6835522
2023-11-13,INFY,2197.02,2214.014685372232,2227.1886839143435,2190.411264426731,3133520
2023-11-14,INFY,2212.9,2192.8921792977612,2239.8092434712376,2174.799304107066,5238413
2023-11-15,INFY,2229.6,2215.295619392124,2245.65290320407,2206.3571239807484,2237293
2023-11-16,INFY,2250.22,2230.686480196843,2262.502987792303,2201.7579347746737,1974501
2023-11-17,INFY,2259.52,2251.1323256619594,2284.657639968317,2232.873604351519,1027426
2023-11-20,INFY,2199.54,2259.936202968351,2287.558226818478,2178.677846351405,1904064
2023-11-21,INFY,2150.67,2200.3345897402232,2226.9234908930543,2136.816337507388,7928381
2023-11-22,INFY,2147.22,2154.4091716605153,2186.0519309779297,2116.348732330787,6806191
2023-11-23,INFY,2150.43,2142.999159923348,2176.2638408961684,2133.419353071861,6398844
2023-11-24,INFY,2185.95,2146.540299718557,2211.6984539203677,2116.720154145216,3610320
2023-11-27,INFY,2188.65,2183.252480077753,2217.1129414082566,2170.5690958390605,5041371
2023-11-28,INFY,2161.36,2185.7373566612882,2187.9287610538067,2129.4980979259026,6862065
2023-11-29,INFY,2180.44,2158.603785827673,2193.684079246944,2151.3647631736,1976729
2023-11-30,INFY,2180.43,2181.9396533058393,2206.653269170086,2153.0564344062036,1671367
2023-12-01,INFY,2169.51,2180.076624696435,2200.5607688862374,2152.6246270074957,6846945
2023-12-04,INFY,2124.45,2173.777676777344,2181.3554832288987,2100.360650390538,3142010
2023-12-05,INFY,2127.27,2122.1291311268124,2138.4429820379555,2111.7669036662055,3011153
2023-12-06,INFY,2134.07,2125.6603381960513,2146.2664161054477,2103.338599159436,4497914
2023-12-07,INFY,2106.9,2138.2036143460195,2157.339667635268,2096.670007539597,6063834
2023-12-08,INFY,2127.75,2109.6959249074253,2154.649815853535,2086.4643687723933,4690255
2023-12-11,INFY,2146.33,2127.492961167195,2176.4964211436627,2117.992903611757,1456185
2023-12-12,INFY,2148.17,2146.7987317334155,2172.876734259277,2115.516604527496,6124873
2023-12-13,INFY,2148.97,2151.1188180552354,2178.655947131239,2125.2590358452967,2089867
2023-12-14,INFY,2175.87,2148.806508477385,2192.366017703622,2131.5749477859968,2087381
2023-12-15,INFY,2186.75,2173.311383357722,2200.869526522576,2142.082711639773,2147407
2023-12-18,INFY,2167.27,2189.6229043787353,2203.850897637305,2140.405554562634,3246667
2023-12-19,INFY,2162.17,2167.597452748668,2188.4595798289624,2158.0262395583322,1009290
2023-12-20,INFY,2178.3,2159.1692764492386,2184.267047419971,2156.309844772339,6588658
2023-12-21,INFY,2121.23,2178.348670464276,2198.1997844914613,2111.380066932644,2854080
2023-12-22,INFY,2096.01,2120.493537628094,2142.3597702092934,2071.97044359331,1829722
2023-12-25,INFY,2115.06,2099.169462860998,2130.1715164808484,2075.3381046421073,5279490
2023-12-26,INFY,2148.76,2111.8963392026153,2179.5825450386233,2099.3116862098527,2850123
2023-12-27,INFY,2177.76,2151.984943277623,2198.4813555048027,2123.2481855880374,2578013
2023-12-28,INFY,2203.52,2177.866370655875,2212.5103453188794,2174.112450616672,3925576
2023-12-29,INFY,2207.73,2202.677060435008,2224.7494515123317,2176.5695675614566,7571316
2024-01-01,INFY,2178.68,2204.744859248088,2227.7969265569586,2176.490206021627,5029884
2024-01-02,INFY,2173.59,2180.430072315366,2192.489611844854,2156.0714582818405,6780789
2024-01-03,INFY,2117.75,2177.3008111794184,2181.9057642662715,2108.855492028657,1785088
2024-01-04,INFY,2154.02,2116.694321564881,2173.7682683623193,2085.0086295875353,3008880
2024-01-05,INFY,2131.61,2151.79347569258,2182.499960993225,2126.158300133657,7215427
2024-01-08,INFY,2117.3,2132.077819475778,2148.68885439301,2093.543954611795,2865407
2024-01-09,INFY,2146.91,2119.8084580344766,2176.2915950486467,2107.8339026113094,6548122
2024-01-10,INFY,2102.32,2142.64853560443,2169.839453103511,2094.518235674852,2880519
2024-01-11,INFY,2070.27,2103.424789648331,2109.8692182856744,2043.9735719998591,6558267
2024-01-12,INFY,2077.94,2071.069256723066,2100.6194245033057,2052.8337668284717,3474427
2024-01-15,INFY,2092.45,2076.4285246118798,2107.299107731116,2059.6379072137765,2572566
2024-01-16,INFY,2090.96,2092.043420255573,2101.4648301707607,2068.7324104414392,6009486
2024-01-17,INFY,2090.36,2088.8436408927737,2112.55363845612,2071.5993626988757,4368410
2024-01-18,INFY,2125.29,2092.78386220474,2149.512461582546,2070.6958662616294,1934814
2024-01-19,INFY,2143.34,2126.433702994135,2150.88144566116,2105.276683736326,6036134
2024-01-22,INFY,2157.77,2143.620448511924,2187.5520282224056,2131.553229805158,5932206
2024-01-23,INFY,2180.01,2156.84238502064,2205.115129046012,2143.5914048751556,1306489
2024-01-24,INFY,2171.97,2178.1908635014765,2208.832034147238,2146.453088638446,7909174
2024-01-25,INFY,2233.8,2174.7738958623668,2245.9496941850407,2169.47780032214,7406377
2024-01-26,INFY,2167.29,2233.365817816858,2264.9694856536184,2160.959431820074,5810321
2024-01-29,INFY,2208.84,2167.3025479141943,2222.444791606756,2150.2397353631372,3762734
2024-01-30,INFY,2235.23,2209.024029332671,2239.1541176176943,2189.2875271114567,5152554
2024-01-31,INFY,2242.94,2234.768352900339,2269.141063849954,2213.0374291480703,4046165
2024-02-01,INFY,2245.76,2240.751683898989,2270.1245062953494,2229.327773556578,3228610
2024-02-02,INFY,2241.72,2242.349502988321,2263.3620083199703,2229.1738212727464,7620770
2024-02-05,INFY,2274.37,2238.120131850221,2292.24316489581,2210.6953905945984,3138030
2024-02-06,INFY,2273.69,2276.7122601568412,2280.014207331125,2260.9582737566225,7492197
2024-02-07,INFY,2252.67,2271.175551897155,2293.306707553138,2226.84096849225,6412301
2024-02-08,INFY,2279.58,2248.6663099202497,2295.162489930374,2215.5205563569666,4901359
2024-02-09,INFY,2327.05,2282.292858919823,2347.6279440690764,2270.3996516389625,2663216
2024-02-12,INFY,2269.26,2323.8299366771575,2340.1211436306976,2255.705960624481,1988807
2024-02-13,INFY,2339.29,2270.3959560805074,2373.267686311428,2249.3978123715115,6677617
2024-02-14,INFY,2308.28,2337.780159273861,2359.889772677251,2290.6438285282106,7834127
2024-02-15,INFY,2279.97,2304.8312473876617,2331.312164925358,2276.0036927881874,7951717
2024-02-16,INFY,2243.58,2279.190076793082,2311.346844265437,2228.6216091062615,3926473
2024-02-19,INFY,2244.09,2239.2257394586395,2264.920519743899,2226.2614623489067,6781801
2024-02-20,INFY,2207.25,2247.151342539227,2249.777982125432,2176.11620568431,3683684
2024-02-21,INFY,2174.5,2207.3691735006873,2210.636264184732,2146.935869366333,7158489
2024-02-22,INFY,2155.52,2171.3614137748773,2194.88320324173,2132.26912111191,2985243
2024-02-23,INFY,2159.87,2153.252223263575,2170.4688965822666,2137.2133159347923,7481547
2024-02-26,INFY,2166.94,2159.4205327129766,2186.6836754893106,2150.507033290543,6122515
2024-02-27,INFY,2202.38,2164.243194481593,2210.8192570532665,2141.5129539339746,4889200
2024-02-28,INFY,2237.75,2200.3414696852274,2248.4542418823708,2178.3146302118444,6588621
2024-02-29,INFY,2268.04,2238.0577851854696,2286.3316854074546,2212.512845166121,1700461
2024-03-01,INFY,2260.83,2271.0574821837263,2304.346580273937,2234.97634773931,1700066
2024-03-04,INFY,2207.21,2259.942304866393,2281.7005476685226,2203.422634770164,1732444
2024-03-05,INFY,2154.23,2209.12563997416,2240.287728541035,2141.0814428807057,5209419
2024-03-06,INFY,2183.21,2157.4758577326534,2214.716597686546,2129.822664234455,6318259
2024-03-07,INFY,2207.64,2180.7325015034558,2216.2796873349685,2170.071947258406,6476433
2024-03-08,INFY,2190.42,2210.3526771261545,2222.192896375785,2179.7051137397416,1564267
2024-03-11,INFY,2149.88,2192.675275693073,2218.504753493805,2137.691433231287,3793153
2024-03-12,INFY,2121.09,2148.6497294324513,2176.8715905079544,2093.274208644283,7885121
2024-03-13,INFY,2126.37,2125.243263563591,2143.953324408592,2105.503750735828,4922874
2024-03-14,INFY,2131.72,2124.350564053801,2163.493638210006,2095.6603357856234,7822160
2024-03-15,INFY,2161.08,2129.62923687306,2163.591198262004,2122.0321829331892,7682385
2024-03-18,INFY,2148.9,2163.433495342195,2174.671011842259,2136.3770918586506,5166421
2024-03-19,INFY,2142.56,2148.33834044304,2169.229350813624,2125.6356081346576,5850258
2024-03-20,INFY,2174.37,2141.109872496072,2190.8301086510314,2119.275297932792,1407609
2024-03-21,INFY,2114.78,2171.575176176181,2177.291720855471,2088.513359451399,5622900
2024-03-22,INFY,2123.97,2117.024478873167,2137.0303323032736,2088.4240418079435,1700416
2024-03-25,INFY,2115.21,2126.402555706315,2129.286510449553,2112.1839139565536,5151511
2024-03-26,INFY,2135.28,2115.7731873810894,2156.629478881691,2089.9503469800397,4538236
2024-03-27,INFY,2149.98,2139.185970447901,2179.0012805762776,2108.8913423517374,7126819
2024-03-28,INFY,2130.99,2148.4162186725735,2177.1797257575267,2127.715381847944,3082264
2024-03-29,INFY,2117.4,2128.600043958904,2151.5753495693825,2101.911905840115,5836835
2024-04-01,INFY,2054.5,2118.9030725461676,2134.8388821954877,2046.5967376685503,4019517
2024-04-02,INFY,2074.99,2056.6236022100916,2091.939436838561,2027.034386417403,7918814
2024-04-03,INFY,2081.91,2072.706730559341,2087.982647364107,2058.0677045262023,2608990
2024-04-04,INFY,2120.22,2078.384166864891,2132.4626576564247,2058.7952703450674,3701822
2024-04-05,INFY,2109.68,2122.8534530607603,2130.555575220132,2100.8351709900294,4368513
2024-04-08,INFY,2135.22,2113.701066735046,2161.903423374756,2083.1326353285017,6145490
2024-04-09,INFY,2105.99,2136.4556286346688,2165.952719961909,2086.243538486791,3639668
2024-04-10,INFY,2032.4,2104.118759652136,2122.0393827076555,2024.6505154486927,5742601
2024-04-11,INFY,2030.35,2036.437749638491,2059.222833697149,2014.752367477619,1786526
2024-04-12,INFY,2015.84,2033.5438756597796,2039.0354747092517,2001.1254613391645,2548780
2024-04-15,INFY,1988.74,2015.9478929679908,2035.1386787077377,1961.614194054582,4226364
2024-04-16,INFY,2012.4,1991.3279178080656,2034.2125531198906,1965.1471884718787,4244181
2024-04-17,INFY,2044.45,2014.9422288840576,2059.453715233314,2003.8157067638479,6653526
2024-04-18,INFY,2047.71,2048.005699014196,2057.0288500009888,2036.3465460650102,3587033
2024-04-19,INFY,2043.3,2050.502452656533,2077.7397755969478,2040.6589275166593,3078850
2024-04-22,INFY,2045.41,2044.474319131325,2068.7291509483275,2034.1851787517587,3357395
2024-04-23,INFY,2028.5,2046.3042836791635,2074.129933310513,2012.080122041014,6788028
2024-04-24,INFY,2043.78,2028.2351370375227,2069.240669480643,2022.155683801069,3432108
2024-04-25,INFY,2003.33,2044.8140352850376,2075.210690793386,1976.2101641334448,2376807
2024-04-26,INFY,1975.83,2005.6956649771755,2013.097520893243,1958.6208002652202,4390584
2024-04-29,INFY,1955.94,1979.5369544527096,1983.9205771763416,1934.4628547219875,6981303
2024-04-30,INFY,1970.13,1955.684064141451,1981.3952803301618,1929.2137420605402,4195335
2024-05-01,INFY,1962.82,1970.7104255392169,1976.2403541819458,1954.3583402670315,2451537
2024-05-02,INFY,1997.96,1962.386652487245,2014.5906625653497,1946.9840531798066,4514536
2024-05-03,INFY,2019.27,1999.30653410072,2039.1848578895176,1984.9010548446445,6452485
2024-05-06,INFY,1998.68,2020.319378304943,2038.6962854200794,1980.2073452656166,3639770
2024-05-07,INFY,2015.58,1994.825216159137,2024.9108492492585,1977.7589303622824,2759268
2024-05-08,INFY,2005.33,2015.9118576611684,2043.5772974866331,1978.507194056871,3594489
2024-05-09,INFY,2018.11,2002.0291217062083,2020.7263042256918,1990.859500010943,3020612
2024-05-10,INFY,2040.9,2014.2867601733324,2052.8845463517428,1996.267480643678,2824998
2024-05-13,INFY,2070.92,2043.2772171523948,2093.836582560119,2035.9924149294923,5415741
2024-05-14,INFY,2076.81,2068.920732690172,2101.1855292894365,2043.5723589109473,6548360
2024-05-15,INFY,2120.47,2075.4862834842443,2134.9436064587594,2050.3122357044717,1532358
2024-05-16,INFY,2133.1,2116.772617781907,2135.7380845171997,2104.1579950167925,7817064
2024-05-17,INFY,2137.32,2130.365368022642,2157.9507196277063,2123.642037024384,1875475
2024-05-20,INFY,2129.38,2139.590729960635,2143.6202758201675,2111.516140870355,1301065
2024-05-21,INFY,2112.38,2129.3248987171232,2134.669463470718,2102.192739385282,3103741
2024-05-22,INFY,2124.37,2115.5964657876866,2145.8335936981266,2113.4610227018047,3030489
2024-05-23,INFY,2127.62,2123.4968170672964,2139.0556097745525,2121.0839278875037,3976579
2024-05-24,INFY,2135.3,2125.6515322376217,2147.839382991091,2115.9175697602855,3133527
2024-05-27,INFY,2149.12,2133.9983195352543,2165.916015554007,2124.0842133079664,3140237
2024-05-28,INFY,2156.76,2150.9490884675324,2188.4645823445567,2126.141470816429,5779432
2024-05-29,INFY,2213.68,2157.2345361354564,2245.8142018928675,2150.0499848190784,7990016
2024-05-30,INFY,2198.98,2217.258999969338,2232.3976772296505,2178.466660654677,3980631
2024-05-31,INFY,2211.82,2199.8786683220433,2222.2531307007885,2196.508266636417,7182810
2024-06-03,INFY,2205.76,2211.758230135534,2223.3396379420797,2175.188139140991,2894728
2024-06-04,INFY,2135.66,2208.281207712962,2218.7991145766846,2116.6563957906137,4031402
2024-06-05,INFY,2130.76,2139.483120574629,2157.5648365804736,2115.3796774855114,4436386
2024-06-06,INFY,2105.29,2129.5313689353775,2149.7534782659272,2085.65224835703,1195961
2024-06-07,INFY,2103.92,2103.183667545997,2120.420858226778,2077.836326531538,5083028
2024-06-10,INFY,2103.66,2104.8980484176445,2119.0259579821236,2089.569346300371,4746050
2024-06-11,INFY,2114.66,2103.650515195794,2123.0298042456666,2094.3583770155137,5126030
2024-06-12,INFY,2100.55,2118.797844670974,2135.229287814514,2088.0049699801834,4506260
2024-06-13,INFY,2089.95,2100.2337561827662,2112.363526012897,2065.460559201929,2504777
2024-06-14,INFY,2109.45,2086.391496903062,2127.554009685999,2076.465512768277,5097824
2024-06-17,INFY,2087.73,2113.477944661029,2135.569393739823,2063.922715592588,3141997
2024-06-18,INFY,2038.29,2090.599267095696,2111.225893910871,2012.715235140542,5079162
2024-06-19,INFY,2042.9,2035.6667219437124,2058.170397511726,2024.8152996437097,4399987
2024-06-20,INFY,2071.79,2046.2062722863373,2089.9901239293854,2039.6564098908595,7140165
2024-06-21,INFY,2090.81,2070.469580450841,2101.2389306604364,2053.3707156394785,6351297
2024-06-24,INFY,2096.04,2089.782258033538,2098.8473597352977,2073.9824281421493,7404892
2024-06-25,INFY,2130.58,2099.4472512107614,2151.3537352812605,2076.853978207512,4429031
2024-06-26,INFY,2161.01,2130.8366544822115,2170.81225454775,2113.62940741687,3585440
2024-06-27,INFY,2152.19,2157.878808272238,2180.24598156591,2123.8838848388928,7381244
2024-06-28,INFY,2159.59,2151.062735902295,2184.334839199024,2147.581523977568,3727162
2024-07-01,INFY,2168.22,2161.5085576959427,2198.1912800071996,2153.3057389602095,4382172
2024-07-02,INFY,2166.25,2165.394238561011,2197.4737190799074,2153.1632752264527,3936036
2024-07-03,INFY,2198.67,2167.0318533255263,2201.1926762313565,2150.854356379732,6994299
2024-07-04,INFY,2194.81,2200.3873735115235,2233.0966575594507,2186.229100386383,2814099
2024-07-05,INFY,2181.02,2193.4391530645466,2216.6068199262463,2163.41175608554,7561064
2024-07-08,INFY,2108.02,2182.7114306387466,2204.5589276397586,2085.252613970151,4883734
2024-07-09,INFY,2086.6,2111.259667127213,2113.8205899145137,2059.985916307383,7495185
2024-07-10,INFY,2051.38,2086.3672751940685,2113.6095313653614,2039.2075177521876,1271984
2024-07-11,INFY,2050.76,2050.419210150566,2056.9879125650114,2046.3428956264597,5690136
2024-07-12,INFY,2017.78,2048.7187424126782,2074.7838168743897,1991.85285822846,1302912
2024-07-15,INFY,2034.19,2018.621054932634,2036.6673904636361,1993.4291741327477,1807359
2024-07-16,INFY,2063.95,2037.2807649503993,2084.6792811541914,2019.088834716187,2933630
2024-07-17,INFY,2063.57,2062.5024384896274,2078.19497761458,2054.864148130084,4161057
2024-07-18,INFY,2037.63,2062.713498965478,2070.5739518548767,2015.450230783279,2064367
2024-07-19,INFY,2045.66,2036.8689494133016,2050.7861365136473,2013.5565381017134,6557651
2024-07-22,INFY,2096.47,2046.1576055003225,2111.4844731676985,2033.2249238118447,2439605
2024-07-23,INFY,2140.06,2094.192470142629,2145.894405504306,2078.483109293866,3766884
2024-07-24,INFY,2101.41,2142.8182048201115,2159.554156197796,2071.660517464684,6226047
2024-07-25,INFY,2062.45,2099.6919063278806,2120.1702830027293,2033.866216051821,6728986
2024-07-26,INFY,2017.33,2064.144201127359,2090.118109323233,2005.2304212544257,1371698
2024-07-29,INFY,1987.96,2017.4366420494564,2038.6219300750108,1971.0856595422656,3227588
2024-07-30,INFY,1994.9,1988.6430439982446,1998.715838204429,1985.8463768693568,6329953
2024-07-31,INFY,1980.9,1992.3434058923465,2002.910905803937,1970.0039402012128,4395622
2024-08-01,INFY,1959.74,1982.7622298130848,1992.7388955381357,1930.6202846169645,3393666
2024-08-02,INFY,1986.64,1957.2991087039545,2014.076400192704,1941.1205888790214,2099984
2024-08-05,INFY,2000.77,1983.5684450698247,2027.0780219334358,1965.3241202386275,7267735
2024-08-06,INFY,1956.87,2001.14357977197,2013.5147911769625,1930.440502116884,7708375
2024-08-07,INFY,1982.28,1958.50826915328,1986.2369749688326,1954.4442150649356,2194882
2024-08-08,INFY,1995.75,1978.7121801513915,2022.727555513123,1971.3318967262558,7430060
2024-08-09,INFY,2009.9,1992.3124827991703,2036.9023218104778,1968.8454379416419,7266054
2024-08-12,INFY,1995.43,2012.3334193964906,2038.426231708081,1972.6496335986533,3394712
2024-08-13,INFY,1991.01,1997.8966124783117,2023.5319094689814,1962.0373257007539,2121015
2024-08-14,INFY,1940.39,1988.981596578847,2004.3436073532378,1919.3446160621725,1542530
2024-08-15,INFY,1962.69,1941.2843506097258,1969.5280966137525,1928.0539311475372,3802766
2024-08-16,INFY,1937.63,1962.2439204067427,1977.323436664364,1919.9816928449554,2914332
2024-08-19,INFY,1916.13,1938.658463322819,1954.021107942827,1913.3891226037608,1821681
2024-08-20,INFY,1894.53,1918.9112955305643,1933.9921048808637,1867.5994878830513,2935132
2024-08-21,INFY,1939.28,1891.346101568255,1955.8469126112184,1878.6362978001007,4385375
2024-08-22,INFY,1922.85,1941.4363585505237,1950.3809408836669,1917.1128543075056,1871510
2024-08-23,INFY,1946.83,1922.796384054513,1958.7589604613286,1906.895574726374,7585894
2024-08-26,INFY,1946.65,1947.3293770316966,1961.1137666877403,1917.5309933197047,4860872
2024-08-27,INFY,1926.1,1947.8486019279094,1953.3721102347943,1903.7557395634153,5591204
2024-08-28,INFY,1901.22,1929.3560577901503,1943.5852475691727,1881.3194847268724,5611315
2024-08-29,INFY,1886.1,1897.8489084403666,1921.2808416419211,1883.3159710265875,7808807
2024-08-30,INFY,1884.69,1882.5501813909675,1908.423587554305,1878.3423540696833,5656707
2024-09-02,INFY,1899.84,1882.2644927878164,1912.6865144297178,1879.042784547117,5335807
2024-09-03,INFY,1888.63,1903.5366913912585,1919.2662172925682,1882.134280741328,1351771
2024-09-04,INFY,1876.56,1890.254798718883,1893.0355613427566,1857.650033007003,3187533
2024-09-05,INFY,1855.48,1877.4205237534918,1897.0246536048685,1851.179498171395,5546475
2024-09-06,INFY,1827.09,1852.11816009132,1864.4615689002108,1824.7944132153352,4398369
2024-09-09,INFY,1797.14,1829.8606739958905,1843.1028039777243,1778.9906802139853,2759308
2024-09-10,INFY,1820.62,1799.3882714053382,1844.709384567812,1778.9612262236278,1856798
2024-09-11,INFY,1808.5,1821.8201530234612,1835.4212830998824,1795.219873616953,1094176
2024-09-12,INFY,1798.55,1807.3362723192163,1809.6798298057288,1776.2841860639833,6886835
2024-09-13,INFY,1783.36,1795.4601267513492,1802.9738984106639,1757.4241302408218,1335014
2024-09-16,INFY,1776.4,1783.930949751132,1797.593521379741,1773.2764428931832,5765979
2024-09-17,INFY,1785.36,1777.961061746972,1797.753162313101,1774.3346769893774,4854015
2024-09-18,INFY,1774.46,1782.4622918085122,1805.7148366741285,1751.8838186028543,1795736
2024-09-19,INFY,1779.02,1775.4094614464243,1794.301648605282,1758.9130020156892,2852040
2024-09-20,INFY,1812.21,1777.4997638483703,1831.5189170299836,1771.5176032989275,1091291
2024-09-23,INFY,1793.3,1814.1254640805469,1827.8593483613665,1782.9957057022561,1899321
2024-09-24,INFY,1783.45,1793.5841724195373,1806.4175905148647,1766.555422965227,4735568
2024-09-25,INFY,1798.7,1780.803622636882,1811.7370016281873,1772.6446820043511,3520022
2024-09-26,INFY,1834.11,1798.8908021225511,1846.495565042676,1794.499104230784,4184972
2024-09-27,INFY,1804.89,1833.345079753878,1849.0021536405336,1801.2192447285597,4544886
2024-09-30,INFY,1765.38,1802.5823107343674,1810.7051208868781,1748.2626893905328,3147849
2024-10-01,INFY,1765.75,1767.791620115779,1791.6122104021736,1743.55425679174,7155343
2024-10-02,INFY,1763.76,1762.2963939317492,1773.7485215282845,1758.3836448152772,4934853
2024-10-03,INFY,1780.2,1762.4345574785061,1785.656907014435,1738.2817599440848,1712111
2024-10-04,INFY,1793.26,1776.7292867477968,1797.4772215575024,1768.0297760549936,6323978
2024-10-07,INFY,1792.87,1790.3621416675664,1794.9997875856395,1767.0282845720112,3741186
2024-10-08,INFY,1817.72,1791.4148795938754,1830.2985953158557,1774.3094040751469,1507099
2024-10-09,INFY,1802.02,1814.4791592764238,1821.059465638437,1785.372543609447,3204924
2024-10-10,INFY,1807.38,1802.716520607673,1809.7351438064939,1779.6825100274548,3215080
2024-10-11,INFY,1779.21,1804.3932171305444,1819.3340867370764,1775.5048664787846,7165326
2024-10-14,INFY,1778.63,1780.645563659467,1799.3774202276663,1752.016989571329,6290299
2024-10-15,INFY,1745.23,1775.4472633631283,1779.35416118788,1740.8901707742916,2366825
2024-10-16,INFY,1720.3,1742.1535706498948,1755.1376510051462,1715.7818221924483,5391283
2024-10-17,INFY,1758.91,1718.9604085764277,1778.980572867087,1700.8038740510856,4828471
2024-10-18,INFY,1717.58,1761.700134483935,1787.775578746459,1708.7516040676294,3120556
2024-10-21,INFY,1713.12,1718.5514168645686,1736.3223810508866,1693.486488029727,7428230
2024-10-22,INFY,1731.92,1714.971069275317,1739.5885152077321,1707.4643491397378,2515675
2024-10-23,INFY,1782.31,1729.4367877177824,1801.9720000480027,1717.0811316346897,1100965
2024-10-24,INFY,1786.81,1784.6920604037234,1803.554217907903,1765.4230192810442,4726348
2024-10-25,INFY,1792.64,1783.2946031909437,1799.7481582735595,1766.5374948094802,4316219
2024-10-28,INFY,1793.96,1790.5824605168723,1817.1299828799247,1781.0179609002794,2937627
2024-10-29,INFY,1819.01,1794.7930599218012,1831.7133509803975,1790.6387678222432,6724174
2024-10-30,INFY,1829.62,1818.1022878787867,1856.0903697931649,1794.1581920646083,5302573
2024-10-31,INFY,1816.34,1833.1635596534245,1853.5494641903379,1803.623977257364,3957428
2024-11-01,INFY,1843.08,1812.9277455502638,1861.5548204265433,1792.1737272447388,3529610
2024-11-04,INFY,1832.41,1846.755825245442,1867.4338389069019,1825.4820453415202,6105719
2024-11-05,INFY,1794.74,1833.3161475088536,1847.4205054418164,1769.5837078327065,7325598
2024-11-06,INFY,1757.91,1795.1614551659256,1809.6541000081947,1748.4970618233974,3206851
2024-11-07,INFY,1753.7,1754.8126500716305,1777.4793955510818,1731.6897395389396,2669090
2024-11-08,INFY,1756.44,1752.109947404036,1774.9405816646297,1740.4573577299698,3199433
2024-11-11,INFY,1778.65,1759.4235781288917,1802.7709957649292,1753.6169458445993,6664989
2024-11-12,INFY,1793.85,1777.6130186142905,1818.0159840065883,1769.7402003463556,6776556
2024-11-13,INFY,1796.11,1795.0099263746324,1822.4604792106609,1787.0063368824071,1500508
2024-11-14,INFY,1820.12,1799.6986015598022,1839.7827658680058,1785.7506393147441,2111545
2024-11-15,INFY,1820.83,1818.3950337901708,1835.4553145119803,1813.7952913315785,4706676
2024-11-18,INFY,1790.68,1821.3841213877438,1827.446350368597,1778.5633150294318,1089244
2024-11-19,INFY,1755.96,1792.0870289065442,1811.5765628548681,1752.1763479287602,4039382
2024-11-20,INFY,1785.53,1753.604395439516,1794.6042206484888,1740.717708087582,6846712
2024-11-21,INFY,1733.81,1783.0207772906258,1791.8668175656378,1720.084324139476,1194068
2024-11-22,INFY,1729.67,1733.5069848812482,1741.023521214513,1709.1093128543253,5736137
2024-11-25,INFY,1797.1,1728.8799733780456,1820.9146458897278,1716.1329640802053,1657739
2024-11-26,INFY,1808.22,1798.6398662463048,1832.0008094049147,1775.200329001643,2275421
2024-11-27,INFY,1803.72,1805.106308602835,1822.856977139514,1798.625686537422,3601852
2024-11-28,INFY,1764.61,1807.1266255302942,1820.9000635030873,1754.8384482002696,7116658
2024-11-29,INFY,1802.11,1761.1815532186104,1820.8692486556408,1759.2634438354694,1696480
2024-12-02,INFY,1830.94,1802.8403362492177,1848.3361496562104,1778.122248613077,2328529
2024-12-03,INFY,1847.64,1831.3987061003097,1860.241421172011,1810.0984741860486,6164621
2024-12-04,INFY,1848.03,1844.9403446919366,1859.6999992485526,1839.9225136894174,7758677
2024-12-05,INFY,1862.18,1845.4495290541363,1874.0218266663892,1827.979687010178,6532991
2024-12-06,INFY,1859.0,1864.3600726568854,1881.6014278499185,1843.2510016172687,7246896
2024-12-09,INFY,1835.88,1861.8819144407569,1880.6261704049816,1830.4625502182405,2943419
2024-12-10,INFY,1859.11,1834.2865807493067,1872.7268365592931,1820.1727087847535,2782414
2024-12-11,INFY,1858.3,1858.6486727401696,1885.7137205081744,1835.459006393534,5607011
2024-12-12,INFY,1871.31,1857.2221491390462,1875.3779286278252,1852.557590134494,4326254
2024-12-13,INFY,1868.78,1868.1104118034882,1879.7285435762665,1840.9011280792402,3429365
2024-12-16,INFY,1880.41,1870.0747225234777,1893.3228611485426,1865.4660126602919,3972703
2024-12-17,INFY,1880.47,1882.855984186152,1885.1848865095862,1853.5929747891075,3387117
2024-12-18,INFY,1878.62,1879.0023259407737,1890.4819039296779,1867.9529910665512,2020576
2024-12-19,INFY,1879.77,1882.3034161977218,1891.3985911839022,1853.4598204654524,1685305
2024-12-20,INFY,1952.53,1876.5807939273304,1968.3152439819014,1866.985802180798,4567354
2024-12-23,INFY,1973.33,1953.7936048897768,1984.597216351024,1925.4159221216098,6320614
2024-12-24,INFY,2040.11,1972.921347151619,2062.8909900945587,1966.5969666353733,1456982
2024-12-25,INFY,2040.34,2039.6742480178666,2056.9464393475205,2022.3843685858408,5420266
2024-12-26,INFY,2032.59,2039.9943306248713,2045.7403240447586,2004.7604988369226,7801078
2024-12-27,INFY,2004.65,2030.6279959464441,2053.9819612711685,1994.4172084061543,3497537
2024-12-30,INFY,2046.88,2006.378512087246,2051.770414999392,1990.026652020616,7200513
2024-12-31,INFY,2023.24,2048.6941622388517,2074.808228255748,1998.300095169236,6602469
2022-01-03,HDFCBANK,1598.36,1601.4853540749214,1611.594306645652,1588.4880098014385,6396757
2022-01-04,HDFCBANK,1569.55,1600.1690734992455,1620.54539503029,1555.7204594319896,1806575
2022-01-05,HDFCBANK,1562.56,1566.8591710206638,1575.295541913497,1552.8735306350713,4090484
2022-01-06,HDFCBANK,1543.45,1564.8876717322041,1578.9426259797249,1523.4699318673229,4254108
2022-01-07,HDFCBANK,1553.2,1544.27298807652,1568.8530592925888,1542.08367612716,3814985
2022-01-10,HDFCBANK,1563.13,1555.6266809128854,1579.5302513628321,1548.1822107936844,7438545
2022-01-11,HDFCBANK,1560.91,1562.1402866529756,1583.0037486867866,1542.9640608593213,2504994
2022-01-12,HDFCBANK,1572.47,1560.6884685650932,1579.2075806667908,1553.1009922840149,1041713
2022-01-13,HDFCBANK,1573.88,1574.9622206432214,1582.322293449328,1562.942094911415,4626800
2022-01-14,HDFCBANK,1606.49,1572.4482296286076,1623.9309774148126,1551.2652228014333,3695750
2022-01-17,HDFCBANK,1617.85,1609.159992010718,1623.4812721333822,1589.0370439804512,5509714
2022-01-18,HDFCBANK,1634.08,1619.9758530371703,1646.335249766809,1596.6130699358653,7959158
2022-01-19,HDFCBANK,1608.34,1637.2210804803242,1639.3175115840434,1602.4363194427615,3815702
2022-01-20,HDFCBANK,1587.91,1607.2093857900077,1611.988761566379,1576.356154911709,4751879
2022-01-21,HDFCBANK,1596.56,1586.2315993282457,1613.3300257827432,1569.4722393557909,5870864
2022-01-24,HDFCBANK,1569.64,1595.4798754125893,1613.7711945319845,1548.8718241682736,7429716
2022-01-25,HDFCBANK,1559.14,1572.494546023103,1576.6057802805951,1546.3186340186282,2436953
2022-01-26,HDFCBANK,1579.65,1558.0989515952322,1586.2654694782987,1546.1851954721897,7556408
2022-01-27,HDFCBANK,1568.71,1580.0620474055818,1583.8299617250873,1560.5955008616238,5470299
2022-01-28,HDFCBANK,1548.12,1568.1056029095453,1579.1886280375015,1545.920308719323,1474106
2022-01-31,HDFCBANK,1559.76,1547.4773453203004,1564.0737112350648,1533.6881421070482,5063142
2022-02-01,HDFCBANK,1595.62,1557.84697688218,1606.9842357927655,1543.3348204865003,4341728
2022-02-02,HDFCBANK,1581.71,1595.8566594275496,1613.8090503632345,1566.1760578258434,1523047
2022-02-03,HDFCBANK,1603.29,1583.9206248164967,1620.232672262855,1578.4987611281801,7699730
2022-02-04,HDFCBANK,1587.13,1600.4007753095232,1608.285064613252,1566.7963905223914,1538908
2022-02-07,HDFCBANK,1585.45,1589.6010128144042,1606.1848046567293,1569.2996243529556,6164563
2022-02-08,HDFCBANK,1584.53,1586.4993964503078,1608.6913021472833,1576.8443818522887,5781587
2022-02-09,HDFCBANK,1571.18,1585.2698999632532,1594.5680491681007,1547.957533959159,6732862
2022-02-10,HDFCBANK,1586.6,1571.971247711862,1595.4971262895922,1554.7602534762868,3658121
2022-02-11,HDFCBANK,1560.01,1585.3070468869014,1599.5750340286,1550.6191458371657,3948093
2022-02-14,HDFCBANK,1563.64,1559.4804983099182,1570.5779103251298,1540.1481322215984,1476555
2022-02-15,HDFCBANK,1582.39,1565.5119272993284,1598.4071177178535,1548.663806480609,5262007
2022-02-16,HDFCBANK,1596.47,1581.1644771561505,1616.6680032863567,1568.2062508837826,3820192
2022-02-17,HDFCBANK,1605.38,1596.2785526559062,1617.3087103840132,1581.7657147050863,3033783
2022-02-18,HDFCBANK,1633.66,1602.2953090233614,1650.834835110195,1580.6392955553329,2811992
2022-02-21,HDFCBANK,1630.01,1635.1862197554265,1651.7447628430823,1626.9705114068188,5498584
2022-02-22,HDFCBANK,1602.97,1629.4734149000317,1631.984951386371,1579.9194486323609,2271028
2022-02-23,HDFCBANK,1605.64,1603.1325973804005,1611.3686475626043,1595.912727154292,5708099
2022-02-24,HDFCBANK,1603.71,1603.1653190249988,1625.3751919890205,1580.7208743740518,7123011
2022-02-25,HDFCBANK,1566.67,1606.8642681033946,1629.5925437763499,1553.4193264201542,1083086
2022-02-28,HDFCBANK,1547.56,1565.4321290820094,1584.1017152308573,1528.1470329791994,5474702
2022-03-01,HDFCBANK,1521.88,1548.395618402801,1569.9144063698557,1502.0580748020097,7614873
2022-03-02,HDFCBANK,1503.95,1522.3745278740284,1530.4219231125223,1484.0415696654788,7409030
2022-03-03,HDFCBANK,1493.9,1505.665057680372,1512.392299302617,1480.9613513918287,5833439
2022-03-04,HDFCBANK,1484.54,1492.6680521120147,1502.191576737618,1472.9855115433452,7397003
2022-03-07,HDFCBANK,1467.64,1486.0597375229688,1488.6971784822501,1448.366045853445,6696098
2022-03-08,HDFCBANK,1443.26,1466.9502193600945,1485.0497484683412,1441.4004175432967,3051763
2022-03-09,HDFCBANK,1445.18,1442.7471287022695,1466.5375301861004,1426.3123956758056,3634366
2022-03-10,HDFCBANK,1442.96,1446.1784027561125,1464.3082882823114,1430.5848557915053,4603208
2022-03-11,HDFCBANK,1441.22,1444.6008519887623,1457.2695026226015,1423.9653881652982,1508237
2022-03-14,HDFCBANK,1465.36,1442.1819661332386,1472.8830814357361,1430.5218052882901,5705804
2022-03-15,HDFCBANK,1463.85,1467.7038698170563,1473.2338410718542,1457.3859782393831,5563835
2022-03-16,HDFCBANK,1453.82,1462.592020181393,1471.5092685174518,1442.6189394259027,6532587
2022-03-17,HDFCBANK,1448.02,1456.1496984698579,1471.2027528790904,1432.0904538888801,6206367
2022-03-18,HDFCBANK,1445.52,1445.8819320113462,1456.3773891025046,1428.8640717219992,6408082
2022-03-21,HDFCBANK,1451.23,1446.4424170670568,1471.6587288578166,1440.1143496481886,3884509
2022-03-22,HDFCBANK,1446.42,1451.50649212081,1470.3166878421607,1427.1180088698757,2037711
2022-03-23,HDFCBANK,1411.43,1446.3889652677437,1449.9089099265261,1397.56909532879,5770187
2022-03-24,HDFCBANK,1400.67,1410.3624622595878,1414.369800062369,1382.6304321542984,2178825
2022-03-25,HDFCBANK,1396.74,1400.6909133774836,1415.3524334405363,1380.8334522373227,7832065
2022-03-28,HDFCBANK,1412.84,1394.850341271187,1418.8173833693977,1376.9091697772517,2216396
2022-03-29,HDFCBANK,1396.65,1412.1014856112802,1429.151789599768,1393.039401536781,6521175
2022-03-30,HDFCBANK,1367.58,1394.4079908136155,1407.346722071725,1361.0794256228073,6319013
2022-03-31,HDFCBANK,1364.7,1367.973023891743,1373.742624383719,1354.9464637774724,1034187
2022-04-01,HDFCBANK,1377.95,1362.4933777371866,1388.5624406162374,1346.3368673833918,3140987
2022-04-04,HDFCBANK,1372.23,1376.0778876082766,1385.2770619883997,1361.4486298272257,4407931
2022-04-05,HDFCBANK,1408.45,1369.9546604360207,1427.0756681923044,1359.394590828238,2542620
2022-04-06,HDFCBANK,1441.97,1407.781327883362,1444.0612525365968,1398.3008387375485,2265365
2022-04-07,HDFCBANK,1441.08,1443.9423753300707,1463.4959750771582,1420.6760252571873,4172963
2022-04-08,HDFCBANK,1444.3,1443.4254810082227,1458.929542264365,1441.4344597335778,3715648
2022-04-11,HDFCBANK,1466.31,1441.8267197571151,1482.9167446769766,1429.5944717799475,1067114
2022-04-12,HDFCBANK,1465.12,1467.099168868187,1468.6198237403216,1462.147923260153,6943606
2022-04-13,HDFCBANK,1452.43,1466.2005870931134,1480.5625380584922,1430.8429884007564,3750631
2022-04-14,HDFCBANK,1466.89,1452.6261939099463,1480.4423125616047,1435.8713383416075,2432609
2022-04-15,HDFCBANK,1474.65,1467.8697936937642,1487.2153124321508,1447.9888741771304,4927073
2022-04-18,HDFCBANK,1461.82,1473.0791480541127,1490.7592443188103,1455.6432644853305,6848751
2022-04-19,HDFCBANK,1466.57,1461.759446806885,1479.449704233791,1446.384296520446,2080736
2022-04-20,HDFCBANK,1464.25,1465.9298471756817,1484.985997952344,1459.5159261762685,3982595
2022-04-21,HDFCBANK,1458.31,1461.846919471582,1468.0697690959737,1453.4296126374793,7034589
2022-04-22,HDFCBANK,1445.97,1459.0424008464468,1476.964922050445,1437.7990073117633,1919284
2022-04-25,HDFCBANK,1448.16,1445.942325248589,1453.2435901913154,1437.7307396176043,5109811
2022-04-26,HDFCBANK,1444.19,1446.8576640751971,1464.7750416667595,1436.6834407597314,7146413
2022-04-27,HDFCBANK,1448.97,1444.0379860648877,1469.4968179482782,1435.9985842657043,7009689
2022-04-28,HDFCBANK,1462.3,1450.5655942788696,1470.6346976202065,1436.6644136898285,4992910
2022-04-29,HDFCBANK,1466.28,1464.0644565862167,1478.62374386248,1456.0993413188455,6454150
2022-05-02,HDFCBANK,1470.56,1467.1569886882503,1485.584132591298,1463.5825505496,5835441
2022-05-03,HDFCBANK,1462.07,1470.3702850155398,1473.476594164179,1446.9463901537526,7388508
2022-05-04,HDFCBANK,1481.22,1462.513005099963,1492.9470113798561,1459.9220848724822,7943638
2022-05-05,HDFCBANK,1467.66,1480.5387298734377,1489.4933089288027,1445.9241641461372,7454689
2022-05-06,HDFCBANK,1441.9,1465.4676467294357,1484.832891387445,1427.318289566945,3534867
2022-05-09,HDFCBANK,1425.17,1441.2403053574842,1460.3706276642552,1406.4281275086846,5881550
2022-05-10,HDFCBANK,1441.64,1425.342917335871,1457.2254454155002,1406.4894470471636,1402016
2022-05-11,HDFCBANK,1449.18,1442.2099322755237,1463.9328591172593,1437.0410705060654,7340916
2022-05-12,HDFCBANK,1470.36,1451.7062162339153,1486.9333662817317,1448.5954368688167,3168127
2022-05-13,HDFCBANK,1449.22,1471.9911200169408,1481.0053236934186,1443.2616994407933,7230227
2022-05-16,HDFCBANK,1486.47,1447.2026426395876,1496.3747501460434,1445.2816548911653,6783736
2022-05-17,HDFCBANK,1482.1,1484.5327264988937,1497.5251581726263,1464.3571963335678,6412044
2022-05-18,HDFCBANK,1453.67,1479.731573130677,1500.6437224154492,1434.7304225173461,2635543
2022-05-19,HDFCBANK,1489.04,1455.054950525637,1505.6219468158256,1443.8362628891507,5260085
2022-05-20,HDFCBANK,1467.85,1490.267697270262,1503.2536655841573,1462.8688900791992,5464878
2022-05-23,HDFCBANK,1461.69,1470.705631141023,1488.039047402545,1440.5799036096191,1466935
2022-05-24,HDFCBANK,1458.64,1461.8187656374632,1470.8710262610261,1457.0908065406522,5757284
2022-05-25,HDFCBANK,1466.03,1460.5444874872646,1482.4884353703014,1450.9508177831303,6272966
2022-05-26,HDFCBANK,1453.53,1466.4782525038645,1476.3761997733384,1451.64794809164,5423638
2022-05-27,HDFCBANK,1470.41,1455.70498503704,1477.6374470128444,1441.3097264096987,7557507
2022-05-30,HDFCBANK,1482.87,1471.7099661856048,1497.010850976891,1459.0714117928364,1229652
2022-05-31,HDFCBANK,1483.45,1483.71751367724,1499.469082900985,1476.8235181441419,4174332
2022-06-01,HDFCBANK,1499.39,1483.8364249050794,1510.5306324177582,1478.046207767645,2086445
2022-06-02,HDFCBANK,1492.54,1500.7272790985783,1514.109279612212,1475.021256148263,3767049
2022-06-03,HDFCBANK,1482.32,1492.0603205853606,1508.0506192081439,1479.380878447579,4813589
2022-06-06,HDFCBANK,1509.23,1479.9279895884465,1526.96034457557,1475.7012023400914,3875997
2022-06-07,HDFCBANK,1508.38,1506.4529330606624,1528.8004495066707,1484.2400951163513,3740701
2022-06-08,HDFCBANK,1486.26,1508.2534392651387,1517.2480879629798,1466.6412988621166,5571087
2022-06-09,HDFCBANK,1466.68,1486.8502924279621,1508.143001963384,1454.8664198563517,2946698
2022-06-10,HDFCBANK,1461.39,1464.2092251846293,1478.7369880878996,1448.900050902778,1430037
2022-06-13,HDFCBANK,1417.25,1460.1443319093787,1477.7066943908887,1410.0467871501737,3484888
2022-06-14,HDFCBANK,1401.97,1416.241100575675,1431.5319252002957,1382.701267210391,4413945
2022-06-15,HDFCBANK,1395.07,1402.3221498259838,1407.7603609494859,1386.7386060979954,4129485
2022-06-16,HDFCBANK,1387.17,1393.8338700798063,1396.621729279946,1378.3325882832073,6434957
2022-06-17,HDFCBANK,1362.69,1384.9263834713845,1400.3932558585313,1346.7065652691008,4425973
2022-06-20,HDFCBANK,1350.76,1360.8632145292818,1371.9606966118527,1340.7556169964525,6747148
2022-06-21,HDFCBANK,1363.13,1348.9983269299794,1377.894043524298,1332.9599521326008,7716098
2022-06-22,HDFCBANK,1372.51,1364.9985510372737,1383.045111235228,1347.3312688392034,1619165
2022-06-23,HDFCBANK,1368.71,1371.3259064542983,1378.6916863750635,1359.161727229745,3366609
2022-06-24,HDFCBANK,1362.45,1369.885402892506,1376.721474523805,1360.6578876265887,7188387
2022-06-27,HDFCBANK,1354.82,1362.8197075998,1378.1206974971828,1338.991728561748,5253972
2022-06-28,HDFCBANK,1353.17,1357.4052065766984,1364.0224499144922,1339.604073041121,1354100
2022-06-29,HDFCBANK,1349.53,1351.9403618033946,1366.819109269518,1334.1345957193848,3736527
2022-06-30,HDFCBANK,1349.18,1347.685856569579,1357.7816185251481,1332.498026582714,5575899
2022-07-01,HDFCBANK,1356.87,1346.762473639443,1372.8709948501523,1334.1819477133313,4762691
2022-07-04,HDFCBANK,1339.04,1355.4640637478383,1359.5295599244146,1332.1117764417424,5285938
2022-07-05,HDFCBANK,1334.71,1340.0259131189825,1345.2114371299901,1315.4144490077708,5303423
2022-07-06,HDFCBANK,1337.86,1332.4957600200203,1352.0450118116028,1330.36341867561,6912000
2022-07-07,HDFCBANK,1323.88,1336.4937872422076,1348.312716791356,1304.8795660960152,7625391
2022-07-08,HDFCBANK,1314.31,1325.761542569886,1330.8714210366043,1310.8107081738617,6587182
2022-07-11,HDFCBANK,1311.4,1314.746103563517,1332.6786858091166,1308.1494241420307,1953487
2022-07-12,HDFCBANK,1309.2,1309.1418821915522,1315.5669250890967,1299.1175846299366,4579253
2022-07-13,HDFCBANK,1312.55,1306.8313070898073,1321.6000316917866,1289.7352819080181,5224019
2022-07-14,HDFCBANK,1300.54,1310.2458073200353,1315.2667101152938,1291.3218291676737,1953919
2022-07-15,HDFCBANK,1314.63,1302.838704710874,1323.086208470604,1294.762212465475,5412704
2022-07-18,HDFCBANK,1312.3,1316.4698059045172,1326.8476091341213,1308.3744191246237,2549904
2022-07-19,HDFCBANK,1314.63,1314.110659268565,1321.3785988938405,1304.5341241757044,1659012
2022-07-20,HDFCBANK,1309.52,1316.860752328593,1332.356662904275,1297.4068503537267,4958457
2022-07-21,HDFCBANK,1313.15,1309.5475281545655,1321.7052532727305,1305.2732654832425,4374758
2022-07-22,HDFCBANK,1337.53,1311.8229026196477,1352.5279111434277,1310.161249558216,3242027
2022-07-25,HDFCBANK,1332.19,1337.0021999844366,1342.2151855411532,1324.238750544311,5462755
2022-07-26,HDFCBANK,1324.45,1333.3562741170203,1341.7277474241334,1320.79639676178,6667421
2022-07-27,HDFCBANK,1312.6,1326.4421469467454,1327.9182330500182,1303.913595927392,7612216
2022-07-28,HDFCBANK,1311.97,1312.2592014015431,1327.5088687032219,1304.9601861152682,1977987
2022-07-29,HDFCBANK,1311.18,1312.1556750081306,1324.9654806549192,1304.1446534566292,4046230
2022-08-01,HDFCBANK,1312.16,1313.4445809004958,1329.7963440809071,1305.4247060971327,7935572
2022-08-02,HDFCBANK,1319.15,1310.099901646678,1328.8834155957597,1296.3362386604322,2788734
2022-08-03,HDFCBANK,1324.36,1321.0617080482857,1340.5123832647055,1311.8925616113877,1460287
2022-08-04,HDFCBANK,1324.27,1322.5552018287806,1337.600307902624,1313.7177533018146,7437460
2022-08-05,HDFCBANK,1352.97,1324.1845122813975,1354.3914046506318,1310.162726154118,6651845
2022-08-08,HDFCBANK,1363.49,1351.446139761549,1369.696224881743,1337.7937405105993,4416599
2022-08-09,HDFCBANK,1347.4,1364.0514722598814,1374.8472288977282,1341.5677180765695,3283630
2022-08-10,HDFCBANK,1324.74,1347.7156873136391,1360.7368080554431,1315.6763061286701,2590196
2022-08-11,HDFCBANK,1314.84,1324.1041638228173,1326.6441559047967,1297.8640430010305,5345701
2022-08-12,HDFCBANK,1317.28,1316.7507439738358,1331.600307629171,1312.4409106066228,4810301
2022-08-15,HDFCBANK,1306.23,1318.1220755621964,1329.4704546461915,1302.7862552528713,1514507
2022-08-16,HDFCBANK,1297.44,1307.3857790815161,1318.3167143019714,1286.4454623940894,7807985
2022-08-17,HDFCBANK,1298.05,1295.6270078829607,1304.655306313646,1279.9819283197855,6375355
2022-08-18,HDFCBANK,1293.4,1300.039472833185,1312.1656214276884,1291.157879376194,6561995
2022-08-19,HDFCBANK,1264.5,1291.6773989905046,1293.4662436078793,1261.15131810069,5967863
2022-08-22,HDFCBANK,1279.71,1263.097846348974,1282.1488772392895,1248.4728714586186,7278007
2022-08-23,HDFCBANK,1291.83,1277.8060737651433,1306.3943255266981,1260.3490862547271,3544398
2022-08-24,HDFCBANK,1273.8,1291.5218169425214,1298.6335544414092,1262.5512639141446,6840210
2022-08-25,HDFCBANK,1274.83,1275.7754560776243,1283.2483606417843,1267.7796263840853,2143771
2022-08-26,HDFCBANK,1259.4,1273.567650685697,1278.5567154888681,1243.601381379164,1389288
2022-08-29,HDFCBANK,1251.2,1258.7640202307227,1267.8758223653533,1241.4218434952172,1799428
2022-08-30,HDFCBANK,1258.11,1252.9319932191934,1260.2838983839,1241.600246885498,4118020
2022-08-31,HDFCBANK,1269.55,1258.7028983264697,1276.1581158267857,1255.51550522047,1838917
2022-09-01,HDFCBANK,1280.76,1270.8277583702145,1291.492429276784,1259.4080148092344,1047830
2022-09-02,HDFCBANK,1284.44,1279.2948108132632,1294.0975077145838,1269.6653918400223,6277250
2022-09-05,HDFCBANK,1302.69,1285.5522729602355,1322.2243250635993,1283.4619736341995,1844004
2022-09-06,HDFCBANK,1294.18,1301.2706440987633,1309.6543471525442,1280.1972712538336,7763680
2022-09-07,HDFCBANK,1288.88,1296.7026880379894,1305.0249088116725,1274.7614448530587,6009834
2022-09-08,HDFCBANK,1252.32,1289.1887442756347,1299.5669004496208,1247.5540847471823,3814073
2022-09-09,HDFCBANK,1251.27,1253.3000118225302,1257.8924082992917,1237.362816900693,6507220
2022-09-12,HDFCBANK,1259.47,1249.360069400755,1276.1809778421812,1245.1698683760787,2715027
2022-09-13,HDFCBANK,1263.65,1258.2138347487319,1275.0376966795798,1241.0234863832404,4457134
2022-09-14,HDFCBANK,1255.2,1261.8290331378341,1266.4845601237835,1238.32717164672,7284508
2022-09-15,HDFCBANK,1267.09,1254.6485691272362,1282.4321566841638,1251.6606577343273,2709959
2022-09-16,HDFCBANK,1266.29,1265.995922848704,1268.1649327899506,1256.5913100310631,4166271
2022-09-19,HDFCBANK,1277.19,1267.4697885125904,1296.0360863988399,1261.2127968171164,4598973
2022-09-20,HDFCBANK,1284.25,1275.1909880867652,1301.0892024645218,1260.085132370132,6730009
2022-09-21,HDFCBANK,1304.61,1285.5448289757294,1316.5014580211791,1269.2542007036009,5034331
2022-09-22,HDFCBANK,1309.71,1302.239287885087,1313.0604205945735,1297.9280419809409,1959841
2022-09-23,HDFCBANK,1318.74,1308.1489191268781,1324.033183438672,1295.0945448517698,6414361
2022-09-26,HDFCBANK,1317.86,1320.2801036540136,1326.7654414964338,1306.4874700241055,7886284
2022-09-27,HDFCBANK,1310.81,1319.1397824970018,1324.9102860398812,1291.661171797345,2189611
2022-09-28,HDFCBANK,1318.12,1310.6858721335439,1328.6191950665043,1298.106342024434,1669156
2022-09-29,HDFCBANK,1340.14,1315.747292865592,1359.2019438845373,1310.2029039176725,7856716
2022-09-30,HDFCBANK,1331.31,1340.729091995843,1350.4070325755513,1326.64755598782,1072613
2022-10-03,HDFCBANK,1327.91,1330.813283467447,1344.4699615636664,1320.9817186038701,5813976
2022-10-04,HDFCBANK,1328.54,1326.9354635837176,1342.6758846545952,1319.8901213285455,4748078
2022-10-05,HDFCBANK,1338.79,1329.2861645897979,1356.4648798282883,1318.7679880637866,2313981
2022-10-06,HDFCBANK,1344.12,1338.4505608389202,1346.1005581667087,1328.4611831236302,6522070
2022-10-07,HDFCBANK,1357.86,1341.9286601981644,1366.904190601399,1335.751553845494,1799829
2022-10-10,HDFCBANK,1387.59,1360.1192100235594,1404.222058357366,1344.4264608548315,2502228
2022-10-11,HDFCBANK,1378.08,1389.135736959482,1406.3723251754536,1361.8754865797193,1877237
2022-10-12,HDFCBANK,1387.58,1375.6346146314147,1406.982054662284,1373.294587978977,2019198
2022-10-13,HDFCBANK,1392.72,1387.7191124999968,1407.81586065128,1367.4412868035904,5482205
2022-10-14,HDFCBANK,1393.26,1390.3990463976008,1399.4351446172982,1372.2578377692334,6229514
2022-10-17,HDFCBANK,1402.8,1395.1397298761274,1414.1336706615825,1385.3523419064056,5864963
2022-10-18,HDFCBANK,1398.94,1403.4341439382547,1405.4731008226452,1392.4065133694814,5449760
2022-10-19,HDFCBANK,1404.16,1397.107103963683,1418.2816325921112,1386.6713777489867,7672459
2022-10-20,HDFCBANK,1384.25,1401.4681766556591,1413.7452242239444,1370.3672127136774,1770376
2022-10-21,HDFCBANK,1376.3,1381.6563640642548,1395.936760703758,1374.4993394629169,2615263
2022-10-24,HDFCBANK,1392.4,1376.340548396811,1411.9241878915163,1369.257814039907,7864074
2022-10-25,HDFCBANK,1408.11,1393.7053665268384,1423.066764976215,1389.021780305206,7206692
2022-10-26,HDFCBANK,1412.38,1405.9744065917114,1420.1287390172777,1385.6769955435907,6423328
2022-10-27,HDFCBANK,1405.6,1410.805388756068,1416.1414967334638,1389.1585303019394,6835224
2022-10-28,HDFCBANK,1418.61,1404.628786315721,1437.0021465709701,1390.9173553679088,7442626
2022-10-31,HDFCBANK,1438.16,1417.010243615199,1443.510890012388,1399.3775626831057,1629275
2022-11-01,HDFCBANK,1431.89,1437.5348983639767,1442.2249050305618,1411.873022354393,5899626
2022-11-02,HDFCBANK,1409.23,1432.23144852242,1437.8065084452853,1392.5324329709547,4496544
2022-11-03,HDFCBANK,1416.45,1410.2724736548964,1427.9569166706822,1399.6543895338036,1822317
2022-11-04,HDFCBANK,1430.94,1419.0776574273498,1434.858806918804,1411.6139240867988,3118309
2022-11-07,HDFCBANK,1440.45,1433.406045762786,1460.808825690312,1427.4377628636948,5635892
2022-11-08,HDFCBANK,1465.51,1440.8540576035691,1486.800272586964,1420.107353000942,3116826
2022-11-09,HDFCBANK,1491.07,1466.8825969969491,1512.8891642112453,1453.6686345908308,7848101
2022-11-10,HDFCBANK,1486.33,1493.7591280726033,1496.0710896813448,1466.578104402426,1274722
2022-11-11,HDFCBANK,1489.85,1483.8536074213207,1511.0755433875677,1470.5535387952643,7157769
2022-11-14,HDFCBANK,1481.98,1486.9038797879182,1509.1536255306478,1468.75430940431,2968331
2022-11-15,HDFCBANK,1465.58,1479.1926906154079,1500.1883628055616,1453.8186671733642,7501577
2022-11-16,HDFCBANK,1450.32,1465.9513742340262,1481.1872189612789,1446.6936615943494,6673525
2022-11-17,HDFCBANK,1462.02,1451.844770293539,1477.8349951039395,1446.4313304701388,5634391
2022-11-18,HDFCBANK,1467.15,1461.242643677953,1471.1282376102945,1452.3496551372311,6722622
2022-11-21,HDFCBANK,1481.78,1467.4154906208064,1501.3990029201539,1463.593904158039,7972315
2022-11-22,HDFCBANK,1523.31,1481.8770051339952,1526.1052040592517,1473.7245486380311,6118229
2022-11-23,HDFCBANK,1531.96,1520.8408417874841,1540.306466834749,1515.4631021102746,3804716
2022-11-24,HDFCBANK,1518.96,1530.8667214290426,1553.6400831227295,1508.1645936328798,4039247
2022-11-25,HDFCBANK,1536.52,1516.0401648932627,1547.1413332591906,1504.4470899271682,1716300
2022-11-28,HDFCBANK,1523.17,1534.12736601986,1538.4784383196047,1515.7633747618306,4631459
2022-11-29,HDFCBANK,1552.74,1525.070052357558,1575.363616309701,1502.6143876928352,6460323
2022-11-30,HDFCBANK,1519.34,1554.7859740548693,1577.7625313051692,1511.2347556355546,2676093
2022-12-01,HDFCBANK,1510.48,1521.1750364875888,1526.6795568136745,1507.584795099496,1143274
2022-12-02,HDFCBANK,1521.09,1511.8504200831424,1541.027311956112,1504.2838946481108,3591318
2022-12-05,HDFCBANK,1541.07,1522.8746209501214,1551.0344454541664,1500.8159528410642,3483277
2022-12-06,HDFCBANK,1529.87,1542.1239830266406,1551.8997513860372,1515.0155726734854,1519071
2022-12-07,HDFCBANK,1515.7,1530.9092917202192,1538.0705284501134,1510.1436533179362,1222274
2022-12-08,HDFCBANK,1518.45,1516.7146811058335,1520.9189144295703,1514.3190601472493,4296090
2022-12-09,HDFCBANK,1550.61,1518.5352930959475,1557.9786937426898,1503.6267493759337,5081362
2022-12-12,HDFCBANK,1524.65,1549.7624194147315,1552.4789618109924,1519.7356212420984,6017813
2022-12-13,HDFCBANK,1519.65,1526.0538688502131,1547.3289042455276,1515.2328914780273,1255672
2022-12-14,HDFCBANK,1524.28,1518.4260496581883,1539.9253462112067,1498.2704768375886,4785152
2022-12-15,HDFCBANK,1511.2,1524.5415794438748,1544.9898243564924,1506.426177432674,1150468
2022-12-16,HDFCBANK,1498.19,1510.797148053093,1527.479475223617,1482.5181813160555,1454064
2022-12-19,HDFCBANK,1494.61,1496.8513509172762,1501.099439292922,1484.6040764344043,5933152
2022-12-20,HDFCBANK,1499.69,1497.4479052080296,1520.9378201475718,1486.2851343825437,3157682
2022-12-21,HDFCBANK,1496.75,1498.2428090191709,1518.6166679790724,1488.1927121876586,7486802
2022-12-22,HDFCBANK,1521.14,1495.6082375725098,1530.0737542319373,1488.6783444511009,2691043
2022-12-23,HDFCBANK,1531.33,1519.0809088496972,1535.25245090113,1505.670972035463,1027122
2022-12-26,HDFCBANK,1538.06,1533.3083596838499,1554.7605115839765,1529.3774960229766,1678627
2022-12-27,HDFCBANK,1555.73,1538.5927187736675,1573.1495994130923,1532.9506652738899,4783287
2022-12-28,HDFCBANK,1562.87,1556.4334342498871,1584.0556509303424,1550.2013118160096,5708192
2022-12-29,HDFCBANK,1555.53,1564.8739832546337,1567.5924520303572,1542.1764839404768,1662448
2022-12-30,HDFCBANK,1551.31,1554.552627266354,1559.1911849254088,1528.8563707095545,7913098
2023-01-02,HDFCBANK,1532.31,1549.4089218765062,1563.9353790390267,1519.8854017968192,2438448
2023-01-03,HDFCBANK,1566.38,1530.461454093206,1581.5235139011265,1526.7550399023457,6779990
2023-01-04,HDFCBANK,1582.7,1567.8374841437685,1585.0274161756433,1548.5002503811268,4134112
2023-01-05,HDFCBANK,1538.42,1583.422440219871,1593.8050182966003,1536.5066587510673,4851304
2023-01-06,HDFCBANK,1561.26,1536.612903430353,1575.5896568240084,1530.9392194805844,4051245
2023-01-09,HDFCBANK,1536.36,1559.0434191921452,1576.7085639219024,1528.5823573953867,4866350
2023-01-10,HDFCBANK,1545.44,1534.0289565926344,1553.8257269514263,1525.5614840155154,1132508
2023-01-11,HDFCBANK,1508.25,1546.2300205684246,1558.2514161005488,1498.0215950099725,7746526
2023-01-12,HDFCBANK,1501.42,1505.234215784747,1523.894255463156,1494.0471037142581,4519073
2023-01-13,HDFCBANK,1523.84,1498.5271801094873,1545.7140083583788,1484.9005896159192,1350161
2023-01-16,HDFCBANK,1547.52,1523.16678660077,1554.0573519304298,1518.3444915991865,2406725
2023-01-17,HDFCBANK,1553.02,1548.7044709678585,1560.0747344907536,1540.5719812409727,1084403
2023-01-18,HDFCBANK,1566.75,1554.231600209952,1588.9311920322682,1547.7000096330908,2416743
2023-01-19,HDFCBANK,1542.67,1566.3120512206995,1576.5600489650515,1536.645602001739,7476480
2023-01-20,HDFCBANK,1552.09,1543.849054082803,1569.2512675140754,1522.6813098132395,7314222
2023-01-23,HDFCBANK,1566.89,1552.220972677458,1581.8878216994237,1530.1467929275225,1414429
2023-01-24,HDFCBANK,1611.47,1569.8791962706623,1619.5244936970082,1563.935323046776,6598915
2023-01-25,HDFCBANK,1600.71,1609.2942590431667,1625.6283883463532,1582.512130348426,6042975
2023-01-26,HDFCBANK,1601.29,1601.354556408356,1617.6530191600918,1590.3172840629882,4299337
2023-01-27,HDFCBANK,1602.95,1601.2338829581704,1617.8481452567205,1587.1621626923795,5590314
2023-01-30,HDFCBANK,1615.56,1600.9909793086763,1619.429672590714,1577.4700985467287,2500996
2023-01-31,HDFCBANK,1631.49,1617.1754981702034,1655.8520702707901,1593.8298517900378,4910920
2023-02-01,HDFCBANK,1658.99,1630.0249743177556,1669.9490066688488,1624.4498869282322,2105340
2023-02-02,HDFCBANK,1685.61,1658.205031091112,1702.35740140893,1647.4391114811303,7846602
2023-02-03,HDFCBANK,1666.88,1684.7660526256097,1707.3430359396343,1654.1013697151882,2091426
2023-02-06,HDFCBANK,1627.6,1665.1744782090702,1676.7075413169887,1624.7043843148206,6124826
2023-02-07,HDFCBANK,1626.82,1627.1488639914892,1646.4060907334201,1606.360477810742,4797187
2023-02-08,HDFCBANK,1634.61,1626.6465541840425,1658.4843649195525,1608.1216391550352,6588041
2023-02-09,HDFCBANK,1632.05,1636.2068287543632,1646.065116664364,1624.8597541768825,5537568
2023-02-10,HDFCBANK,1632.25,1633.780420667248,1644.683901933054,1625.4815378116807,3893434
2023-02-13,HDFCBANK,1634.67,1630.0207119169763,1657.0291222290386,1614.810272667723,3843749
2023-02-14,HDFCBANK,1653.52,1635.2766083781669,1658.8691374470563,1632.5190383019249,5563207
2023-02-15,HDFCBANK,1643.29,1656.1404839336437,1658.4596233897178,1640.2261911101898,1502704
2023-02-16,HDFCBANK,1650.39,1640.7184917860557,1673.0406885459806,1616.392766294943,5895639
2023-02-17,HDFCBANK,1657.67,1650.211190439835,1678.3946578653445,1629.439306643385,4342310
2023-02-20,HDFCBANK,1676.37,1659.3300114416907,1700.872096255893,1653.4942675678212,4826920
2023-02-21,HDFCBANK,1706.48,1677.1176029128737,1709.5778225601616,1659.8316081099458,4373546
2023-02-22,HDFCBANK,1746.93,1703.753629645076,1752.4965620941416,1680.4743535950263,3709266
2023-02-23,HDFCBANK,1741.64,1746.2075125542376,1750.5282862126767,1734.6560034700035,7255361
2023-02-24,HDFCBANK,1712.35,1741.6904343986976,1760.096315597712,1697.5624349208038,3850442
2023-02-27,HDFCBANK,1716.66,1715.7462448643955,1732.9410455447828,1701.8379786067562,1663778
2023-02-28,HDFCBANK,1695.56,1714.453116214478,1724.7924562636629,1674.550606732616,2696016
2023-03-01,HDFCBANK,1746.86,1698.831913770584,1750.0112109092004,1689.0679295940092,5725673
2023-03-02,HDFCBANK,1730.41,1745.9946040483162,1763.3764478682058,1717.8080788500959,5559164
2023-03-03,HDFCBANK,1741.45,1728.3357262892282,1757.0911584632504,1707.411493503422,5859778
2023-03-06,HDFCBANK,1759.66,1740.8517010442595,1764.2010577012486,1723.0334591239905,1773205
2023-03-07,HDFCBANK,1766.57,1760.4623706398365,1790.8157066328497,1748.766404432614,3446804
2023-03-08,HDFCBANK,1807.24,1764.5454923646453,1814.0809382263062,1760.9250183499096,7159064
2023-03-09,HDFCBANK,1803.54,1805.7323214756277,1826.3341528998506,1799.7259978800234,4143526
2023-03-10,HDFCBANK,1787.3,1806.0977551909584,1830.2833223453247,1767.6945391210147,1399104
2023-03-13,HDFCBANK,1770.19,1790.867518443363,1807.1870671019772,1761.867794580691,3035334
2023-03-14,HDFCBANK,1785.11,1768.9025244670545,1793.064244290717,1761.5744338304019,7782355
2023-03-15,HDFCBANK,1781.71,1782.6026830771962,1792.1030270818605,1775.1595848765849,2430954
2023-03-16,HDFCBANK,1764.65,1783.7993815267662,1807.703123548004,1752.2809893210137,7531446
2023-03-17,HDFCBANK,1773.54,1765.3590765142003,1782.719133959679,1739.1383958239826,3967429
2023-03-20,HDFCBANK,1787.69,1770.7051817752892,1808.1530917117009,1763.0264620853104,6104182
2023-03-21,HDFCBANK,1793.35,1790.8847556385936,1820.0033289675748,1766.6941367744653,6917539
2023-03-22,HDFCBANK,1811.42,1790.3231804870238,1838.5866520250313,1766.397658506123,3022130
2023-03-23,HDFCBANK,1813.5,1812.3282923721888,1828.85801732881,1800.509641488177,3203899
2023-03-24,HDFCBANK,1801.99,1812.948240854252,1835.7402293836233,1799.7722680115533,1022036
2023-03-27,HDFCBANK,1818.39,1802.398142937717,1845.4176364026089,1781.4823085404985,7547762
2023-03-28,HDFCBANK,1800.92,1816.3040462449858,1827.647628692967,1790.1889522214256,3650786
2023-03-29,HDFCBANK,1778.88,1802.275087120874,1810.4461233049128,1759.759087562616,5569955
2023-03-30,HDFCBANK,1801.82,1782.1511446424222,1806.5034112331296,1777.8421982820605,3091271
2023-03-31,HDFCBANK,1795.25,1801.5203636334863,1806.8755539381623,1783.2384068079439,3385987
2023-04-03,HDFCBANK,1828.46,1795.4148633912173,1852.1381713607614,1773.6987507308247,6872746
2023-04-04,HDFCBANK,1846.02,1826.5570241886735,1863.081144388361,1805.8618311861303,4425858
2023-04-05,HDFCBANK,1837.75,1848.9135845414567,1873.3782768125016,1821.3108304725627,2731782
2023-04-06,HDFCBANK,1847.91,1841.2136030521838,1870.181697350028,1816.7413147384402,2884673
2023-04-07,HDFCBANK,1899.64,1850.0262035076778,1919.4578514863417,1824.3150335763526,4783424
2023-04-10,HDFCBANK,1915.74,1899.9650170225716,1933.9977123393312,1889.5548418261144,5891065
2023-04-11,HDFCBANK,1928.34,1919.2404157943365,1931.5733337947586,1901.3920765602734,6316608
2023-04-12,HDFCBANK,1916.07,1925.6700208630677,1951.111689612332,1906.8099423424042,3595173
2023-04-13,HDFCBANK,1955.3,1915.9051479276775,1968.6933921648326,1890.1186257278237,6239922
2023-04-14,HDFCBANK,1983.99,1955.5941217534485,2001.522551371855,1942.9573026546411,2622918
2023-04-17,HDFCBANK,1971.57,1983.925849030498,1986.5195325574364,1954.2325952444558,2218135
2023-04-18,HDFCBANK,2012.71,1973.9549552898116,2041.0993329710793,1945.9484451995827,1402628
2023-04-19,HDFCBANK,2016.72,2014.0818864111104,2044.2247663977082,1999.232519260716,7283220
2023-04-20,HDFCBANK,1998.44,2013.7082986455466,2031.0380556266425,1970.7801112466475,7897243
2023-04-21,HDFCBANK,1985.64,1997.2125686025868,2015.3519778678897,1978.8651481600525,2755409
2023-04-24,HDFCBANK,2005.17,1984.3618582129238,2026.9666810931312,1972.1528824043903,6079895
2023-04-25,HDFCBANK,1987.15,2005.6964148160905,2015.1346776981359,1972.8376424859691,3163705
2023-04-26,HDFCBANK,1963.39,1985.4923863785957,1993.6464436753945,1937.6078739215998,6772447
2023-04-27,HDFCBANK,1954.27,1960.384220878498,1980.8434203857664,1932.8207133849069,3367008
2023-04-28,HDFCBANK,1948.39,1955.471349692055,1960.2855524659458,1932.6085525690723,3375113
2023-05-01,HDFCBANK,1934.31,1951.125827442689,1965.480002735598,1922.4448828657573,5903496
2023-05-02,HDFCBANK,1925.0,1937.6494554205628,1952.954262416988,1901.0630678701011,1355760
2023-05-03,HDFCBANK,1944.77,1928.6388538159779,1957.097347976334,1899.9486688876996,3519494
2023-05-04,HDFCBANK,1950.6,1946.9568304360075,1957.6099774492236,1927.1497427999964,7242499
2023-05-05,HDFCBANK,1939.89,1947.7888142265047,1959.4257376730504,1923.9056950837078,5799259
2023-05-08,HDFCBANK,1931.11,1942.6299923868746,1953.7531062080611,1907.1296094179024,4838550
2023-05-09,HDFCBANK,1928.66,1930.3372475892384,1945.760100631869,1913.019178943318,5908340
2023-05-10,HDFCBANK,1927.43,1930.4336830178352,1950.5980894070326,1907.6522591773505,5896479
2023-05-11,HDFCBANK,1926.29,1927.6710675632066,1955.7288823098481,1909.6685354209376,3855467
2023-05-12,HDFCBANK,1945.29,1928.8219628367451,1951.1614408773833,1909.2722113608277,3841423
2023-05-15,HDFCBANK,1949.85,1944.710348188143,1975.6313837654602,1932.650323999096,1635318
2023-05-16,HDFCBANK,1955.06,1946.4322546474855,1964.7932505802016,1918.4047165893353,1641673
2023-05-17,HDFCBANK,1986.1,1955.5043750567913,2004.5294564189967,1930.8506940218288,7455053
2023-05-18,HDFCBANK,2027.45,1983.4886006825018,2044.9961955526585,1965.7532614937038,5223334
2023-05-19,HDFCBANK,2000.36,2031.2252548948557,2049.094507860031,1980.3327037708982,2092643
2023-05-22,HDFCBANK,1965.98,2000.5757433534186,2022.836190789678,1947.2694682987253,3606113
2023-05-23,HDFCBANK,1958.78,1966.401182070033,1978.8753159506027,1951.4397652348518,4019863
2023-05-24,HDFCBANK,1976.01,1961.9709757317894,1986.813636056979,1956.8868089327623,6057169
2023-05-25,HDFCBANK,1984.53,1976.9947267610848,2010.2091911373325,1954.2224420912555,3910223
2023-05-26,HDFCBANK,2007.9,1982.964042123657,2016.0949036391337,1976.4390490596222,5590312
2023-05-29,HDFCBANK,1999.6,2006.2623135252015,2013.3312674842011,1982.4495470048842,2573284
2023-05-30,HDFCBANK,1956.92,1999.6126266734118,2002.0491628837672,1935.0680306481104,1487976
2023-05-31,HDFCBANK,1927.85,1959.7896919014242,1967.5271159252252,1925.5296108108091,1019198
2023-06-01,HDFCBANK,1940.17,1930.1227758381535,1956.194717833693,1923.4584963253699,5895869
2023-06-02,HDFCBANK,1963.18,1943.7611816113997,1979.9438378905338,1941.6610379758306,2131527
2023-06-05,HDFCBANK,1922.36,1959.818141594644,1968.7586102555765,1898.051125308949,4907031
2023-06-06,HDFCBANK,1952.53,1920.578557207737,1956.4581747932275,1895.6375350223605,7047187
2023-06-07,HDFCBANK,1962.86,1949.25137182295,1985.2856188691978,1933.7495435601136,1070511
2023-06-08,HDFCBANK,1961.7,1964.8313332261732,1987.6462765647545,1949.814084496837,4429203
2023-06-09,HDFCBANK,1948.52,1958.8816937920253,1988.2055837871465,1923.9585961610433,3376189
2023-06-12,HDFCBANK,1982.98,1945.4014819533786,2009.9493489289048,1939.6548230795242,3293137
2023-06-13,HDFCBANK,2002.9,1983.4691790129373,2030.8702359263134,1968.4903940562185,1018243
2023-06-14,HDFCBANK,2014.08,2002.190850919614,2038.6011290589609,1983.676963858103,4685551
2023-06-15,HDFCBANK,1998.24,2015.8129252174988,2035.19907864571,1985.1090682394563,4602147
2023-06-16,HDFCBANK,2034.08,1998.1362145452445,2039.774698660218,1985.9263074453643,3036677
2023-06-19,HDFCBANK,2035.12,2033.4724983796423,2054.8858713308573,2004.1883916577415,7972305
2023-06-20,HDFCBANK,2042.18,2034.5135378930156,2045.8219871463014,2032.4759671605395,7632814
2023-06-21,HDFCBANK,2044.19,2045.217754026092,2072.611784220053,2023.942040635911,5052455
2023-06-22,HDFCBANK,2027.34,2043.3332852918015,2059.1599205881116,1998.676650177008,1886801
2023-06-23,HDFCBANK,2034.84,2025.98895733205,2056.744278643847,2019.7742857344965,6879863
2023-06-26,HDFCBANK,2050.8,2033.5257788645156,2054.3507782771076,2031.293499344559,2264534
2023-06-27,HDFCBANK,2041.21,2048.311155656432,2065.679764875994,2033.9208781363577,4421218
2023-06-28,HDFCBANK,2046.84,2044.1549667547206,2057.5197716256703,2037.871959771737,1703365
2023-06-29,HDFCBANK,2048.52,2043.9468392697243,2058.7412046841923,2031.1989300568332,5420377
2023-06-30,HDFCBANK,2069.51,2051.868189074389,2082.869065368523,2047.5850334331699,1646868
2023-07-03,HDFCBANK,2063.08,2067.7175371406884,2069.803765819928,2033.1660408781704,5531772
2023-07-04,HDFCBANK,2068.59,2066.376197953162,2084.173210466445,2057.561314155222,1687703
2023-07-05,HDFCBANK,2078.91,2070.9963548099204,2095.1503068190714,2059.377947619962,5437774
2023-07-06,HDFCBANK,2071.93,2079.5917787087155,2106.8008098788196,2042.289362231689,2413466
2023-07-07,HDFCBANK,2053.49,2073.334519940876,2088.4270652234195,2038.3262702656934,4220511
2023-07-10,HDFCBANK,2038.9,2052.059490328272,2064.5560978219964,2023.0186915455201,3536331
2023-07-11,HDFCBANK,2048.44,2039.5053788870107,2079.015955098501,2028.658227007911,3008063
2023-07-12,HDFCBANK,2043.51,2046.7389991918583,2065.1534824275573,2015.0754570091244,5885636
2023-07-13,HDFCBANK,2038.29,2042.7111740716532,2058.269657197796,2030.6951337348585,7570559
2023-07-14,HDFCBANK,2052.2,2040.4478361587926,2068.5008332752423,2013.8233549388872,1508102
2023-07-17,HDFCBANK,2075.58,2050.0979936298054,2101.1688672447663,2031.362772502226,6594367
2023-07-18,HDFCBANK,2103.16,2078.3932080542086,2115.2941167702857,2072.86059206123,5359509
2023-07-19,HDFCBANK,2089.37,2102.115847130056,2115.6708082368264,2074.4256608880373,5415130
2023-07-20,HDFCBANK,2110.96,2089.6388598044564,2135.409617972778,2069.3991878463376,6294030
2023-07-21,HDFCBANK,2159.75,2114.691843643303,2164.1165228428313,2084.3985264220482,5478182
2023-07-24,HDFCBANK,2163.14,2161.3158673891844,2191.503888178444,2149.238065257697,4687416
2023-07-25,HDFCBANK,2161.78,2164.399848322635,2179.6000772847233,2159.211058928269,5345378
2023-07-26,HDFCBANK,2155.47,2163.609797413528,2183.3810836885455,2150.6528469708437,7678038
2023-07-27,HDFCBANK,2130.64,2159.0749057894327,2184.130249435905,2120.0765960060944,5099724
2023-07-28,HDFCBANK,2150.76,2128.4966929976626,2160.9217536578794,2099.7068596110144,5816345
2023-07-31,HDFCBANK,2149.52,2151.7342186231404,2180.706026504942,2124.4827377739243,4370268
2023-08-01,HDFCBANK,2146.36,2148.663578391499,2180.2685924310395,2119.7792336595126,7805953
2023-08-02,HDFCBANK,2162.98,2142.169062908539,2180.110457815279,2120.6969519682,5565311
2023-08-03,HDFCBANK,2181.91,2159.738133331634,2212.712292085938,2134.4632388625105,5880539
2023-08-04,HDFCBANK,2167.89,2180.382592264778,2182.597426461797,2142.790499627386,1156118
2023-08-07,HDFCBANK,2154.52,2168.4536511501024,2197.769690814628,2140.8047977251103,5188579
2023-08-08,HDFCBANK,2140.18,2157.8075801435502,2169.361851005879,2117.626434703296,7446192
2023-08-09,HDFCBANK,2190.32,2142.672146453969,2202.062165221651,2130.8451967335827,3514821
2023-08-10,HDFCBANK,2226.3,2190.7872712375242,2235.6354193549228,2186.998206566093,3626186
2023-08-11,HDFCBANK,2244.02,2222.5052308455497,2256.223417482449,2209.0339395151987,5842357
2023-08-14,HDFCBANK,2235.16,2242.0982777350887,2251.0415238568953,2225.1536211408693,1406433
2023-08-15,HDFCBANK,2229.24,2233.968290005691,2264.5338183131885,2219.2577437495115,3422480
2023-08-16,HDFCBANK,2238.56,2230.3253472717747,2268.9738197670704,2207.1965144220244,5283202
2023-08-17,HDFCBANK,2293.36,2234.6642217018307,2298.935062776609,2201.612223711152,1828267
2023-08-18,HDFCBANK,2301.06,2293.636978760597,2307.9632214285853,2261.0000646885933,3892717
2023-08-21,HDFCBANK,2314.35,2304.7551763103343,2344.5945297207204,2279.284966191285,5358715
2023-08-22,HDFCBANK,2249.88,2316.251772637149,2331.5045888751683,2237.851251852666,3826844
2023-08-23,HDFCBANK,2256.66,2252.553548662198,2264.2645007273823,2247.3581779329065,4584324
2023-08-24,HDFCBANK,2222.46,2258.299920674504,2276.7036459893657,2218.955571001038,2240521
2023-08-25,HDFCBANK,2210.96,2219.8516241529564,2235.020653239978,2178.5957050652537,3315124
2023-08-28,HDFCBANK,2212.49,2207.5151812272525,2221.4909884444155,2205.001310265477,3224392
2023-08-29,HDFCBANK,2205.54,2215.4059792764665,2239.9760080910296,2182.4148272096418,6415293
2023-08-30,HDFCBANK,2190.51,2207.2647714152386,2228.979953422215,2183.5034066651588,3360532
2023-08-31,HDFCBANK,2175.79,2191.167692380812,2196.4161143822976,2148.645140846012,3951500
2023-09-01,HDFCBANK,2171.13,2173.085779059077,2203.4120907645643,2140.4748941165317,1891913
2023-09-04,HDFCBANK,2165.44,2172.0275014181498,2191.1816986595127,2144.428683572752,3225509
2023-09-05,HDFCBANK,2166.31,2161.380421786366,2176.064596753188,2154.950218719207,2325258
2023-09-06,HDFCBANK,2165.41,2163.0071496209157,2173.8292990298614,2137.249084582616,7793273
2023-09-07,HDFCBANK,2196.26,2163.780660197152,2202.6363395899593,2135.9877686696,1624109
2023-09-08,HDFCBANK,2147.14,2195.7657385165885,2211.0151640105273,2142.2815817360693,2525245
2023-09-11,HDFCBANK,2153.31,2143.881195406237,2159.5493754645804,2139.886546246247,3829534
2023-09-12,HDFCBANK,2155.38,2150.036453589209,2170.082773311313,2118.163613984934,7676147
2023-09-13,HDFCBANK,2152.59,2157.327546712595,2163.9781258608273,2142.223342516045,7459938
2023-09-14,HDFCBANK,2136.26,2153.19030918924,2175.142741763299,2113.463773669334,1353126
2023-09-15,HDFCBANK,2133.13,2136.5483265754247,2162.17278028547,2112.3231538579134,3541670
2023-09-18,HDFCBANK,2095.18,2132.7241463782807,2151.2645965814218,2077.512272394824,4665056
2023-09-19,HDFCBANK,2100.32,2099.1737743422036,2122.4170387755335,2080.2288854911003,3512071
2023-09-20,HDFCBANK,2109.67,2096.537746120675,2139.4950425836973,2080.2049476275515,1830623
2023-09-21,HDFCBANK,2093.71,2106.9749149389313,2127.9123490429006,2079.374501670068,5443830
2023-09-22,HDFCBANK,2138.78,2094.945353866994,2151.8227397955643,2077.176733513971,1316256
2023-09-25,HDFCBANK,2136.33,2135.669064532576,2151.9096612633475,2124.610334267771,3108551
2023-09-26,HDFCBANK,2137.75,2137.0937887171885,2165.6419792284964,2126.5374499895356,6085101
2023-09-27,HDFCBANK,2169.55,2138.3294262390887,2175.6900097516946,2119.4373472651027,5206989
2023-09-28,HDFCBANK,2221.06,2173.6374771846617,2233.4098005951723,2145.36820035609,7641377
2023-09-29,HDFCBANK,2194.01,2224.4660975637003,2244.6685228524007,2180.777804796718,4944178
2023-10-02,HDFCBANK,2180.48,2197.920193967037,2220.9312182712847,2171.3686331300505,6142633
2023-10-03,HDFCBANK,2178.41,2177.1098707783626,2203.873406292756,2163.902506238198,3760262
2023-10-04,HDFCBANK,2161.0,2181.6179129487955,2193.5184099080834,2146.3760088859294,5122188
2023-10-05,HDFCBANK,2181.5,2157.7938596799795,2188.136183811773,2132.357284789102,1443445
2023-10-06,HDFCBANK,2161.43,2182.659966189975,2214.0198765956975,2148.5304097579315,1607508
2023-10-09,HDFCBANK,2191.93,2163.3327341553368,2196.4661794949748,2141.0244188861993,6548142
2023-10-10,HDFCBANK,2207.36,2188.956458432793,2212.5280367420964,2184.302351919601,2108191
2023-10-11,HDFCBANK,2236.02,2208.5313080002074,2253.7498399156107,2195.6159964616136,2652810
2023-10-12,HDFCBANK,2215.56,2232.017170845444,2259.849966049787,2190.95513270339,1646157
2023-10-13,HDFCBANK,2206.61,2213.7278744357136,2239.945180917601,2188.1207634646016,5120522
2023-10-16,HDFCBANK,2228.8,2210.3273301771997,2260.2880177429074,2203.3695244628116,4947265
2023-10-17,HDFCBANK,2246.77,2225.873417663503,2253.4708478633397,2202.939120479856,6082300
2023-10-18,HDFCBANK,2240.09,2242.8630466437503,2256.903776617144,2222.967128335097,5899179
2023-10-19,HDFCBANK,2236.93,2239.585336393065,2250.671260969152,2224.661288145717,4193070
2023-10-20,HDFCBANK,2226.64,2240.0672335568033,2269.304998176079,2216.7613128980724,3471312
2023-10-23,HDFCBANK,2222.84,2222.8696071703434,2240.290157778734,2194.908882753893,3868045
2023-10-24,HDFCBANK,2199.64,2221.555512924995,2224.612086911885,2184.0492426164446,2231832
2023-10-25,HDFCBANK,2172.62,2203.1574428683602,2227.1971990421953,2167.776792469425,6719343
2023-10-26,HDFCBANK,2197.04,2169.3015884436813,2211.192833763885,2166.1713663880214,4957127
2023-10-27,HDFCBANK,2192.47,2195.376124536915,2213.8964375824685,2179.7230465004413,7065335
2023-10-30,HDFCBANK,2220.63,2194.9117153526945,2250.637426436577,2192.2147203441805,1840720
2023-10-31,HDFCBANK,2235.59,2221.0138224574807,2245.8610356222794,2205.4451673977746,5971460
2023-11-01,HDFCBANK,2243.66,2238.5618425834764,2253.4506713891756,2218.854597178768,1124939
2023-11-02,HDFCBANK,2226.54,2240.1742084782713,2250.6687415229558,2210.335741571853,5483070
2023-11-03,HDFCBANK,2197.29,2230.285522738975,2243.0728912741183,2167.8902016150782,4715217
2023-11-06,HDFCBANK,2186.64,2201.1125093478813,2206.6217963285335,2166.1381133806917,3041113
2023-11-07,HDFCBANK,2223.88,2183.625174649494,2247.8113400299058,2164.8845844255275,2589214
2023-11-08,HDFCBANK,2246.02,2219.7335798711397,2254.7875233550603,2212.8097628759356,7084132
2023-11-09,HDFCBANK,2232.83,2250.4207741627993,2281.8502417508053,2223.0526167226635,5020392
2023-11-10,HDFCBANK,2222.29,2232.671483291362,2241.6459483282924,2207.667270005109,6139278
2023-11-13,HDFCBANK,2199.98,2222.9306897985352,2233.1094636640732,2177.6763415965634,4307689
2023-11-14,HDFCBANK,2162.93,2200.9999523838874,2212.3533334688464,2136.149648030051,6384176
2023-11-15,HDFCBANK,2165.74,2165.436130432807,2191.2080917751005,2143.497469652965,2811196
2023-11-16,HDFCBANK,2207.23,2168.4427392963257,2222.6507921418734,2156.553725032297,1136537
2023-11-17,HDFCBANK,2249.81,2204.527690291501,2277.8666712268646,2179.5780125005967,3966002
2023-11-20,HDFCBANK,2265.26,2247.439930821779,2292.415828086315,2227.159962741679,1097739
2023-11-21,HDFCBANK,2250.65,2268.6744991486044,2300.4651307184486,2229.0770320079105,4725230
2023-11-22,HDFCBANK,2215.17,2253.5264891885276,2279.650400752715,2205.6852199825125,3323597
2023-11-23,HDFCBANK,2241.09,2216.2121877017476,2244.9598164452705,2210.390240108218,6901184
2023-11-24,HDFCBANK,2252.51,2245.5246613540926,2281.166292185478,2233.828157667135,4170064
2023-11-27,HDFCBANK,2245.08,2254.6290167387556,2286.4937255042473,2222.140741655657,4708640
2023-11-28,HDFCBANK,2233.55,2242.5281232455754,2275.96791480963,2213.5920663683614,7094518
2023-11-29,HDFCBANK,2248.71,2236.646987399561,2254.9023768824222,2207.586014251473,5684852
2023-11-30,HDFCBANK,2228.66,2247.9430337069275,2269.491423970212,2200.4749488111534,7123637
2023-12-01,HDFCBANK,2234.93,2224.524967953768,2243.405796186022,2196.2737142936285,1482974
2023-12-04,HDFCBANK,2205.34,2233.3335562256784,2243.7746920402637,2176.2917224489797,4250109
2023-12-05,HDFCBANK,2259.8,2207.6648803140824,2285.648000825224,2180.1002795081768,7176157
2023-12-06,HDFCBANK,2243.13,2263.959895948,2297.2114629060193,2215.8482338298945,1631884
2023-12-07,HDFCBANK,2259.53,2241.121379518009,2280.6068439170904,2211.0138035272403,1812879
2023-12-08,HDFCBANK,2230.16,2257.238984121974,2286.375837050097,2216.6979739212425,5329409
2023-12-11,HDFCBANK,2226.56,2230.7275006581513,2233.235670995969,2224.034238171751,4070508
2023-12-12,HDFCBANK,2248.63,2229.3359316145297,2252.0318240604106,2223.3359290466465,4225442
2023-12-13,HDFCBANK,2276.26,2250.8473801787104,2297.552456361139,2218.521696276371,4272620
2023-12-14,HDFCBANK,2295.78,2276.805928206191,2310.5780547498916,2256.138958549723,5397458
2023-12-15,HDFCBANK,2292.71,2296.9865672130277,2327.8962182671667,2285.901449413579,3040012
2023-12-18,HDFCBANK,2276.32,2290.344830801807,2302.3181736234505,2246.467081743682,4035634
2023-12-19,HDFCBANK,2249.75,2275.70606980365,2291.7468719140356,2242.701605361526,3861379
2023-12-20,HDFCBANK,2287.37,2247.548535273056,2306.5627012658156,2232.485035549952,1143954
2023-12-21,HDFCBANK,2290.38,2290.887224572481,2301.9351282340517,2285.8866861045312,2004824
2023-12-22,HDFCBANK,2298.06,2286.8304103703194,2329.5869200113957,2280.5748946351973,5119717
2023-12-25,HDFCBANK,2327.93,2299.7122183455494,2345.3975533482635,2287.0143125078544,1986354
2023-12-26,HDFCBANK,2343.37,2325.6978242527052,2359.628719416377,2312.230911092255,6492600
2023-12-27,HDFCBANK,2340.51,2343.1410753384475,2373.359494233715,2312.3871312627643,1846302
2023-12-28,HDFCBANK,2360.1,2338.6320944251806,2372.7683031602087,2307.375204314414,5868259
2023-12-29,HDFCBANK,2344.36,2358.431365091168,2387.780899173435,2322.8282443807434,1215363
2024-01-01,HDFCBANK,2304.78,2342.1130998615567,2348.4644888630437,2276.2286632079217,6340727
2024-01-02,HDFCBANK,2340.99,2307.1105282756516,2349.3216758021063,2275.811883978278,3292262
2024-01-03,HDFCBANK,2327.53,2339.73256865799,2373.2183142223544,2302.4684935809255,3022206
2024-01-04,HDFCBANK,2320.15,2329.63741099776,2359.443409088173,2313.298270370915,2290879
2024-01-05,HDFCBANK,2315.06,2319.7423025933235,2334.6596017676475,2280.889886076184,2406854
2024-01-08,HDFCBANK,2300.14,2315.4975096888984,2338.509827637274,2275.06140692131,3525817
2024-01-09,HDFCBANK,2328.42,2300.53826901755,2361.487249078647,2279.6878709043376,7130422
2024-01-10,HDFCBANK,2338.43,2332.851933994341,2347.704270999142,2314.5343257740324,4911353
2024-01-11,HDFCBANK,2331.03,2337.1865394332326,2341.4545846463375,2301.990226671124,3509007
2024-01-12,HDFCBANK,2298.74,2328.304411427579,2348.152165557254,2295.2897815904594,3062639
2024-01-15,HDFCBANK,2306.84,2302.526410419993,2313.7521145700684,2286.6487008591657,1729988
2024-01-16,HDFCBANK,2245.07,2303.8396250646592,2312.1852087661987,2227.8043961623393,2120494
2024-01-17,HDFCBANK,2251.22,2248.0732107940794,2281.569931965905,2214.6297861937064,1435926
2024-01-18,HDFCBANK,2284.89,2248.070227107892,2287.411715240723,2229.636085667034,5379427
2024-01-19,HDFCBANK,2286.92,2286.3406705761313,2315.35894876889,2278.858366518876,5386015
2024-01-22,HDFCBANK,2317.68,2283.7232591866837,2336.7714506541647,2256.489913222957,3100311
2024-01-23,HDFCBANK,2286.76,2321.6023101661394,2342.102340470189,2263.7023838671666,1857624
2024-01-24,HDFCBANK,2338.45,2287.354633361757,2362.780991019808,2253.7030731522887,1329132
2024-01-25,HDFCBANK,2367.1,2336.8530616365483,2383.764928178092,2333.7613704488795,6523730
2024-01-26,HDFCBANK,2379.92,2363.694432162465,2386.151978629256,2330.444638424741,1796651
2024-01-29,HDFCBANK,2364.68,2378.6937913065944,2384.496574689695,2358.9458773820106,4442408
2024-01-30,HDFCBANK,2345.22,2366.619227104214,2393.9798795183688,2320.3180506587037,6576656
2024-01-31,HDFCBANK,2343.81,2344.1407380480273,2353.738803560299,2327.932537987539,7138110
2024-02-01,HDFCBANK,2375.24,2341.4295715884873,2378.549715401943,2328.576100926684,5667516
2024-02-02,HDFCBANK,2341.3,2375.9754640718616,2410.936979442616,2310.796626615891,6538961
2024-02-05,HDFCBANK,2341.99,2340.5303852161906,2376.476929881985,2319.9632817418205,6263974
2024-02-06,HDFCBANK,2361.32,2338.859286186882,2376.1820978377527,2314.433468646691,1125312
2024-02-07,HDFCBANK,2385.89,2358.051819684808,2389.128449196865,2324.5496440478105,5299198
2024-02-08,HDFCBANK,2405.51,2387.869925951402,2432.4077037244806,2379.905690039597,4916162
2024-02-09,HDFCBANK,2368.43,2410.077311965533,2440.526635658746,2334.4012233732983,3738558
2024-02-12,HDFCBANK,2398.34,2365.901407961007,2404.935894669733,2352.0505018070567,1683284
2024-02-13,HDFCBANK,2400.55,2400.960412861273,2407.9146040818277,2375.0971682435056,6064061
2024-02-14,HDFCBANK,2372.32,2396.59011707827,2426.5741819591185,2343.1162914371057,4067805
2024-02-15,HDFCBANK,2372.11,2371.196240737144,2405.098230301834,2357.7733842465373,2555722
2024-02-16,HDFCBANK,2321.43,2372.173460136632,2400.806940515232,2305.281037212856,4479317
2024-02-19,HDFCBANK,2336.62,2319.282648884816,2345.523525283799,2294.729766299089,5226158
2024-02-20,HDFCBANK,2333.75,2336.896454078382,2352.6969052310938,2315.5034600475,3157948
2024-02-21,HDFCBANK,2301.57,2337.3217056822423,2359.320095999321,2274.9806969503247,5104066
2024-02-22,HDFCBANK,2294.64,2305.6616203240696,2313.141437092473,2287.966614197603,2852119
2024-02-23,HDFCBANK,2277.19,2290.97368803913,2300.0194484967606,2253.036899837225,4218303
2024-02-26,HDFCBANK,2261.48,2275.111799369638,2286.397275335174,2235.319521425783,3207532
2024-02-27,HDFCBANK,2205.64,2265.814207087152,2284.242494985581,2195.7712430904626,5480547
2024-02-28,HDFCBANK,2165.47,2203.6145026508784,2221.5767559572605,2133.5212940696665,3559574
2024-02-29,HDFCBANK,2160.39,2167.1392079507223,2194.0120012744374,2136.09028812234,6351751
2024-03-01,HDFCBANK,2151.23,2158.259455302802,2183.170394156134,2130.2674104473,1774079
2024-03-04,HDFCBANK,2174.67,2149.99403742128,2204.6636998482786,2144.2994158640954,2473603
2024-03-05,HDFCBANK,2159.94,2171.984534706439,2199.48321449382,2156.2814617379477,7307249
2024-03-06,HDFCBANK,2147.81,2163.0183481614968,2172.869351642057,2137.136869589644,3072934
2024-03-07,HDFCBANK,2136.85,2151.0974273656766,2163.2256475870636,2119.531781507507,6553130
2024-03-08,HDFCBANK,2132.61,2135.1141299701562,2152.2076944383607,2119.747592904303,3444958
2024-03-11,HDFCBANK,2135.14,2135.3703635796983,2137.932372152504,2115.488202876816,7507292
2024-03-12,HDFCBANK,2125.98,2133.9293043066396,2163.0673153229714,2102.984468387911,5671651
2024-03-13,HDFCBANK,2139.72,2122.5700932507466,2143.188098779054,2118.9821707121946,4539916
2024-03-14,HDFCBANK,2194.24,2141.928844915255,2206.3394294770733,2113.2601194806543,1393576
2024-03-15,HDFCBANK,2174.71,2195.0865048687347,2214.7730220165367,2152.6356277892396,3755144
2024-03-18,HDFCBANK,2184.48,2172.747388976301,2202.501478192175,2167.5050828046215,5099190
2024-03-19,HDFCBANK,2185.58,2182.3217314926133,2207.790822335873,2171.6806871450144,1080882
2024-03-20,HDFCBANK,2211.15,2189.738051704235,2229.691117298425,2157.784124703176,6094594
2024-03-21,HDFCBANK,2216.48,2214.356176706283,2225.8025591205915,2181.856946719065,7440536
2024-03-22,HDFCBANK,2199.17,2219.2266472043616,2227.6932068668975,2182.085031974021,3699096
2024-03-25,HDFCBANK,2171.38,2195.8977908172537,2225.9847942939873,2153.5302636173146,3520651
2024-03-26,HDFCBANK,2186.35,2173.596434174229,2196.616081448066,2154.4728752647143,3760330
2024-03-27,HDFCBANK,2160.68,2183.853540050511,2194.6279773669007,2137.4155536706244,2512447
2024-03-28,HDFCBANK,2189.21,2164.805938967245,2204.0557785354054,2162.2361889264826,4176307
2024-03-29,HDFCBANK,2202.92,2185.2877166847156,2209.423320715033,2160.8295887185786,2628042
2024-04-01,HDFCBANK,2205.42,2201.6170916328183,2223.2879154716707,2183.6971677755414,6955824
2024-04-02,HDFCBANK,2173.98,2204.790554084041,2227.5229250872594,2153.6935129248395,7487548
2024-04-03,HDFCBANK,2190.52,2176.7992425827124,2216.815017170674,2149.335637444743,5831796
2024-04-04,HDFCBANK,2229.87,2192.852665629177,2254.3101765842807,2166.180260691496,6862541
2024-04-05,HDFCBANK,2219.85,2228.754994937008,2235.590371425212,2215.0911707859054,2563455
2024-04-08,HDFCBANK,2202.13,2220.4321360697313,2236.829894234387,2195.5586593652993,2704911
2024-04-09,HDFCBANK,2200.3,2205.086096710542,2208.48238533623,2173.4269006053514,6699575
2024-04-10,HDFCBANK,2212.0,2196.05957825044,2214.763168362454,2190.040786672417,5591838
2024-04-11,HDFCBANK,2199.47,2214.6736718245925,2230.5347789896987,2172.9193306454044,1907043
2024-04-12,HDFCBANK,2221.62,2203.401737603436,2231.709369311757,2189.678177095775,3525449
2024-04-15,HDFCBANK,2268.71,2217.4617007288784,2292.6835745651197,2186.723085482649,2238297
2024-04-16,HDFCBANK,2277.36,2264.5862201647765,2302.7283579756036,2258.528847802197,4785491
2024-04-17,HDFCBANK,2269.63,2275.9436096628633,2306.7499906621997,2237.2219627454615,3607484
2024-04-18,HDFCBANK,2281.03,2265.8875577400563,2307.6029848740113,2249.503379006102,2548843
2024-04-19,HDFCBANK,2310.98,2280.8409124697314,2314.851856851605,2271.525870034464,6941309
2024-04-22,HDFCBANK,2315.45,2313.094183276115,2329.8120929906604,2282.181267015719,7798024
2024-04-23,HDFCBANK,2328.22,2316.0696073350177,2339.447437992228,2294.4438255855275,3306894
2024-04-24,HDFCBANK,2346.69,2325.392906797365,2361.722554221589,2291.877721381401,4512840
2024-04-25,HDFCBANK,2324.52,2348.143176518673,2355.7536476238683,2311.871208295096,1898118
2024-04-26,HDFCBANK,2336.67,2326.238791735764,2342.2029014715895,2301.358026299963,1076377
2024-04-29,HDFCBANK,2302.6,2340.711933965082,2360.1252922038975,2286.0938888642636,1353815
2024-04-30,HDFCBANK,2286.34,2299.3468581436014,2324.835896055029,2281.9005033881404,5337803
2024-05-01,HDFCBANK,2315.56,2288.098983469119,2340.629995313085,2263.575169480925,4579195
2024-05-02,HDFCBANK,2338.17,2319.37073764355,2355.269552800959,2286.1591684654873,6473619
2024-05-03,HDFCBANK,2331.64,2338.184629025479,2357.619399423758,2318.7198901958777,5820855
2024-05-06,HDFCBANK,2375.81,2330.3510664222235,2395.359595191125,2321.0664255027696,2466957
2024-05-07,HDFCBANK,2342.0,2372.6810534234623,2398.025997531034,2338.276594341266,6179093
2024-05-08,HDFCBANK,2337.13,2345.4360595526364,2349.3551717140563,2307.236266292122,1645647
2024-05-09,HDFCBANK,2344.63,2336.141360120125,2370.276841992398,2313.924559890578,2637791
2024-05-10,HDFCBANK,2272.62,2348.614768491835,2370.106502132796,2265.3884468916835,1335314
2024-05-13,HDFCBANK,2269.09,2275.781289853992,2284.3690006307384,2260.685743336535,6056886
2024-05-14,HDFCBANK,2241.43,2267.970338885258,2271.7960055763306,2227.4146517920503,6529890
2024-05-15,HDFCBANK,2214.67,2242.0926949980058,2247.7413988228013,2189.801824104057,3248543
2024-05-16,HDFCBANK,2208.44,2210.4813860918366,2228.92935368904,2184.0952485619873,4051382
2024-05-17,HDFCBANK,2164.48,2206.348354699792,2231.981090830292,2135.770428025257,6782580
2024-05-20,HDFCBANK,2145.64,2166.3005255010844,2178.6163816240332,2141.1469256327077,2543955
2024-05-21,HDFCBANK,2103.49,2147.1669313673824,2160.7106908341466,2077.0302859642047,4612530
2024-05-22,HDFCBANK,2106.73,2102.2562564978057,2136.388649877581,2087.5833748326577,1648423
2024-05-23,HDFCBANK,2109.53,2109.3306151962583,2117.930534876229,2094.946920642546,1120019
2024-05-24,HDFCBANK,2101.82,2107.3009529062574,2112.469091516959,2081.1685175177827,4360377
2024-05-27,HDFCBANK,2125.23,2101.4943905279606,2137.572786666117,2080.343392627088,4469794
2024-05-28,HDFCBANK,2118.69,2124.996485128327,2149.3126279628627,2106.7410923512134,4414057
2024-05-29,HDFCBANK,2118.54,2117.340960320149,2139.227716978716,2097.091068976071,3445644
2024-05-30,HDFCBANK,2097.8,2122.3929132875105,2136.870044315331,2073.8255350100226,7382824
2024-05-31,HDFCBANK,2045.03,2099.450415062032,2129.9061669538964,2025.7818582750278,1187461
2024-06-03,HDFCBANK,2042.13,2045.3506552668975,2068.442562175749,2034.588963421284,5976494
2024-06-04,HDFCBANK,2036.3,2042.2158927506473,2046.0267900197302,2033.3080610945708,2328143
2024-06-05,HDFCBANK,2074.97,2033.5248985323956,2098.6762006987533,2021.127113844384,3454497
2024-06-06,HDFCBANK,2090.57,2073.9091665832375,2093.3641299734813,2065.508625694674,7760197
2024-06-07,HDFCBANK,2081.45,2092.014778834293,2113.153597654878,2065.754926306108,5185466
2024-06-10,HDFCBANK,2085.07,2084.9848867350674,2093.299270264562,2071.9485687481015,7409678
2024-06-11,HDFCBANK,2106.25,2087.7093988652646,2128.8925896389947,2085.2734870845575,7715149
2024-06-12,HDFCBANK,2118.6,2104.5682840983627,2129.9067858586,2085.917313966116,4896998
2024-06-13,HDFCBANK,2157.87,2118.0403220287467,2186.4015477044727,2088.2343388737345,6742852
2024-06-14,HDFCBANK,2139.52,2154.269960921682,2166.585477888834,2136.0926961713803,6901811
2024-06-17,HDFCBANK,2162.86,2136.115358914324,2183.7872752894764,2127.7906270468566,5738168
2024-06-18,HDFCBANK,2153.18,2162.6024499792966,2173.421919403616,2132.8891748502706,5576089
2024-06-19,HDFCBANK,2158.16,2153.4402712894816,2188.031311898096,2150.7560742111555,7747375
2024-06-20,HDFCBANK,2145.31,2156.122930867397,2181.853980608806,2123.5082882081256,2713616
2024-06-21,HDFCBANK,2142.34,2146.53525252375,2155.993402591871,2121.365811730022,5875370
2024-06-24,HDFCBANK,2147.71,2144.082842311783,2178.3860726254106,2130.2240031362235,1210926
2024-06-25,HDFCBANK,2162.12,2145.984238828097,2175.0931659460434,2122.036907578819,7508723
2024-06-26,HDFCBANK,2163.96,2164.354981071787,2186.2714761034326,2152.664130513489,2425762
2024-06-27,HDFCBANK,2105.17,2161.4117632824154,2186.05173901542,2078.0973122411447,6968805
2024-06-28,HDFCBANK,2103.77,2105.542626687597,2108.3232699951914,2075.3950959654853,3538804
2024-07-01,HDFCBANK,2138.18,2106.330549744813,2169.024407202891,2090.5084099267074,6901014
2024-07-02,HDFCBANK,2136.57,2138.496528347299,2150.9472363976674,2121.137365917908,3245196
2024-07-03,HDFCBANK,2172.17,2140.056563622042,2180.1134182652227,2111.1511855129756,1145120
2024-07-04,HDFCBANK,2169.69,2168.333958492053,2197.7005006408954,2165.0781349204285,6341788
2024-07-05,HDFCBANK,2132.56,2170.4564546696975,2193.9854831197817,2117.687554723652,3468020
2024-07-08,HDFCBANK,2122.79,2133.086788831512,2137.8103086242836,2095.4367680041155,1237741
2024-07-09,HDFCBANK,2110.13,2124.1515857691884,2129.7564234188776,2087.6786289941706,4490145
2024-07-10,HDFCBANK,2105.18,2112.9441270900184,2136.2133176968705,2097.1872188748293,6717646
2024-07-11,HDFCBANK,2078.11,2107.0818455843496,2111.3949696037243,2062.161007385217,5674874
2024-07-12,HDFCBANK,2078.28,2080.5229578208227,2109.3183444663923,2052.580149297443,1885169
2024-07-15,HDFCBANK,2071.15,2076.5244080988978,2100.158499222391,2043.0649690788014,6712776
2024-07-16,HDFCBANK,2100.87,2070.2179607824924,2112.838427150498,2051.649848324389,6077273
2024-07-17,HDFCBANK,2073.28,2101.935367765858,2114.7175371230487,2051.9745723411556,5776194
2024-07-18,HDFCBANK,2079.25,2073.72336240205,2096.0730981124534,2061.660187893074,7095715
2024-07-19,HDFCBANK,2089.03,2083.0850009281303,2101.676093078719,2078.8218796036153,5221486
2024-07-22,HDFCBANK,2107.21,2086.4131515015924,2132.430268727868,2062.3531023967707,5012036
2024-07-23,HDFCBANK,2099.17,2105.9564491968513,2136.800955397865,2092.816389820211,1994877
2024-07-24,HDFCBANK,2104.64,2099.7809024122184,2123.9675430715256,2095.3429476483366,6552083
2024-07-25,HDFCBANK,2113.2,2107.7377250750333,2128.5091251315775,2102.7382478971663,7693459
2024-07-26,HDFCBANK,2075.26,2116.829197209508,2125.5480736697596,2071.7924119963964,2562244
2024-07-29,HDFCBANK,2068.16,2073.8989310236534,2094.944998130101,2061.5202151512003,5981129
2024-07-30,HDFCBANK,2067.79,2064.5788441431614,2089.704595707305,2050.764342595532,4993935
2024-07-31,HDFCBANK,2070.08,2067.141703980666,2092.0076712047558,2047.9955179009642,5337432
2024-08-01,HDFCBANK,2072.1,2069.205135696099,2074.954919699523,2052.4106991489393,5649003
2024-08-02,HDFCBANK,2082.45,2076.1321994138284,2110.745725459285,2070.3534316967152,6220504
2024-08-05,HDFCBANK,2127.21,2081.8757539526932,2139.40634127909,2059.43225328256,5108189
2024-08-06,HDFCBANK,2113.66,2125.5569280853915,2149.827218702691,2086.667851020054,7713101
2024-08-07,HDFCBANK,2122.9,2112.521814165838,2147.6048171631655,2084.99875833561,6813077
2024-08-08,HDFCBANK,2153.67,2122.0247392045453,2175.43880037706,2114.763010416178,1315050
2024-08-09,HDFCBANK,2111.45,2156.4399674997017,2170.517490799905,2102.2879953336237,7126747
2024-08-12,HDFCBANK,2118.05,2107.911335581874,2138.2082846659955,2090.9785571250213,2015261
2024-08-13,HDFCBANK,2079.28,2116.4954110194794,2119.803031268567,2056.0922852820486,6025125
2024-08-14,HDFCBANK,2129.65,2083.1584268554107,2154.4956492336614,2071.673108807497,3380201
2024-08-15,HDFCBANK,2142.26,2126.6949189973793,2147.38908688875,2095.938791834852,6987859
2024-08-16,HDFCBANK,2151.77,2144.338860428266,2165.873804354509,2129.232399335786,4854818
2024-08-19,HDFCBANK,2107.81,2150.5339673762937,2155.8042014591156,2087.95011376889,5776149
2024-08-20,HDFCBANK,2096.5,2108.499553399872,2135.3176482856798,2093.7536581120153,4524686
2024-08-21,HDFCBANK,2085.35,2093.1418098509357,2111.3610049294525,2068.887920716757,3859146
2024-08-22,HDFCBANK,2126.24,2083.735202282066,2148.9341498059216,2068.5900908439567,2536949
2024-08-23,HDFCBANK,2143.68,2126.247356294228,2166.3090084418745,2115.558875167967,4625057
2024-08-26,HDFCBANK,2105.09,2141.3794082676736,2168.7515632367467,2087.793609557259,1757624
2024-08-27,HDFCBANK,2116.34,2105.442559993687,2122.384207035056,2080.480350195082,7488727
2024-08-28,HDFCBANK,2081.73,2113.967661706894,2135.606644729276,2066.162593760934,7994117
2024-08-29,HDFCBANK,2044.8,2082.9798752938773,2101.834752422037,2041.1597738207627,7900496
2024-08-30,HDFCBANK,2055.37,2048.1072950197754,2058.314440263471,2029.1392691869514,4586203
2024-09-02,HDFCBANK,2072.57,2051.962103122213,2080.4870530939443,2040.7070363428277,1791006
2024-09-03,HDFCBANK,2083.41,2070.220667589074,2093.297867150319,2067.5138098553957,6593315
2024-09-04,HDFCBANK,2126.86,2086.280297516898,2131.147301537034,2079.226401034804,3879414
2024-09-05,HDFCBANK,2135.87,2127.9791833841887,2148.612765485551,2115.6932484621993,4766793
2024-09-06,HDFCBANK,2140.25,2132.270708059429,2143.205332369896,2122.257459984762,2005716
2024-09-09,HDFCBANK,2112.0,2140.1331433354526,2158.847685044563,2108.009936677369,3577465
2024-09-10,HDFCBANK,2132.31,2109.5480399348157,2140.756108585554,2106.249823725049,1286881
2024-09-11,HDFCBANK,2093.96,2129.743520928158,2140.4306665113086,2090.956327086367,2596254
2024-09-12,HDFCBANK,2140.87,2097.650774892733,2170.2996894644984,2084.5593003162003,2140188
2024-09-13,HDFCBANK,2161.76,2143.1097058161185,2179.1393309246578,2122.5057700196107,2625194
2024-09-16,HDFCBANK,2228.49,2163.456813791427,2239.111417978944,2135.03795620221,7362538
2024-09-17,HDFCBANK,2238.44,2226.162821918279,2259.433130333859,2204.7864763625894,3511648
2024-09-18,HDFCBANK,2261.5,2235.0247980618246,2270.1466192993394,2231.004829638122,6472441
2024-09-19,HDFCBANK,2255.01,2264.8545518921474,2269.4783421496577,2249.275868405893,6526061
2024-09-20,HDFCBANK,2254.34,2250.553013950652,2257.2541604337016,2233.294052371752,3216381
2024-09-23,HDFCBANK,2228.67,2253.330925167225,2285.6017936303683,2211.9953184117862,4579520
2024-09-24,HDFCBANK,2193.58,2226.6874866278995,2251.5029200816516,2170.1632810065034,6664660
2024-09-25,HDFCBANK,2198.55,2194.1975033022445,2225.370714019995,2175.2464618394442,1230205
2024-09-26,HDFCBANK,2197.75,2196.355921286867,2230.1291171194703,2185.3791469892203,7387798
2024-09-27,HDFCBANK,2172.14,2196.090306313855,2226.9295673252686,2151.7958022697203,3649527
2024-09-30,HDFCBANK,2151.05,2175.1813422825,2199.7974013925946,2124.445327912408,4648768
2024-10-01,HDFCBANK,2152.21,2151.9378572743376,2175.2726927615013,2135.9533362592265,5151061
2024-10-02,HDFCBANK,2126.72,2149.159737568574,2161.4441196203334,2101.528399228594,2585667
2024-10-03,HDFCBANK,2135.45,2128.6465662439336,2140.6951809648413,2125.7516617992405,5523209
2024-10-04,HDFCBANK,2110.88,2132.9511750072006,2152.2162367535702,2090.752250047654,7944318
2024-10-07,HDFCBANK,2117.2,2110.3143257875035,2136.3978086690613,2105.5351171982443,6969550
2024-10-08,HDFCBANK,2090.78,2118.4415873673443,2148.8016558852423,2066.0204729902653,2913587
2024-10-09,HDFCBANK,2064.79,2088.8726193533016,2103.904128534905,2039.2876260689145,2457955
2024-10-10,HDFCBANK,2011.51,2063.8328196394978,2085.8566127185377,1998.709989061046,4087539
2024-10-11,HDFCBANK,2008.33,2013.3939770258933,2031.614364577262,2000.1185553806047,2265988
2024-10-14,HDFCBANK,2040.81,2011.8478788203627,2047.9010866041237,1997.6335778361345,3133916
2024-10-15,HDFCBANK,2072.55,2041.0487344187736,2091.8017103345246,2016.9993420512558,6728878
2024-10-16,HDFCBANK,2080.31,2068.4875613483987,2098.120852683164,2038.5576241839635,7484654
2024-10-17,HDFCBANK,2034.89,2078.9658181053837,2095.4201754252176,2021.9807463509471,6441176
2024-10-18,HDFCBANK,2054.15,2034.0649280865352,2070.969218068156,2007.285489306695,1309199
2024-10-21,HDFCBANK,2059.62,2052.8285539661106,2066.4081606952827,2031.8988776654755,2362319
2024-10-22,HDFCBANK,2050.78,2059.094952286923,2074.514872435452,2039.4207019998746,6020456
2024-10-23,HDFCBANK,2078.38,2051.868277200023,2098.08126705924,2023.9060896761803,5287424
2024-10-24,HDFCBANK,2092.83,2075.2302402750065,2109.2635055307906,2047.798852336425,7419432
2024-10-25,HDFCBANK,2138.36,2090.9266172314924,2155.128178170939,2061.3678711724187,1900499
2024-10-28,HDFCBANK,2105.68,2138.4254174448665,2142.8845646352393,2103.4587346021913,3634659
2024-10-29,HDFCBANK,2075.32,2104.1266256142735,2111.850533858211,2055.4365142317993,1370652
2024-10-30,HDFCBANK,2049.23,2079.3966368957563,2090.8200470631505,2044.478106842076,4760367
2024-10-31,HDFCBANK,2043.18,2048.667949220789,2062.7440556148226,2020.9301762660202,7602465
2024-11-01,HDFCBANK,2079.24,2046.202264938546,2098.6083788707597,2037.08609809094,4200185
2024-11-04,HDFCBANK,2065.35,2082.5377564424066,2109.7915770769746,2040.7040393040106,4235887
2024-11-05,HDFCBANK,2052.04,2068.125888227506,2074.8024321304106,2035.5755513206122,6148625
2024-11-06,HDFCBANK,2061.83,2048.3208682653963,2064.32735534661,2041.2431420208104,6442945
2024-11-07,HDFCBANK,2081.32,2065.5227105745694,2096.4914071503713,2058.146071280725,1093391
2024-11-08,HDFCBANK,2030.49,2078.229177877676,2092.8795309450024,2022.6115567531683,6164188
2024-11-11,HDFCBANK,2054.07,2026.7084448881503,2071.9950823022414,2019.680391092331,7604000
2024-11-12,HDFCBANK,2039.64,2053.366436722051,2079.372537834297,2015.0839825337982,7276239
2024-11-13,HDFCBANK,2037.71,2037.148653434297,2062.637403656795,2020.3442708571297,3395554
2024-11-14,HDFCBANK,2069.87,2035.1359364418402,2074.838942304004,2018.4238084703277,1736366
2024-11-15,HDFCBANK,2065.31,2068.1132567325553,2097.223884782999,2060.0786416900232,2228605
2024-11-18,HDFCBANK,2030.88,2063.2315183222895,2068.4840962689746,2008.85812349887,3995050
2024-11-19,HDFCBANK,1998.32,2032.381189145275,2052.4692186406583,1994.4051762314807,7965097
2024-11-20,HDFCBANK,1998.04,1995.816323309588,2018.84696539198,1978.474955305917,6844432
2024-11-21,HDFCBANK,1991.05,1998.3846083940653,2019.4041868873028,1979.8543617774696,2225328
2024-11-22,HDFCBANK,1992.71,1994.923998298796,2004.329898182022,1970.320634933382,3004803
2024-11-25,HDFCBANK,1984.27,1992.171031096255,2003.3766570364578,1965.9039411421902,1665522
2024-11-26,HDFCBANK,2011.73,1985.396058214358,2029.19478622062,1975.3444209581999,2274456
2024-11-27,HDFCBANK,2012.64,2015.506996340958,2023.1542832556406,1996.8980557060504,4115680
2024-11-28,HDFCBANK,1973.97,2009.722791012072,2012.3039715444952,1970.0811057136539,1371021
2024-11-29,HDFCBANK,1992.05,1973.3273307125369,2009.719528048453,1964.0916645308332,7211479
2024-12-02,HDFCBANK,2034.18,1994.8404030832357,2049.4646251186155,1980.6803096689641,6516362
2024-12-03,HDFCBANK,2038.02,2037.697550294904,2058.7960586607055,2032.4267941151913,1743192
2024-12-04,HDFCBANK,2043.6,2038.8452844433657,2049.840762154831,2027.2601362440982,4157403
2024-12-05,HDFCBANK,2026.43,2040.6851773734047,2066.7507440982113,2014.3980447773472,7381062
2024-12-06,HDFCBANK,2021.39,2029.6842162474363,2035.868868724547,1998.0413256875581,5476528
2024-12-09,HDFCBANK,2032.94,2018.757718177731,2060.341612953467,1999.6360400593735,1243747
2024-12-10,HDFCBANK,2058.61,2031.7436379719534,2073.624052935641,2020.7036532881111,3345737
2024-12-11,HDFCBANK,2069.08,2057.584877912405,2087.07535492488,2052.410224700854,2058595
2024-12-12,HDFCBANK,2110.84,2068.6437679172786,2139.446396460887,2046.7526858062456,1460498
2024-12-13,HDFCBANK,2113.5,2113.289974443599,2124.4876271913877,2087.965995289789,3015761
2024-12-16,HDFCBANK,2087.8,2116.0543285724784,2123.5569641353145,2073.8362585040045,3447600
2024-12-17,HDFCBANK,2063.08,2089.6343834479603,2104.764428618196,2034.0746618481523,3826373
2024-12-18,HDFCBANK,2091.46,2059.1364529025027,2100.7066399728715,2048.8481502130107,3076379
2024-12-19,HDFCBANK,2115.01,2092.0024837499323,2132.7545421188565,2081.215992599371,7635621
2024-12-20,HDFCBANK,2077.13,2117.103800306475,2127.3793966990916,2056.295398287192,3832376
2024-12-23,HDFCBANK,2072.71,2076.669917699556,2103.8802193955758,2067.523016584103,7965928
2024-12-24,HDFCBANK,2069.14,2076.398893562357,2096.1299660154796,2052.6500632208595,7867441
2024-12-25,HDFCBANK,2052.41,2071.820037212974,2073.8988379917264,2040.1790921943236,5303841
2024-12-26,HDFCBANK,2020.93,2053.544203351823,2078.7548104184293,1996.545658181051,1884248
2024-12-27,HDFCBANK,2004.1,2017.3927677058382,2028.7365121924038,1985.747984719718,6424052
2024-12-30,HDFCBANK,1983.44,2005.3212684591253,2016.3162680609735,1977.6361482450175,2418784
2024-12-31,HDFCBANK,1953.55,1986.7053737772308,1999.3465404140725,1930.0705827458803,4226966
2022-01-03,WIPRO,421.57,422.3630469156596,424.50437180427656,417.5195429228962,5103517
2022-01-04,WIPRO,433.62,421.3080754242266,437.3544110145987,415.3246970343601,6134354
2022-01-05,WIPRO,432.21,433.3597040432559,435.4653534205361,428.03094953099276,4707890
2022-01-06,WIPRO,421.06,432.28436174781325,434.05555824595143,420.0683587942967,1575606
2022-01-07,WIPRO,422.48,420.86378920825064,426.02186496564565,414.6744661366908,1823597
2022-01-10,WIPRO,419.75,421.6374493667477,423.0615234610312,416.24301989920474,7779106
2022-01-11,WIPRO,410.34,420.1391452301211,425.2672547730971,409.53417975548865,5388346
2022-01-12,WIPRO,406.07,410.75315828320106,413.9492919125853,402.22361318684415,2891828
2022-01-13,WIPRO,403.95,406.4711559109006,410.14324837774717,400.3122119653047,6026147
2022-01-14,WIPRO,410.92,403.69958439310915,412.1787982524954,400.91399298083724,5682428
2022-01-17,WIPRO,401.84,410.9566367614921,413.23500858793017,398.41677433374514,3570726
2022-01-18,WIPRO,404.0,401.61492703417645,406.7234672485251,396.5386845116027,5017472
2022-01-19,WIPRO,417.52,403.21791482244953,422.66175029396146,397.27439306092293,5423318
2022-01-20,WIPRO,416.49,417.6242947278386,422.54484160976136,413.7983764040417,7498526
2022-01-21,WIPRO,415.27,415.86320031926937,417.57725728728894,414.3943169194143,2609343
2022-01-24,WIPRO,419.82,414.5724150426218,423.86140022856347,408.97116771402426,7129202
2022-01-25,WIPRO,423.17,420.2490544760811,425.0354979768572,415.1864561902117,7005950
2022-01-26,WIPRO,432.23,422.3397509587091,438.64233095345594,418.19373149810093,1039906
2022-01-27,WIPRO,431.22,433.02358887832406,439.228701849912,429.6341415359788,5848115
2022-01-28,WIPRO,435.82,431.2463136724505,439.69256842696217,426.40326423191317,2646062
2022-01-31,WIPRO,440.58,436.6620328833214,445.3314949317516,435.5043377600763,6223445
2022-02-01,WIPRO,438.43,439.8010502819201,445.17543026572685,432.1908825337596,7202989
2022-02-02,WIPRO,437.75,438.5764874404372,443.44204529106514,436.95040265338537,7563142
2022-02-03,WIPRO,437.74,437.4861716399938,442.4665421572819,434.3583463583962,6717536
2022-02-04,WIPRO,429.68,438.3414241056181,444.6622005346981,427.19769030049633,2862782
2022-02-07,WIPRO,427.24,429.44148073950186,433.4569241290834,423.03068340251804,3498924
2022-02-08,WIPRO,436.89,426.8306828531059,441.2188098400743,425.10113077851605,1249699
2022-02-09,WIPRO,443.75,437.51484554279466,449.46983211209715,431.97237576014925,4322923
2022-02-10,WIPRO,439.96,443.52750923768457,448.13064714007453,433.6618694530933,1078342
2022-02-11,WIPRO,439.92,439.1097039496234,444.8739640670912,434.95451297950933,7671487
2022-02-14,WIPRO,446.4,439.726943924965,448.30986062125453,438.3865418690006,7989402
2022-02-15,WIPRO,449.44,446.6759149635459,452.22551088923984,444.69668313589216,5844673
2022-02-16,WIPRO,454.9,448.99839740448454,456.29300335030075,445.5142522708251,7306320
2022-02-17,WIPRO,458.61,454.7762446231768,462.3158972531283,451.59732613871154,2668416
2022-02-18,WIPRO,460.16,457.79682051827047,463.5560652897583,451.7623715309242,5454585
2022-02-21,WIPRO,459.08,460.3221471157723,467.2086950505918,457.59696093766627,6564013
2022-02-22,WIPRO,450.92,459.55063949458327,463.94252871580187,449.12418204339104,4726109
2022-02-23,WIPRO,455.67,450.76364360074797,461.14270037619,448.1449707600397,4205467
2022-02-24,WIPRO,454.22,455.5246096151546,458.11026085980626,450.37124609529866,4319796
2022-02-25,WIPRO,443.06,453.471958706029,459.20458552693117,442.3964865276549,3592224
2022-02-28,WIPRO,439.5,442.5317676777227,446.78502437028544,438.31618372295594,1803737
2022-03-01,WIPRO,443.87,438.8929191828989,448.6451058071724,436.26922912228287,1077474
2022-03-02,WIPRO,429.85,443.8374869995032,446.1108363186282,425.6397112241629,4424190
2022-03-03,WIPRO,421.98,429.9003019771107,433.6322396228141,419.30140257621235,1052810
2022-03-04,WIPRO,421.65,422.73777502639734,426.9129521133784,418.7221353334032,7155974
2022-03-07,WIPRO,429.34,420.930212255114,433.3102467136112,416.9395361619565,7508443
2022-03-08,WIPRO,434.56,429.5115092623775,440.5624521093132,424.91291662947907,2170328
2022-03-09,WIPRO,443.11,434.606060800143,449.1255804050861,430.56342088778456,4838908
2022-03-10,WIPRO,443.22,443.13877219210536,449.68825375785065,440.05220415065736,2110376
2022-03-11,WIPRO,440.57,443.88156663741535,448.4730740489897,436.60217715948113,5789534
2022-03-14,WIPRO,444.89,440.0510763361372,451.38841828292254,435.07411751228386,7374850
2022-03-15,WIPRO,437.62,444.07277848808695,449.69238272563626,435.71787873965883,3652256
2022-03-16,WIPRO,429.95,437.92155782868355,440.0199246458207,426.6998122984164,3044217
2022-03-17,WIPRO,421.28,429.6837018068211,432.68465547950694,415.3599426986915,7225441
2022-03-18,WIPRO,426.96,420.46708111960805,428.8119365196382,416.328184427497,3530234
2022-03-21,WIPRO,420.4,426.5353865846108,426.98698529783934,419.30224664376686,3412215
2022-03-22,WIPRO,425.51,420.07936390352296,427.05574274932155,418.2198033876946,7318884
2022-03-23,WIPRO,425.24,425.7088635908218,426.15877324044436,420.7858044736609,6610047
2022-03-24,WIPRO,431.06,424.68308153224604,435.8351699400963,423.8908624779889,5570608
2022-03-25,WIPRO,422.68,430.9100848289152,433.9081331983453,416.7930992422679,2679762
2022-03-28,WIPRO,417.51,422.65037088338613,424.9225587948647,416.8659014171084,4859579
2022-03-29,WIPRO,419.17,417.4419248130737,424.0592376428852,412.61624243528206,2475172
2022-03-30,WIPRO,415.26,419.96464700465486,425.27922185380805,409.0839702903733,1859254
2022-03-31,WIPRO,398.55,414.50506435913917,420.57930179602334,394.9922687013613,4483476
2022-04-01,WIPRO,390.4,399.26893348284244,403.2569075256122,386.50598878049726,6973581
2022-04-04,WIPRO,383.94,390.52795315337306,393.44184053952154,381.0785896572273,6639113
2022-04-05,WIPRO,378.02,384.39416679554205,386.421346398501,376.56644507453655,5936372
2022-04-06,WIPRO,381.94,377.91474806984974,383.5107110355819,376.70316518985555,2203134
2022-04-07,WIPRO,383.93,381.86947536146914,385.45841124236296,378.2864780833611,3747239
2022-04-08,WIPRO,384.92,384.5125392910686,387.50999243764005,381.0587862995264,1095933
2022-04-11,WIPRO,396.57,385.5296124252507,402.4729480088314,380.5464448800876,3519879
2022-04-12,WIPRO,403.63,396.15548739883684,404.0384540905532,390.4768625342478,6630054
2022-04-13,WIPRO,408.54,403.1444199978124,410.0764709615665,400.716285132496,3861388
2022-04-14,WIPRO,399.44,408.53384767173134,410.0198902590626,393.80874551211076,1796434
2022-04-15,WIPRO,399.85,400.0795466228635,404.49629391053287,397.9601576255094,2883594
2022-04-18,WIPRO,401.71,399.5658747363938,404.0940629589278,396.58801497035404,7360193
2022-04-19,WIPRO,399.26,401.95426316451153,404.92938844464805,394.3811073584116,4113712
2022-04-20,WIPRO,409.54,399.5924265713892,410.80168536949697,396.61679012346656,2439877
2022-04-21,WIPRO,409.92,409.99651368904307,412.73117343864715,404.82140193585343,6700764
2022-04-22,WIPRO,402.43,410.0248156551639,411.0272432447518,398.8654042018578,2537458
2022-04-25,WIPRO,396.47,402.2729801495792,405.6772578972761,394.9609735001278,3792836
2022-04-26,WIPRO,410.1,397.2106313163165,411.0724033310091,393.8211814047113,1390056
2022-04-27,WIPRO,407.58,410.282626967718,415.2335555684338,402.31479615412394,3819389
2022-04-28,WIPRO,394.93,407.95263443582996,411.5966403571169,393.0081132583727,7895261
2022-04-29,WIPRO,391.44,394.68511630100267,399.0801522397225,386.5919208041062,4613176
2022-05-02,WIPRO,380.77,391.70609962964744,394.3929016295325,378.99549689929466,3742883
2022-05-03,WIPRO,386.07,380.40110646328895,388.51802281014835,377.2479358431874,5155313
2022-05-04,WIPRO,374.81,385.6763582678011,386.59231047955933,371.5687872821659,7778833
2022-05-05,WIPRO,366.98,375.13192011384075,378.2582614702078,365.8497348227011,2896499
2022-05-06,WIPRO,367.06,367.0114057612551,370.07100430485417,365.14715273317535,5841008
2022-05-09,WIPRO,373.22,367.32909405048656,376.0390906304128,361.98840494494834,1267709
2022-05-10,WIPRO,372.89,372.87579933406806,377.12873650209,368.8287696242471,6585507
2022-05-11,WIPRO,365.91,373.0372517865865,377.7580611872094,364.8828501061622,2564091
2022-05-12,WIPRO,366.97,365.8279390470515,371.19421201822195,360.43437910391896,3323837
2022-05-13,WIPRO,364.45,367.11232606585486,368.21884681668286,361.76529665886244,5038394
2022-05-16,WIPRO,370.69,364.14514447366565,374.2889673529409,362.3934458749025,2120629
2022-05-17,WIPRO,375.5,371.00946207086037,376.29775856660984,368.6743230244532,2388085
2022-05-18,WIPRO,372.53,375.9595059079715,379.99156334158243,370.9085448574995,2706358
2022-05-19,WIPRO,376.95,372.1722467360249,379.34202946428195,370.3708161568652,6224072
2022-05-20,WIPRO,378.54,376.64937568015034,379.62072616867056,374.64877605488095,2614497
2022-05-23,WIPRO,386.35,378.7840133490379,391.3990968802982,377.4588594678691,7231905
2022-05-24,WIPRO,390.68,386.65225732836876,394.4290108905402,384.34768203132955,5561699
2022-05-25,WIPRO,393.95,390.99895065880156,396.3003646157209,387.336799324642,4159518
2022-05-26,WIPRO,401.85,394.2378963038257,402.42471803999575,390.9289502256191,5849651
2022-05-27,WIPRO,402.01,401.67769912422955,405.43606736110854,399.6830266999453,4127699
2022-05-30,WIPRO,397.41,401.84092050258806,407.4366205388887,396.32438890949834,4825107
2022-05-31,WIPRO,398.66,397.02024828725007,402.3871989774717,392.5780138255114,4320539
2022-06-01,WIPRO,395.0,398.11277329120276,403.9264573007458,390.96668468172,1527956
2022-06-02,WIPRO,397.06,395.30427225944715,398.2155699342865,394.5256618119468,6581304
2022-06-03,WIPRO,395.9,396.41388615743267,399.96427653408773,393.16795946060853,7058066
2022-06-06,WIPRO,396.77,396.5932878653556,401.60017905416504,391.63803932381427,7215998
2022-06-07,WIPRO,388.08,397.28847729883086,400.6088436517139,385.8647353331276,1085058
2022-06-08,WIPRO,389.54,388.6349633102504,390.426175836359,388.19606625613784,5065732
2022-06-09,WIPRO,380.53,390.1736550801809,393.74780339932346,379.2089329884309,1248553
2022-06-10,WIPRO,384.56,380.39088579803723,388.2380590069909,378.6564463521902,3740421
2022-06-13,WIPRO,388.63,385.0933089206865,392.9834058532896,380.4385525298941,3881794
2022-06-14,WIPRO,389.16,388.09844945252934,393.6964230253851,387.0373715978949,7366896
2022-06-15,WIPRO,389.48,388.415368483159,394.0722876524597,385.4482804995983,2075497
2022-06-16,WIPRO,386.67,389.9238380015747,393.93546081933295,385.6840148196839,1016683
2022-06-17,WIPRO,381.68,386.01234647952396,387.56463978052733,377.71724160308844,4223680
2022-06-20,WIPRO,380.13,382.4258403800998,384.97252900142024,374.7582745329363,5733425
2022-06-21,WIPRO,389.97,380.39578146713774,394.5973136758861,377.2246742529413,1018290
2022-06-22,WIPRO,389.81,390.3653511340125,395.966304513329,385.43544555427684,6212597
2022-06-23,WIPRO,380.44,389.4136472048627,390.23346320924645,378.5428256340349,4684019
2022-06-24,WIPRO,369.23,380.7045814018512,383.93962371769874,368.6390443351545,2285411
2022-06-27,WIPRO,359.84,368.5553723897306,370.53647243135254,357.9233619397053,2433806
2022-06-28,WIPRO,356.42,360.3262528282292,361.82359380395104,355.49939387717734,1071656
2022-06-29,WIPRO,361.81,355.94898967695326,364.73391308765974,352.86730299096945,3662693
2022-06-30,WIPRO,354.86,362.09562448864455,365.5301922888394,353.3706420480157,6191595
2022-07-01,WIPRO,362.48,354.46891660266976,362.8920713382291,353.33554056467386,5376401
2022-07-04,WIPRO,363.51,361.85429161941425,367.8440904748519,360.0277447982055,2923030
2022-07-05,WIPRO,366.21,363.4830910683579,370.7796964940393,360.6148031075407,4561650
2022-07-06,WIPRO,368.77,365.725557212256,374.1234899748628,363.444207097583,3836520
2022-07-07,WIPRO,372.09,369.1084482383007,373.403110173738,367.1917042168976,7282709
2022-07-08,WIPRO,369.85,371.6994034986582,375.16503056105114,365.6126957314403,3970815
2022-07-11,WIPRO,356.95,369.6169538996953,372.19420244760425,355.6414604405704,1104791
2022-07-12,WIPRO,353.86,357.0462897629554,359.07702264221825,353.26004577902546,1557004
2022-07-13,WIPRO,349.2,353.55563549881407,356.70895165566606,346.23646196405167,6511904
2022-07-14,WIPRO,350.88,349.02957380072206,355.07419611650386,347.2198347154824,4658353
2022-07-15,WIPRO,352.08,351.3229814680906,352.5457099359354,349.67821468705006,6833232
2022-07-18,WIPRO,350.7,351.62822481533374,356.7520112101931,348.6910030088209,2615957
2022-07-19,WIPRO,359.98,350.1139123897253,364.4215564251128,347.5439402593419,3574212
2022-07-20,WIPRO,356.58,359.73284894196877,363.875587056191,355.632592386992,4823448
2022-07-21,WIPRO,344.73,356.4721370703272,360.6234060191783,341.72566906280775,1087941
2022-07-22,WIPRO,345.4,344.7888237373238,347.6267419674319,339.91193801217844,1651956
2022-07-25,WIPRO,351.61,345.2237405786354,355.6614922263556,344.12723722609627,7243166
2022-07-26,WIPRO,353.18,352.01774341166134,355.44557303184143,350.0590243926427,2797264
2022-07-27,WIPRO,351.34,352.529187426619,357.31720205115215,350.2471993616814,4035360
2022-07-28,WIPRO,352.66,351.2441088274827,353.887649439756,346.6567428163959,5640166
2022-07-29,WIPRO,362.44,352.49390548345093,364.2858576060555,347.35826003867436,7601781
2022-08-01,WIPRO,357.74,362.6539533928322,365.81583369941694,357.0535840730701,6404541
2022-08-02,WIPRO,357.96,358.4072226654151,360.3673354595116,353.3309315410718,4925935
2022-08-03,WIPRO,361.61,357.97485592222745,364.11932802379715,356.66292556027423,5544420
2022-08-04,WIPRO,363.04,362.31423814649037,365.9058078642297,361.0551741367941,7141743
2022-08-05,WIPRO,361.74,362.75283448131717,367.4646117801938,359.9030382694524,7119491
2022-08-08,WIPRO,359.48,361.0611849530637,364.06690794866375,354.7484059550113,4229290
2022-08-09,WIPRO,358.0,358.9992503817777,361.1799690274051,355.97500190629876,7169596
2022-08-10,WIPRO,360.91,357.84981883499717,362.5226564254667,356.93630417128225,1007322
2022-08-11,WIPRO,363.53,360.644852284661,365.9734536999845,357.3837006609344,1822343
2022-08-12,WIPRO,375.01,362.9440683529455,378.09269675123,359.6010761801009,3799092
2022-08-15,WIPRO,366.42,374.9089874679404,379.2000487744922,363.1955099851453,6994163
2022-08-16,WIPRO,376.14,366.182729524206,377.15357801337245,361.111760218216,3162417
2022-08-17,WIPRO,375.04,375.57220797433143,377.113003712187,374.098033771726,2115494
2022-08-18,WIPRO,374.58,374.7341430746588,377.100647729953,373.5193992406575,7182164
2022-08-19,WIPRO,379.47,375.1590048704601,381.76411535906976,374.7728651509964,5615026
2022-08-22,WIPRO,384.38,379.169533931949,386.87250181879165,376.58836158934474,1490600
2022-08-23,WIPRO,391.1,384.7089607423431,395.8359463324116,382.9841884840937,7462410
2022-08-24,WIPRO,399.23,391.27528645141655,401.4410002721242,386.5163642693899,6041246
2022-08-25,WIPRO,399.05,399.1137141418732,402.31723011263676,396.793533248773,3925786
2022-08-26,WIPRO,407.41,398.633432721466,411.3760134995929,396.2800045325728,7424233
2022-08-29,WIPRO,403.63,407.1965411146422,408.9273298915376,402.6681183486685,2775469
2022-08-30,WIPRO,401.84,403.7787089382932,408.2452021848243,400.4862404684391,2922991
2022-08-31,WIPRO,400.8,401.60010668725954,405.07778629522056,400.0539230150408,7794367
2022-09-01,WIPRO,397.7,400.3429219623062,403.2473843522683,396.57199100930796,1997575
2022-09-02,WIPRO,398.11,397.0898689409368,403.0214736643871,395.9628145350752,6595040
2022-09-05,WIPRO,403.53,398.71475606260475,405.30913698714585,393.0897387508523,4963211
2022-09-06,WIPRO,407.53,403.4336579804206,412.9764198462623,402.16020646195176,4525154
2022-09-07,WIPRO,403.84,407.7341045894396,411.34446054646986,401.2169370477059,6582689
2022-09-08,WIPRO,399.69,403.8245092809659,407.67233024449183,395.82348780096873,3540835
2022-09-09,WIPRO,394.62,400.28564444689,405.58975967095637,389.01292521506423,5618305
2022-09-12,WIPRO,395.21,394.6940857258925,400.12884595690906,392.5183080733389,2957835
2022-09-13,WIPRO,385.9,395.17961849675066,398.9029490792756,381.88464277745453,7791735
2022-09-14,WIPRO,380.8,386.55541408881487,391.0180524893706,377.58180882389354,1264848
2022-09-15,WIPRO,378.23,381.1346311926963,383.8279087212682,376.16645205446315,5253396
2022-09-16,WIPRO,384.28,377.64230608582324,387.60912852360826,376.79821649049563,4937885
2022-09-19,WIPRO,383.57,383.7845930813948,384.5018795447047,382.2490297280605,7879849
2022-09-20,WIPRO,389.42,384.01052686615066,390.29931458598605,380.67284553647863,7279763
2022-09-21,WIPRO,390.57,389.94314888597563,395.4958515215828,386.2109890496802,3777735
2022-09-22,WIPRO,387.85,390.64060072847116,391.3575837291114,383.3342300039493,3255608
2022-09-23,WIPRO,385.39,387.9344818405123,389.2424369907241,381.61856363889984,2111569
2022-09-26,WIPRO,378.71,385.59338257821327,390.27512525782424,373.6181112826384,7126993
2022-09-27,WIPRO,392.42,378.6177701395143,392.81871571523754,378.08599281748326,6996668
2022-09-28,WIPRO,399.01,392.7028549601502,400.986560117539,389.96761839830896,5564481
2022-09-29,WIPRO,402.69,398.3851204263263,406.3853013796828,393.1221668649556,6797195
2022-09-30,WIPRO,394.87,403.4330101524357,407.1995813780562,390.89732512430356,7173151
2022-10-03,WIPRO,392.26,395.2651145410876,399.96091972165027,389.38024204267293,4757033
2022-10-04,WIPRO,386.58,392.46581757305825,395.63810604604447,383.6653410117768,2544903
2022-10-05,WIPRO,387.38,386.2959751231949,390.5300293470646,380.6935428144975,4164082
2022-10-06,WIPRO,382.05,386.85464374692395,391.1697550909643,381.40501343978127,3932361
2022-10-07,WIPRO,378.26,381.9114579173234,384.95939491531044,374.04439047384597,2264330
2022-10-10,WIPRO,373.21,378.50447207155815,382.1074089083498,367.696413924089,7444429
2022-10-11,WIPRO,371.92,373.4096072533718,378.47634133183647,366.7392347813231,4139353
2022-10-12,WIPRO,372.37,371.74540759356796,374.8352063638646,369.1888135507473,2884974
2022-10-13,WIPRO,371.24,372.53873781788656,374.9199126652162,366.38752095373593,6180445
2022-10-14,WIPRO,379.83,371.705903668986,380.22870219011986,366.3474460396134,6992503
2022-10-17,WIPRO,384.51,379.11027498030796,388.19666944544537,375.4385049726047,5163190
2022-10-18,WIPRO,380.05,384.4340531965587,384.978721940258,377.66277547608445,7185190
2022-10-19,WIPRO,381.96,380.44305565831525,385.0378637999127,375.3320913028149,3071703
2022-10-20,WIPRO,378.01,382.0305013677527,386.7139175960926,373.99802475364123,6246453
2022-10-21,WIPRO,375.82,378.2390379039923,381.52929957480717,372.38073941853906,7202325
2022-10-24,WIPRO,378.58,375.8450692874757,380.38768403198816,371.04644532918115,2416130
2022-10-25,WIPRO,382.42,379.3248554605033,387.0114713882294,376.32251234603075,5678564
2022-10-26,WIPRO,379.1,381.73871347193653,383.5619120953681,373.86576524482246,4659257
2022-10-27,WIPRO,372.88,379.0864203677356,383.3558603020673,367.5296414368401,5679041
2022-10-28,WIPRO,373.42,372.27058961133525,376.9837779727199,369.39580262800854,2092491
2022-10-31,WIPRO,375.92,372.91182849841783,377.1905901102291,368.6123630583701,4068436
2022-11-01,WIPRO,372.37,375.74412710675693,380.8812535619169,367.28165082785785,1267204
2022-11-02,WIPRO,376.99,371.85693385548814,378.42595926853244,368.48596753773836,2228742
2022-11-03,WIPRO,380.66,377.68922169877595,386.3144070189934,376.86282648443864,3226623
2022-11-04,WIPRO,376.99,381.34029998563284,381.76066926073247,375.1573363464981,4071555
2022-11-07,WIPRO,383.44,376.74285990211484,385.2378609258434,375.3936016189964,6298301
2022-11-08,WIPRO,390.17,383.6543394508149,391.65188289062456,382.58271455486437,2094186
2022-11-09,WIPRO,402.33,390.2226781323844,402.81114956199434,389.6829175894285,4680949
2022-11-10,WIPRO,412.72,402.8378804394836,417.36440031648317,401.09981707987146,7363624
2022-11-11,WIPRO,407.2,412.9303974083346,417.3520400942215,404.56041188139255,1306042
2022-11-14,WIPRO,412.91,406.3860111978742,417.90328491368507,402.36927655228914,5151741
2022-11-15,WIPRO,418.42,413.3446693422485,420.3421292813638,408.19563699185966,5199893
2022-11-16,WIPRO,416.29,418.83314476365086,421.8574100434327,414.0475449451671,7827356
2022-11-17,WIPRO,419.2,416.3061898604011,423.48740543569244,415.8604507420323,7339067
2022-11-18,WIPRO,407.45,419.8756145343172,422.8805631403717,404.0042041446717,3903001
2022-11-21,WIPRO,395.87,408.11568562603424,412.50805549967225,393.9427113202566,2765259
2022-11-22,WIPRO,385.75,395.9078636618279,399.8177023340466,382.6374967761881,4354351
2022-11-23,WIPRO,388.06,385.9166258407363,389.07092317017094,382.46154050377703,6235399
2022-11-24,WIPRO,390.65,388.83072142092436,395.31225293348194,385.2318125877403,4574688
2022-11-25,WIPRO,389.11,390.3356364989163,394.66425145012056,386.0223131452577,3311615
2022-11-28,WIPRO,399.21,388.8370272606233,403.27462904233033,385.0017485103577,7565491
2022-11-29,WIPRO,405.18,398.7034406787292,406.46495158344436,396.9024280643314,1748658
2022-11-30,WIPRO,395.53,405.821589465632,407.7500334825955,394.43826140548833,4480003
2022-12-01,WIPRO,394.57,395.91680997150655,398.49204232688123,393.52849077620186,7615693
2022-12-02,WIPRO,389.07,393.9475939955149,395.8854280026652,384.47422033805617,6948534
2022-12-05,WIPRO,391.54,389.8197648933224,393.18029577695864,388.8618716774878,4650652
2022-12-06,WIPRO,391.42,391.90172298885363,396.71231953166415,387.42035976441815,4698573
2022-12-07,WIPRO,386.29,391.9688054565663,395.8631140989582,382.16840441340446,3083336
2022-12-08,WIPRO,396.17,385.5918206733989,399.7024933209877,383.73118004230446,7538824
2022-12-09,WIPRO,396.57,396.17786146902927,398.221054931603,391.9251887687734,3994713
2022-12-12,WIPRO,394.16,396.88503249026934,402.3831093701832,388.53988133809173,4626416
2022-12-13,WIPRO,392.72,394.22771130309934,395.6771141416087,388.8833804015839,4075822
2022-12-14,WIPRO,402.31,392.9817831709177,407.18974393698574,391.05637615710816,1345961
2022-12-15,WIPRO,407.87,402.82153565809233,413.7977449279672,398.62309512451503,1264336
2022-12-16,WIPRO,406.94,407.6649834314783,412.2223918506826,404.42259867145333,6735491
2022-12-19,WIPRO,400.95,407.50754892342513,413.5794207149849,398.6411984764822,2753787
2022-12-20,WIPRO,395.98,400.4093848488226,404.4594119152312,394.1079270029277,2036284
2022-12-21,WIPRO,393.17,395.61710184027737,397.2171533747423,392.2105969961526,4581805
2022-12-22,WIPRO,396.22,392.45182878954733,397.74682303720493,388.9417015610067,4719900
2022-12-23,WIPRO,400.78,396.005132764749,403.0018842338146,390.98776716588816,6027096
2022-12-26,WIPRO,396.48,400.5874805894984,401.0280548258043,392.30306734716214,1325396
2022-12-27,WIPRO,401.3,396.9641347455229,405.53121834461933,393.4114413315569,2963659
2022-12-28,WIPRO,395.89,401.54580535194896,403.457705064608,393.90836491309227,5947509
2022-12-29,WIPRO,392.32,395.789796374193,400.70256304780236,386.50727301220473,4705471
2022-12-30,WIPRO,383.84,392.5587094243747,394.92521706409633,379.77935486211385,5747264
2023-01-02,WIPRO,375.38,383.1533614450478,386.11107201994264,373.84762231288244,3625196
2023-01-03,WIPRO,370.26,374.8999213167623,380.3433350217683,368.1835848252931,5429741
2023-01-04,WIPRO,370.18,370.44801485152726,372.07443341767214,368.41955704790684,2941935
2023-01-05,WIPRO,364.71,370.38932467656326,374.49974145418065,363.38440708011035,3316678
2023-01-06,WIPRO,372.96,365.1099186055087,377.2757622297908,363.6368096403845,6231881
2023-01-09,WIPRO,367.8,372.8152911605465,374.3415873459107,365.7956975591539,7885774
2023-01-10,WIPRO,368.87,368.1274215869417,371.826107843696,364.87143079109325,4728167
2023-01-11,WIPRO,376.23,369.1414593010859,378.450820585047,368.68755432640427,1558335
2023-01-12,WIPRO,376.81,376.9273699629764,381.3776335954985,374.1599045916241,7232458
2023-01-13,WIPRO,374.81,376.38063288247633,380.0370828334078,370.2518489830895,4339191
2023-01-16,WIPRO,375.69,374.8874800691605,378.5691990343278,370.8009740954724,6510188
2023-01-17,WIPRO,372.58,375.84292753302594,380.3196248566202,370.6090049978367,3392918
2023-01-18,WIPRO,367.05,373.3231449158751,374.92551429795134,366.2962092036905,6016716
2023-01-19,WIPRO,370.47,366.6112785575291,374.74919017340125,362.0294007901761,6163546
2023-01-20,WIPRO,367.29,370.50440631942917,375.363660666193,362.2040806219146,2954536
2023-01-23,WIPRO,372.51,367.06402160668057,377.464644634375,366.08815792589667,6851856
2023-01-24,WIPRO,377.01,372.5485815589015,381.5233489382605,371.73415001438303,3046001
2023-01-25,WIPRO,378.01,376.60603921711555,380.54727809373816,372.41415445671055,2727548
2023-01-26,WIPRO,383.57,377.32597182067747,389.2258594458342,373.65911807980154,3175218
2023-01-27,WIPRO,380.5,383.68133572460613,386.10401900845176,378.30932146267105,7491404
2023-01-30,WIPRO,385.03,380.2501702687402,388.8574891238296,376.30280096713875,6100683
2023-01-31,WIPRO,389.58,384.5401515916608,390.84809789609216,383.4942877148594,2240220
2023-02-01,WIPRO,389.83,389.30563527133074,395.57074751817584,384.05238467508434,1557331
2023-02-02,WIPRO,389.32,389.12718360372145,393.5463811874049,383.4971946550352,4747847
2023-02-03,WIPRO,393.25,390.02146468230376,397.79097007535387,385.3095400521475,4362583
2023-02-06,WIPRO,406.88,393.37764567025295,407.6615651511749,389.0525484982334,4211978
2023-02-07,WIPRO,407.56,407.39229232426584,412.3234999010928,401.9254838598554,6674918
2023-02-08,WIPRO,406.9,407.4346642103702,412.2611873979461,401.1707120997819,2239072
2023-02-09,WIPRO,416.19,407.5564349529308,420.5203812737857,405.754427431765,4736361
2023-02-10,WIPRO,418.76,416.16222884251135,420.89012097819176,410.87691523524836,2232526
2023-02-13,WIPRO,426.36,418.883861372499,429.70933944925997,417.96018508825665,1488896
2023-02-14,WIPRO,437.98,426.3460051253581,439.0951326432411,422.14734764612,4388319
2023-02-15,WIPRO,427.71,438.3886849120965,441.7214116714207,425.3098973522628,7377354
2023-02-16,WIPRO,429.67,427.82403788380475,431.56636312645537,422.7567315159788,1762717
2023-02-17,WIPRO,430.4,429.27745163797914,432.9339188018187,424.28260190221226,2966116
2023-02-20,WIPRO,426.41,429.78976085712503,431.1979264869855,423.4447145167267,4571346
2023-02-21,WIPRO,416.33,426.59101000265434,428.3915487639543,413.35282456636435,7381490
2023-02-22,WIPRO,408.54,416.3119811735635,417.17456335634364,406.80869294336884,1618211
2023-02-23,WIPRO,411.28,407.87975964451294,416.9879984758344,406.0889171755931,3631713
2023-02-24,WIPRO,410.1,411.1082782053258,414.5721736289849,407.79918673203997,3515398
2023-02-27,WIPRO,407.28,410.12423924264954,412.8123524698488,403.7317065562794,6108155
2023-02-28,WIPRO,409.96,407.8125483050899,413.44072806493364,406.7803606382489,5771052
2023-03-01,WIPRO,405.76,409.26487355539774,413.27407531089614,403.2102442746907,6615827
2023-03-02,WIPRO,413.68,405.5141018900172,419.43275946937445,405.05294268340464,1786228
2023-03-03,WIPRO,409.89,414.2139055393713,415.66435892413483,408.4435709254236,6319819
2023-03-06,WIPRO,419.2,410.1333499415754,421.3537385039903,404.2357707309101,5668093
2023-03-07,WIPRO,419.08,418.84780211400056,425.2241531310512,414.4450058292148,1150111
2023-03-08,WIPRO,415.04,419.65889217174896,422.25939318974446,412.13731816309746,7305473
2023-03-09,WIPRO,410.59,415.02886627070694,415.5749874456677,408.5783444857651,6325781
2023-03-10,WIPRO,419.98,410.5872932122126,421.2680823965285,407.5919402356369,5096151
2023-03-13,WIPRO,424.43,420.7806286028695,425.0109350925639,419.0999575204111,5503473
2023-03-14,WIPRO,419.65,425.1890786298745,431.5069308322679,415.01588022551465,5893918
2023-03-15,WIPRO,420.47,419.4125329623046,422.53206556225473,414.201235237368,7206659
2023-03-16,WIPRO,405.65,419.8654972249159,425.7140550660337,399.8714482389105,1057943
2023-03-17,WIPRO,397.61,405.3671268397944,411.42428778232875,394.83722389170714,7460944
2023-03-20,WIPRO,393.2,396.8632617965296,400.59289426848625,391.0926026414145,5720103
2023-03-21,WIPRO,388.69,392.4462637322181,393.02109877339046,384.6344458696597,5276455
2023-03-22,WIPRO,395.82,388.52756199655823,396.6679583879565,386.03716971051364,7781797
2023-03-23,WIPRO,384.51,396.51825786488007,399.5882000666793,379.02311967569574,2755830
2023-03-24,WIPRO,376.33,385.0811624451088,387.6559722799386,371.20818891016626,5742817
2023-03-27,WIPRO,378.94,376.34722512675285,382.53480759554117,374.39946520747674,3511214
2023-03-28,WIPRO,380.31,379.0388675395235,383.0268849471585,375.30646266580703,6086789
2023-03-29,WIPRO,378.37,379.55840627258993,384.901478762301,376.25062720287826,2114683
2023-03-30,WIPRO,390.08,377.9394166893313,393.39035775463896,376.6710881696464,4065010
2023-03-31,WIPRO,393.75,389.33849556573824,397.9679149138116,388.14584045154777,7940131
2023-04-03,WIPRO,401.03,394.15089976399526,406.4642748444294,389.1886767207162,6924428
2023-04-04,WIPRO,400.78,400.461573334322,402.00486634555,397.1809913298176,6565934
2023-04-05,WIPRO,397.58,401.3716267909226,403.06392402366674,395.70142421494523,7533064
2023-04-06,WIPRO,394.46,397.8079315225249,398.80343045476445,392.8173614040482,7333986
2023-04-07,WIPRO,400.01,394.03306596455354,401.19200458506333,392.45120592974,3139151
2023-04-10,WIPRO,404.71,399.46233881614586,408.0189800016112,394.74642333236727,2055185
2023-04-11,WIPRO,403.44,404.91660397084223,407.14223198211073,398.4758674560747,3811281
2023-04-12,WIPRO,406.35,404.0868546853004,409.16373796678374,401.36337982043847,7994213
2023-04-13,WIPRO,412.28,406.70492269982344,418.3631327099288,404.82399424848893,1503793
2023-04-14,WIPRO,408.86,412.03023525409213,413.346202499374,404.55386735249834,7602922
2023-04-17,WIPRO,406.81,409.0029106270462,412.5086254924944,401.3041814680848,5985887
2023-04-18,WIPRO,409.6,406.5020638611778,410.5765667515396,404.48355727811185,7822150
2023-04-19,WIPRO,398.67,410.4178066502102,412.6582562732835,394.36267748210776,2373398
2023-04-20,WIPRO,401.52,399.0668188770564,404.8868909242335,394.01027439829176,5765654
2023-04-21,WIPRO,394.8,401.7037060639805,407.42912649889377,389.69449748615665,4881517
2023-04-24,WIPRO,400.44,394.6788108382558,403.0337280050306,390.4986624360344,7979772
2023-04-25,WIPRO,413.4,400.6292516124462,414.18905399501193,397.94403121817743,1635665
2023-04-26,WIPRO,409.14,413.13809632089595,415.7963343606736,405.0558136871486,4349481
2023-04-27,WIPRO,400.91,408.3689590416634,409.6105544126413,395.0123196009125,3856743
2023-04-28,WIPRO,399.89,400.74175975799204,402.43283171074063,394.4341879952063,5731725
2023-05-01,WIPRO,398.36,400.57857989976713,404.445472576742,394.00474822975656,3371505
2023-05-02,WIPRO,402.37,398.56125321645646,403.15218077462123,396.26389145040844,5445365
2023-05-03,WIPRO,403.84,401.7003850249786,406.8712765841361,396.22890885080693,5443640
2023-05-04,WIPRO,402.11,404.4619032833337,408.3174210894009,399.23459018305624,2272149
2023-05-05,WIPRO,402.71,401.73824906267487,405.4911223046643,396.3864536843854,6579705
2023-05-08,WIPRO,396.0,402.29725365023734,402.8072736004834,391.23319537482496,1768021
2023-05-09,WIPRO,400.98,395.67859209454804,406.91340972423274,390.6972516113432,7083657
2023-05-10,WIPRO,410.77,401.10382621056715,413.2919720125065,395.46478809882575,2869646
2023-05-11,WIPRO,403.46,410.84342611255954,415.73249600429045,401.2000661937191,3642085
2023-05-12,WIPRO,393.96,403.44614317376056,405.6889208152896,390.60647446139484,1012521
2023-05-15,WIPRO,391.64,394.3028032909977,397.3193122387865,390.32203277430244,6068150
2023-05-16,WIPRO,384.52,391.3525953484001,393.8723155100287,379.28455708106,1914864
2023-05-17,WIPRO,377.22,384.9538377993401,387.1848567110911,372.32604619959307,1824653
2023-05-18,WIPRO,369.34,376.7300993740719,377.22207847454325,365.38451937895763,6343011
2023-05-19,WIPRO,368.33,369.7575326489508,371.9909765331623,366.75432986556837,3376219
2023-05-22,WIPRO,366.11,368.57134470426735,373.52968335504715,362.18552907843747,1606049
2023-05-23,WIPRO,368.21,366.3782975768339,372.13714623685007,362.977523623708,7649275
2023-05-24,WIPRO,365.16,368.1828311054249,369.3006047360991,361.22446981576707,3063590
2023-05-25,WIPRO,358.55,365.403929118695,368.7934781075162,353.57445187755366,5679997
2023-05-26,WIPRO,358.51,357.9473449241756,363.34674159840375,357.2858835449876,2741142
2023-05-29,WIPRO,352.87,359.0141383638935,362.89166215485085,350.28683135785025,4256171
2023-05-30,WIPRO,355.64,352.24266380912314,356.7359336421682,350.84414230379804,5729810
2023-05-31,WIPRO,346.8,355.14031372228277,359.8102863080866,344.79445535397804,4453564
2023-06-01,WIPRO,335.59,346.9065226836274,348.7179353975165,332.9722503091457,5378065
2023-06-02,WIPRO,327.54,335.9113763613468,338.3826985342315,323.038125026607,1621436
2023-06-05,WIPRO,325.53,326.9848217495439,329.7203763221782,323.57625671388575,1268860
2023-06-06,WIPRO,324.18,326.077886279765,330.2866037075614,320.02245146782644,1780736
2023-06-07,WIPRO,324.9,324.79413651035287,329.4624098524286,321.8064735941545,2326808
2023-06-08,WIPRO,322.19,325.03769284484076,329.59314170929605,320.19486549177145,5749593
2023-06-09,WIPRO,318.15,322.16582731555144,322.523869058358,316.86187619100286,6741218
2023-06-12,WIPRO,325.04,318.45719924172323,329.56014886696573,316.73454720524046,6658680
2023-06-13,WIPRO,330.78,324.8168370952017,331.36264168859594,322.9983400955263,2441742
2023-06-14,WIPRO,335.73,330.7710880380531,337.3149246572465,326.499705669177,3887870
2023-06-15,WIPRO,337.33,336.28885753692964,340.0994219424947,332.8741130720981,4281539
2023-06-16,WIPRO,339.35,337.94482497838686,341.969428955891,333.0786803303411,7321614
2023-06-19,WIPRO,335.3,339.92970361812786,343.14745681590165,333.64786843194895,3627045
2023-06-20,WIPRO,336.08,334.98139534741193,338.671932039755,334.42405455414206,5692646
2023-06-21,WIPRO,331.39,335.7203527801442,340.4477181920973,327.6444795908202,2051897
2023-06-22,WIPRO,326.21,331.1217921624796,332.56802747477013,321.7173556089417,3797053
2023-06-23,WIPRO,318.34,326.13342039188893,327.7107143626214,315.6844016952726,6163509
2023-06-26,WIPRO,320.33,318.10336821675276,324.7794897611678,317.14707795801206,3852032
2023-06-27,WIPRO,321.16,320.16882633943635,321.82619927128195,317.84044296812226,4944330
2023-06-28,WIPRO,319.75,321.31497505417246,324.37834431320744,315.16314791282605,7871789
2023-06-29,WIPRO,317.72,320.0857703410032,323.46085179474926,317.28784086764756,2975013
2023-06-30,WIPRO,309.04,318.0193662030148,320.58819438785804,307.9896035544478,4889316
2023-07-03,WIPRO,310.28,309.4286778366806,313.6059677430573,305.35731340695503,1490226
2023-07-04,WIPRO,308.86,309.6993847065187,310.75811219727655,308.2129903710315,6238873
2023-07-05,WIPRO,313.05,308.30125223312075,317.09988128656784,305.6220021420369,7170290
2023-07-06,WIPRO,313.79,313.41236534337435,314.71893125538253,310.3429838677193,5183002
2023-07-07,WIPRO,317.16,313.831519214629,319.2568634477486,311.14974936662594,2301561
2023-07-10,WIPRO,317.17,317.2591323843616,317.91065777489507,316.1182666258506,2945548
2023-07-11,WIPRO,318.08,316.6023758978168,320.82597035930326,314.7764399213765,2727750
2023-07-12,WIPRO,322.57,317.7686808555062,325.917128671418,313.2657328785387,4400327
2023-07-13,WIPRO,321.69,322.7485157925076,327.3241547089233,321.17737450202105,3722541
2023-07-14,WIPRO,324.01,322.15218088891885,327.6877424916517,317.9864239081965,3360114
2023-07-17,WIPRO,321.91,324.55042716208294,327.3335901466788,320.4414309108038,6251314
2023-07-18,WIPRO,321.32,321.9105401596171,326.4355201684076,319.36184745940034,1383638
2023-07-19,WIPRO,329.05,321.37844712185375,331.58306498180286,317.40151503479797,7846315
2023-07-20,WIPRO,332.26,329.48835992441303,335.2027866641808,325.3335937699765,2351414
2023-07-21,WIPRO,329.61,332.31000459937724,335.41556766658084,328.6820114942541,5026586
2023-07-24,WIPRO,331.75,329.6322269544095,333.98590083688015,326.6245731619382,3215944
2023-07-25,WIPRO,325.43,332.2875465181088,336.52047704927116,323.53081369010766,7958885
2023-07-26,WIPRO,324.4,325.80741122165284,326.9778623384535,321.82328887111544,3154350
2023-07-27,WIPRO,319.81,324.9308125102064,327.77973785497005,318.2694589961449,4768332
2023-07-28,WIPRO,322.03,319.44957036235826,325.6081608568594,316.8011395982034,1956166
2023-07-31,WIPRO,321.16,322.06139855187047,326.4593615728322,317.6347290701687,5545418
2023-08-01,WIPRO,322.58,321.5999533952762,326.89446154850475,318.41205114682634,6163977
2023-08-02,WIPRO,326.37,322.0782562647373,329.0208959556584,321.1207458623092,7364384
2023-08-03,WIPRO,324.17,326.7546755491877,330.0236143829456,321.43156928966664,1409318
2023-08-04,WIPRO,322.15,323.7589179268064,325.8696086047051,318.2804278333564,6592822
2023-08-07,WIPRO,322.02,322.54704182767404,324.9837198040328,321.4031627789609,3149442
2023-08-08,WIPRO,317.91,322.16426616764824,326.5739607900558,316.6868115157556,7938408
2023-08-09,WIPRO,317.91,317.51990661621187,322.37023149066147,313.004559549933,4026588
2023-08-10,WIPRO,318.15,317.8761161086068,322.4564137560362,317.55353589253525,6497508
2023-08-11,WIPRO,319.29,318.38149251483793,320.2278160545587,316.70329531032945,2584630
2023-08-14,WIPRO,321.35,319.4609515708924,325.4957930035644,315.38582218061254,2061868
2023-08-15,WIPRO,313.67,321.2564835460363,325.8430919924901,310.00644341230105,7508751
2023-08-16,WIPRO,307.67,314.17107719650653,316.0741671532384,306.0375758169902,5897295
2023-08-17,WIPRO,302.33,307.6937070989419,310.23557959855447,301.09548223779547,7548273
2023-08-18,WIPRO,302.8,302.3370954414567,306.4055406084424,298.81381106844714,1508906
2023-08-21,WIPRO,301.55,302.2697979145371,304.9506571432097,298.11159541050654,6188038
2023-08-22,WIPRO,291.34,302.05916161417395,306.5624919708053,288.2225716054163,5562894
2023-08-23,WIPRO,299.89,290.963724564475,302.1031843350763,289.03529180707943,2083109
2023-08-24,WIPRO,290.99,299.9240011604587,303.2217249252444,287.3251050561345,5012933
2023-08-25,WIPRO,291.17,291.34334054532593,294.86750999247204,287.22738489106996,5593298
2023-08-28,WIPRO,293.67,290.8385941226047,295.9951045673409,289.240173492545,3656499
2023-08-29,WIPRO,290.54,293.70215485626295,297.5196288769201,289.35092761598514,3481714
2023-08-30,WIPRO,293.38,290.238634374103,295.91661167555714,287.920501786071,2009601
2023-08-31,WIPRO,288.98,293.68475727381815,295.6709799318556,286.117265272587,3233090
2023-09-01,WIPRO,289.77,289.05437324276795,290.49718692360904,286.46693134494143,7103277
2023-09-04,WIPRO,280.33,290.1826045002668,292.07105197200286,277.64940315297054,6827829
2023-09-05,WIPRO,285.31,280.7724257797865,288.5269017385993,280.33436147265996,7072664
2023-09-06,WIPRO,285.36,285.479740599506,289.4473408216455,284.1481498949467,6615075
2023-09-07,WIPRO,278.57,285.61727058401567,286.9092636360988,275.20298597617114,2923381
2023-09-08,WIPRO,281.24,278.6248449729019,282.9199301165164,275.9440972993467,2230384
2023-09-11,WIPRO,288.17,281.1099869475515,289.079307155395,279.0343191770797,4179803
2023-09-12,WIPRO,284.21,288.34073256750764,291.41736293459894,282.3858839659997,3590757
2023-09-13,WIPRO,283.35,284.67415883872536,288.7856046685206,280.95698869715653,2664795
2023-09-14,WIPRO,281.21,283.25556554318104,286.08056707799375,280.18126995444396,2785887
2023-09-15,WIPRO,278.0,281.0012409740663,283.70983200494845,276.8175226277314,5422898
2023-09-18,WIPRO,274.39,277.87594187567043,280.3070393181372,272.2146939380933,1852259
2023-09-19,WIPRO,271.77,274.31909502301505,274.9331255003203,270.9443658422394,5787814
2023-09-20,WIPRO,269.4,271.3064267233811,274.34860022011867,268.1918092730165,5436259
2023-09-21,WIPRO,268.0,269.3983209272527,271.93839515424094,266.9012390963998,5029173
2023-09-22,WIPRO,266.31,267.9939048739096,270.74370317055195,265.8811372819928,1849277
2023-09-25,WIPRO,269.39,266.40421390295575,273.04922008490917,263.40198151846687,3317910
2023-09-26,WIPRO,272.15,269.24218035203467,275.4091189947811,266.21241809399424,2057345
2023-09-27,WIPRO,265.93,272.2731289289572,275.5221134057405,265.2506370269814,1619657
2023-09-28,WIPRO,263.6,266.33231625356484,270.05579458043525,262.4958242083425,5656965
2023-09-29,WIPRO,268.59,264.0802486123781,272.5810028005882,263.54459816025457,4196103
2023-10-02,WIPRO,269.81,268.67982962053327,272.27551251474574,264.8870973863037,4046734
2023-10-03,WIPRO,271.21,269.3163458611629,271.8946269631733,267.64351406315757,7303724
2023-10-04,WIPRO,272.22,271.7190459792752,274.24200080892484,268.1934361263767,5336220
2023-10-05,WIPRO,271.19,272.4441590808687,275.72068588849373,269.0352763368695,1716123
2023-10-06,WIPRO,271.07,271.01205992740506,271.4462870529647,267.5378091840997,6083413
2023-10-09,WIPRO,269.46,270.6874201520009,271.1736895671404,265.9012684904349,7958049
2023-10-10,WIPRO,272.96,269.0756623170127,273.48959943590893,265.0853662605591,6491219
2023-10-11,WIPRO,271.39,272.5972300523994,275.6597238015055,269.71371715809636,7702478
2023-10-12,WIPRO,270.97,270.8966917065631,273.1421856987847,268.1948538784931,7987142
2023-10-13,WIPRO,274.0,271.40588688199716,275.68909251134494,267.7344806552276,3792025
2023-10-16,WIPRO,272.69,274.04468198317875,274.72393971929245,269.8321348705337,1707121
2023-10-17,WIPRO,272.44,272.90810772901176,275.97869605195467,268.997779795851,3903049
2023-10-18,WIPRO,271.02,272.7975595290602,274.29638498089196,270.5277538652701,6675598
2023-10-19,WIPRO,270.7,271.3360537741457,272.6152776339168,267.85225451605834,7239780
2023-10-20,WIPRO,269.42,271.1142853693736,273.8613424130097,266.6383326154248,4730519
2023-10-23,WIPRO,267.3,269.9235509616027,272.30593738474766,266.4334166203219,2810890
2023-10-24,WIPRO,264.5,267.2348543012821,268.8579717264543,262.93113958404206,3080871
2023-10-25,WIPRO,263.85,264.97645492373516,267.62113844114765,262.51555290058593,6264190
2023-10-26,WIPRO,267.92,264.085660211481,269.20523937637836,262.47580069653844,3351892
2023-10-27,WIPRO,270.47,267.4598936861894,273.7501583719857,266.99096908605264,1392445
2023-10-30,WIPRO,264.1,270.66666752317724,271.806300135816,260.90386487460273,6074254
2023-10-31,WIPRO,262.44,264.2972474792066,265.14926984628147,262.1372884204895,2605070
2023-11-01,WIPRO,259.97,262.86605618544684,266.0083969065388,259.0947814847112,3106916
2023-11-02,WIPRO,253.92,259.837864665913,262.67282268196686,252.2049268767447,3283820
2023-11-03,WIPRO,255.0,254.0062429125961,255.90702114325538,252.55160065705442,4385997
2023-11-06,WIPRO,254.67,254.50243130203197,255.3391302817256,252.99668351535658,5076074
2023-11-07,WIPRO,262.44,254.49893840770528,265.7828523949542,250.88951921001072,4379827
2023-11-08,WIPRO,261.16,261.98046097397247,265.0907922319525,258.03972064259244,6221716
2023-11-09,WIPRO,258.16,261.1828493822691,262.6406684184707,257.76258652968477,2269227
2023-11-10,WIPRO,254.82,258.4878091418195,261.12820103540787,252.90403441266724,5691027
2023-11-13,WIPRO,253.13,254.52078290723333,255.21772256054535,250.67386706631163,2182624
2023-11-14,WIPRO,255.41,253.15778460744818,257.4784805963631,252.06124140681786,7429954
2023-11-15,WIPRO,258.15,255.10760338340486,258.47584314853555,253.15431211811548,7842454
2023-11-16,WIPRO,269.52,257.758322911898,271.26714354524364,253.93944746266774,2876395
2023-11-17,WIPRO,264.68,269.53185542144854,270.0838026203763,263.4379431393798,7732142
2023-11-20,WIPRO,265.07,264.2344362279719,267.0983316826186,262.9795990030274,1137558
2023-11-21,WIPRO,262.38,265.162620368303,266.9931819348416,259.0509440671678,5888922
2023-11-22,WIPRO,263.8,261.88812929172946,265.7050027803797,261.4673382453102,6617442
2023-11-23,WIPRO,269.32,263.38500563831553,269.76024076774587,260.25986717657867,3344856
2023-11-24,WIPRO,272.84,269.3738612911658,274.49412763577465,267.05953337613295,7576223
2023-11-27,WIPRO,267.94,272.93975839414134,276.1033414185691,264.3512929484435,2334526
2023-11-28,WIPRO,270.73,267.4351870321973,272.39899663617234,265.68240410581114,4020629
2023-11-29,WIPRO,262.19,270.8094611912627,273.7917252884882,259.6353034083492,7206599
2023-11-30,WIPRO,252.87,262.5450079084584,264.1656200382248,250.32724762744556,1255223
2023-12-01,WIPRO,251.96,253.0948683670093,254.8476394656199,251.09771131578427,1638450
2023-12-04,WIPRO,254.31,251.58829359513555,256.57195764499056,247.8481478014871,7451685
2023-12-05,WIPRO,255.67,254.4040689104876,259.32852191096845,253.43002055087652,3626961
2023-12-06,WIPRO,263.02,255.84615918677585,263.683874645478,254.05530768904634,1606619
2023-12-07,WIPRO,263.49,262.5331302027395,263.8749042846634,262.2195026617496,7313930
2023-12-08,WIPRO,263.11,263.8645222288858,266.37424339689784,261.3345876808246,1681867
2023-12-11,WIPRO,267.71,263.53757205960375,271.5348689434784,259.7888312344953,3107839
2023-12-12,WIPRO,266.24,268.08527831240724,272.0679864109238,262.4351733639733,1622838
2023-12-13,WIPRO,267.84,266.5857195281497,269.92333972830056,265.88303737578264,4549953
2023-12-14,WIPRO,269.68,268.10244591502305,271.7169315220392,267.2383512055953,5545210
2023-12-15,WIPRO,265.79,269.8239358007845,272.5301330195847,263.0902277246453,4758500
2023-12-18,WIPRO,267.37,265.97990908662337,269.7172109104745,264.29158958569514,6081211
2023-12-19,WIPRO,276.18,267.6976836383159,278.9078941565261,265.51709299472486,4452163
2023-12-20,WIPRO,280.93,276.3595152969209,284.64838722062905,275.95611242032714,5189036
2023-12-21,WIPRO,277.43,280.7364133357628,283.95036419091076,276.95821713822386,6758062
2023-12-22,WIPRO,287.21,277.2923515542905,289.4951241793291,276.95232073218375,7855969
2023-12-25,WIPRO,290.22,287.66615550196485,292.38681224607444,286.8406350247373,3578006
2023-12-26,WIPRO,292.11,289.65943668696025,295.0177869346143,289.00298795655885,2083404
2023-12-27,WIPRO,291.73,292.34230991994906,294.4997634195235,288.24146433381634,7720774
2023-12-28,WIPRO,294.76,292.2606890214761,296.9438505821068,291.27696732039743,7533919
2023-12-29,WIPRO,295.3,295.00315126150724,295.66271185916577,293.5057151432362,4965872
2024-01-01,WIPRO,295.43,295.8834088404994,296.90032991400125,294.98065425624304,5483271
2024-01-02,WIPRO,294.88,295.651625565761,297.9692951161878,292.8151516315962,7165745
2024-01-03,WIPRO,299.24,294.33077188022185,302.9856314952072,290.2667527528533,6072110
2024-01-04,WIPRO,303.15,299.6314177479361,304.63609528925053,297.6429391559014,4445924
2024-01-05,WIPRO,302.52,302.8888422312176,305.4079711745006,300.89006247283,1828444
2024-01-08,WIPRO,295.67,302.454724927632,304.21787542694807,292.1469424598317,4418788
2024-01-09,WIPRO,295.88,295.44776486710504,296.6100116619496,292.6462072497811,6630486
2024-01-10,WIPRO,292.74,295.6060791557813,299.86758923632004,290.80178245201284,4846620
2024-01-11,WIPRO,290.7,292.6596788227692,296.45413862671126,287.8620355297307,1489854
2024-01-12,WIPRO,290.2,290.5590121842468,291.1688647348697,287.3703375855972,7732331
2024-01-15,WIPRO,285.63,290.3547794258029,293.5710456108134,281.87773951445695,4235588
2024-01-16,WIPRO,278.77,285.9877815101523,287.6654197720884,278.25997749589305,1566922
2024-01-17,WIPRO,280.03,278.54373761539597,284.21025908060113,277.2922187039979,1753997
2024-01-18,WIPRO,280.19,279.709333337699,281.6563965777923,275.5185625580215,1074992
2024-01-19,WIPRO,280.18,280.37704954378063,281.59454152625244,278.98043341884267,7564969
2024-01-22,WIPRO,282.37,280.3708811041779,284.89734355774993,279.0691555226064,4951489
2024-01-23,WIPRO,279.62,282.82306971214894,286.4125940134522,275.4637935951016,3306978
2024-01-24,WIPRO,281.06,279.0785949313843,282.0985909575914,276.33649708023466,4494572
2024-01-25,WIPRO,286.74,281.45690243397786,289.8745381026505,279.6258754541601,6870128
2024-01-26,WIPRO,285.68,286.7640886522849,287.29738158086116,283.2055852871193,6255290
2024-01-29,WIPRO,293.87,285.81861432333875,297.9445329414103,284.6444159103055,2209378
2024-01-30,WIPRO,294.13,293.38966530095115,294.75798191120964,290.7363714107925,3493033
2024-01-31,WIPRO,290.41,294.05072012082263,298.1083963649382,286.6794168294273,7200283
2024-02-01,WIPRO,294.16,290.09322356834457,296.47542204698607,289.7073469986527,6411655
2024-02-02,WIPRO,293.71,293.8708113393963,296.008214734934,290.29960392789553,7750623
2024-02-05,WIPRO,298.39,293.71481110452595,302.75434139232965,292.2602449978635,4375811
2024-02-06,WIPRO,300.28,298.7629349241632,304.74377585230906,294.88026809786015,3776684
2024-02-07,WIPRO,298.85,300.5728101508156,303.60934509082807,295.7438058748106,3624124
2024-02-08,WIPRO,305.71,298.9587813510914,306.5597729419906,296.32447212278356,3563398
2024-02-09,WIPRO,303.47,305.75820214282663,308.23067952012724,299.73466304979365,2330607
2024-02-12,WIPRO,293.66,303.3817582597615,305.9326780656589,291.10499180874973,5870490
2024-02-13,WIPRO,297.58,294.2152640433442,300.02082555318304,290.4493909031944,7166564
2024-02-14,WIPRO,299.19,297.6516484011561,301.87459768433524,295.5163227242852,3930363
2024-02-15,WIPRO,304.99,298.89555682684414,305.37494190644213,297.1894566650368,3427391
2024-02-16,WIPRO,301.01,304.66072156265716,307.99894451896967,296.7579568136938,5911952
2024-02-19,WIPRO,299.93,301.14407350317447,304.44868408510564,299.08895119906646,5628425
2024-02-20,WIPRO,298.36,299.95738664106545,300.742248195684,294.657940882456,6967747
2024-02-21,WIPRO,302.58,297.7724668659583,305.29818270693346,294.2453740175403,6370390
2024-02-22,WIPRO,305.58,302.979484721276,308.31709734180214,301.24004852322093,2628932
2024-02-23,WIPRO,306.61,305.82950283602537,309.8460557266841,303.24907094621625,6523137
2024-02-26,WIPRO,307.68,306.80847391403285,308.35553226682566,304.35141002857716,5499309
2024-02-27,WIPRO,302.41,307.1492897310417,310.15045966254576,298.41642488434434,7054929
2024-02-28,WIPRO,305.94,302.2431372386027,307.4484455253587,301.1188838962759,2933338
2024-02-29,WIPRO,309.61,306.47280339539435,312.11723474242524,304.5232561695717,7687255
2024-03-01,WIPRO,320.3,310.0590450200468,324.0880374750356,305.9958293236056,5416540
2024-03-04,WIPRO,322.61,320.0252376119985,326.11968809742103,316.90050835600596,7579850
2024-03-05,WIPRO,325.72,322.1674550663969,326.58792727285305,320.99017111865777,6770223
2024-03-06,WIPRO,328.1,325.6536677176358,331.143648201139,323.3600793759504,2383057
2024-03-07,WIPRO,324.72,327.9107917889635,332.6876753467041,320.34312604184066,7194810
2024-03-08,WIPRO,330.85,324.95669019617594,331.906990356792,321.7782493729644,4273343
2024-03-11,WIPRO,330.63,331.46727982766555,335.7566981998903,326.79393868545986,4247983
2024-03-12,WIPRO,329.72,330.44881667763093,334.02945204060245,327.1628623929099,2285251
2024-03-13,WIPRO,329.1,329.14262621682764,333.0383736066074,328.0492020651648,7380832
2024-03-14,WIPRO,328.82,329.6234190805819,331.2542034492965,325.89604702972946,1534221
2024-03-15,WIPRO,326.48,328.2122745211899,329.86332832020827,323.5634850850451,4701995
2024-03-18,WIPRO,327.58,327.07127604041045,332.06269394652566,326.3108067482425,3666487
2024-03-19,WIPRO,327.15,327.79565171610875,329.7747666243784,324.88173680782455,1528425
2024-03-20,WIPRO,326.31,327.7279944981671,328.344849199265,324.0019033922011,6857019
2024-03-21,WIPRO,328.76,325.91798380940173,331.8530904117629,322.2242700668574,6801650
2024-03-22,WIPRO,329.18,328.1560018587506,330.08440472413264,326.0256519712332,7728828
2024-03-25,WIPRO,326.49,329.16447584259623,333.16459689809585,324.22505611909946,2887491
2024-03-26,WIPRO,322.8,326.425516154492,329.68469546291846,319.7514511647689,5951315
2024-03-27,WIPRO,323.33,322.5824228232267,327.6128844930644,322.2178201438701,3095316
2024-03-28,WIPRO,319.75,323.92189627145643,327.8049817507248,318.9015349045901,3918338
2024-03-29,WIPRO,315.88,320.1625845934345,320.9852715139101,314.4567104423325,7196696
2024-04-01,WIPRO,312.11,316.0841621156485,318.0865519543107,309.77630304239415,1547651
2024-04-02,WIPRO,313.35,311.68909880561233,317.0612683603503,309.03002836898384,4949245
2024-04-03,WIPRO,319.01,313.6437009598612,321.19291544741367,309.75093209216226,7792622
2024-04-04,WIPRO,320.72,319.29967697269507,325.4067188159009,315.8768880917831,1888522
2024-04-05,WIPRO,325.04,320.62387145856854,328.71307106166716,319.28861769864085,5274255
2024-04-08,WIPRO,324.74,325.59228964837376,325.98853508512593,321.93180609422353,5979642
2024-04-09,WIPRO,325.49,324.3074175899002,329.82546159844594,323.4485780055689,6895395
2024-04-10,WIPRO,333.61,325.18708281275747,334.41442277991996,320.9826596437782,7610014
2024-04-11,WIPRO,337.8,333.0271490872696,338.80236479639245,330.40184922881156,7932903
2024-04-12,WIPRO,342.6,338.19921333468955,346.4655193502909,336.18947113013684,2226700
2024-04-15,WIPRO,341.29,342.7668590627051,347.26038171002347,338.64018293514664,2135510
2024-04-16,WIPRO,341.32,341.0373639077038,344.22425596992537,340.16743777939604,5226995
2024-04-17,WIPRO,343.45,340.86101151863204,345.1832878309231,340.47034592273627,5135427
2024-04-18,WIPRO,340.37,342.8182550064655,344.84719661199665,335.8164229972351,7508708
2024-04-19,WIPRO,328.36,339.91628075677284,341.88794835631427,324.0320078922378,6821865
2024-04-22,WIPRO,330.36,328.29864218588574,332.20125929724315,323.97315576645957,7557483
2024-04-23,WIPRO,335.18,330.0259095339294,336.65503849321647,328.2228061605014,1215932
2024-04-24,WIPRO,335.5,334.8568625849266,338.69534874347346,331.5811137195266,5307959
2024-04-25,WIPRO,332.55,336.0040234840681,340.5755848448126,330.9758430684557,6002281
2024-04-26,WIPRO,330.96,332.570136133238,334.3324764282967,327.87432774133345,1280348
2024-04-29,WIPRO,320.94,331.26349293210626,332.46058649626434,318.94583741602037,2071844
2024-04-30,WIPRO,319.38,320.3439642879244,324.42517436833464,318.0315814979522,6717394
2024-05-01,WIPRO,314.09,319.2077434901458,322.8419129986026,311.78929789528644,3345714
2024-05-02,WIPRO,310.84,314.06382920129374,318.470684425412,308.5251901447767,2535699
2024-05-03,WIPRO,305.45,310.4501032610941,311.47995203049925,301.24556644521897,3705823
2024-05-06,WIPRO,299.62,304.9859500253382,305.90686071245904,296.8487979613474,5971574
2024-05-07,WIPRO,295.16,300.06380167245646,302.6383525476221,292.9878821836422,2286479
2024-05-08,WIPRO,298.0,295.67881055621916,300.86141720797195,293.1559995723354,2255300
2024-05-09,WIPRO,295.77,297.49793758407014,299.7953440425564,295.0633900907402,5445040
2024-05-10,WIPRO,290.9,295.5913770584347,298.3656596552956,290.2284366523698,4110317
2024-05-13,WIPRO,294.23,291.4332611569089,295.2672539515455,290.41523911632663,5314059
2024-05-14,WIPRO,294.84,293.73941470695826,297.1145704698883,290.87668120436433,2339156
2024-05-15,WIPRO,284.44,295.0094048895182,298.0224232211181,283.029799989884,3612557
2024-05-16,WIPRO,288.73,284.97727458703145,290.7678246632821,282.27969066458445,3558692
2024-05-17,WIPRO,289.08,289.282310079318,292.32332171774897,285.68513420628676,5947349
2024-05-20,WIPRO,292.47,289.0467249619906,294.6099087935301,286.09863249294943,1462358
2024-05-21,WIPRO,291.52,292.0754569262125,293.73163988320727,287.43682653853557,4655172
2024-05-22,WIPRO,298.58,291.1726064780089,300.1476855294296,288.1574806897861,3007614
2024-05-23,WIPRO,296.92,299.04530873822495,301.064650710243,294.38145010808864,2933532
2024-05-24,WIPRO,285.22,297.4089476705824,297.8024954636293,284.7570116513315,7378298
2024-05-27,WIPRO,281.46,285.34307772810246,288.29904709343,278.47307561036325,1600657
2024-05-28,WIPRO,283.62,281.7596720375792,287.2592640665275,281.0931271423153,1611821
2024-05-29,WIPRO,284.34,283.8921972061682,286.03602535247535,280.5434093508885,6276401
2024-05-30,WIPRO,283.86,284.5240494126889,284.99193894233247,280.36101803845116,2275132
2024-05-31,WIPRO,279.7,284.2316033456398,288.44245429160696,277.5367824082971,4913267
2024-06-03,WIPRO,279.82,279.9074329298575,281.2206957873068,278.25724983899516,3497856
2024-06-04,WIPRO,279.8,279.8580581007771,280.6340193361107,275.7766582928427,3483196
2024-06-05,WIPRO,279.74,279.5056015610087,281.4678239321252,276.17806560391836,3139600
2024-06-06,WIPRO,282.04,280.012901077743,285.23827678836403,277.5990698376077,7037250
2024-06-07,WIPRO,282.85,282.0100336649804,284.2967303320269,279.08673477507995,3279337
2024-06-10,WIPRO,281.82,282.61782731128613,285.1743443303652,280.4043322161472,3201414
2024-06-11,WIPRO,277.63,282.1603779977182,284.0841022872715,275.45233922790527,1408986
2024-06-12,WIPRO,283.33,277.848454387464,284.08045500704424,274.30450498659803,5921835
2024-06-13,WIPRO,291.8,283.82564567368047,293.44108850343275,283.1224719820113,1729525
2024-06-14,WIPRO,299.48,291.40950348223004,302.81865906671743,288.23333789443285,6956062
2024-06-17,WIPRO,302.66,299.6587168278517,305.55586739392874,298.23109341466676,3147086
2024-06-18,WIPRO,295.1,302.3503660696463,303.1597269537863,293.8956440497961,6602228
2024-06-19,WIPRO,287.19,295.5763893558501,296.54780521950545,286.75467963911166,3905071
2024-06-20,WIPRO,284.87,286.7299209471214,289.5886948245422,282.5850875078421,4330119
2024-06-21,WIPRO,284.68,285.0479432552078,288.57906467056245,282.8642247635938,4915995
2024-06-24,WIPRO,284.31,285.0114651328184,286.69093593162546,281.3782715059883,4351555
2024-06-25,WIPRO,285.18,284.1450067647764,287.84197008294996,282.580649302105,1711658
2024-06-26,WIPRO,279.27,285.69804438991474,286.66627798862277,276.8926774853704,6325089
2024-06-27,WIPRO,286.04,279.66179423313736,287.5729652237176,277.1803923576092,6325179
2024-06-28,WIPRO,292.55,285.8050104737675,292.92557068137506,284.9408920023269,2617797
2024-07-01,WIPRO,286.83,291.9737245866963,295.40612777113455,282.72900901133016,5334946
2024-07-02,WIPRO,278.87,286.59670071130375,288.49229069021175,278.13029007149265,4807974
2024-07-03,WIPRO,278.53,278.62605620360074,282.0881961591618,277.6746281670254,4082150
2024-07-04,WIPRO,283.85,278.9644673685089,286.94885344889474,276.75761504903676,6679183
2024-07-05,WIPRO,283.76,284.38036938579046,287.9642501609753,281.45099946673145,3187329
2024-07-08,WIPRO,284.9,283.27243220167566,286.32427816949826,280.4582064624971,4999879
2024-07-09,WIPRO,283.07,284.86728758659655,285.8903947814212,282.7638408529589,2405326
2024-07-10,WIPRO,283.73,283.1247253552953,287.8743531907426,279.31850149021994,5067006
2024-07-11,WIPRO,287.79,283.2679873026763,290.9679466936549,281.3596146393426,4699034
2024-07-12,WIPRO,289.62,287.6489802628508,293.2913945029169,286.0794357585452,5542287
2024-07-15,WIPRO,292.16,289.4080936389014,292.5058786504833,288.85260956542544,7174656
2024-07-16,WIPRO,284.91,292.2021368979208,293.9443812354013,283.7483788960525,3775098
2024-07-17,WIPRO,294.1,285.0936995969705,297.4525734417831,283.3870890373618,2575430
2024-07-18,WIPRO,286.86,294.33937988398816,294.95506712572626,283.02622293681014,2649353
2024-07-19,WIPRO,287.57,286.44319818429494,290.1416692096459,283.6452981451487,2900363
2024-07-22,WIPRO,286.97,287.92997748259285,289.9475082318794,283.223257406268,4046352
2024-07-23,WIPRO,286.55,287.1749448251563,287.5329460425091,285.7869111188319,7888684
2024-07-24,WIPRO,290.33,286.9959576695751,291.5794810502712,285.7029536845565,3223883
2024-07-25,WIPRO,287.29,290.27116295254353,291.7187707416195,286.02750840870567,6341262
2024-07-26,WIPRO,285.47,287.74264235972987,288.4810012735923,283.7947453538034,4606061
2024-07-29,WIPRO,280.6,285.887670154836,288.7012384453944,278.3828698305022,3307826
2024-07-30,WIPRO,285.37,280.53087063464005,286.623793147244,276.9119087414586,5628255
2024-07-31,WIPRO,286.55,285.23432747154067,287.9502761466231,282.27237674938925,4350175
2024-08-01,WIPRO,289.33,287.0460891315589,293.25775323064147,283.2906137933773,4901554
2024-08-02,WIPRO,292.9,289.579014450576,295.1083849538974,288.17420410238964,3483161
2024-08-05,WIPRO,301.69,293.40173224788686,303.6479059692282,289.65886587034,4065293
2024-08-06,WIPRO,309.96,302.0483772841803,313.41115493850435,300.48666324389785,4167857
2024-08-07,WIPRO,311.51,310.09551133713103,315.78846311413787,308.4493927132508,2079421
2024-08-08,WIPRO,312.29,311.0313371942578,312.7117503642102,308.36588034426353,1079449
2024-08-09,WIPRO,309.85,312.0295259969589,314.2996480904933,305.7888583786987,4081156
2024-08-12,WIPRO,313.35,310.4310832793578,316.34278673097833,307.1427524908038,2762108
2024-08-13,WIPRO,316.72,313.1236636585284,318.4492542621385,309.8300108820087,4279473
2024-08-14,WIPRO,313.3,316.20470272943373,319.94025279040176,311.6725292709931,3331821
2024-08-15,WIPRO,316.73,313.5601058656381,321.35447305453386,309.35601810257737,7322627
2024-08-16,WIPRO,321.57,317.0264646701665,326.1388611343114,315.95078152641673,5807771
2024-08-19,WIPRO,316.21,321.29403855645097,322.81175305468776,314.8357836132156,4770038
2024-08-20,WIPRO,317.16,315.95408742635635,318.48215627744923,312.0388781673426,7433152
2024-08-21,WIPRO,316.89,317.1205363971359,321.6886156846298,315.3271940131867,7751436
2024-08-22,WIPRO,316.92,316.28383880116064,319.2717995633149,314.4997400336767,1633194
2024-08-23,WIPRO,312.43,317.2867689937747,318.52931732441664,311.0158453421012,1577218
2024-08-26,WIPRO,303.92,312.2014121992322,315.60376991795516,300.16506833200754,3787120
2024-08-27,WIPRO,300.52,304.35006272784176,305.86629959846624,296.67522661060246,6292529
2024-08-28,WIPRO,296.53,300.88378597719696,302.3104137062787,293.06379434883945,5932120
2024-08-29,WIPRO,298.15,296.7214421795228,302.11822343071094,293.79048825858456,5782095
2024-08-30,WIPRO,299.84,297.9411457665026,300.8218884908794,296.78254493326887,5135892
2024-09-02,WIPRO,301.3,299.85956943139394,301.87292232678385,298.4595056482404,3794636
2024-09-03,WIPRO,295.03,301.23350822125707,302.6699733898174,294.4270537657791,6621683
2024-09-04,WIPRO,290.12,294.83986129159973,297.64002497155036,286.00633450759966,6119395
2024-09-05,WIPRO,287.48,290.5240052010106,291.3151688724839,283.21431079532346,1396743
2024-09-06,WIPRO,287.62,287.4610344551984,289.80658083496354,285.9627713353606,3785579
2024-09-09,WIPRO,286.22,288.00279126955365,290.8202418049957,283.0458273386469,5245842
2024-09-10,WIPRO,287.59,285.7680225266755,291.2948258037981,282.8180691035997,4125550
2024-09-11,WIPRO,291.85,287.1770492758143,293.0810741626933,285.0677994294394,6705595
2024-09-12,WIPRO,287.51,292.40722372418895,296.0456025172946,283.6095771584226,7000715
2024-09-13,WIPRO,283.41,287.61093724273553,288.84441071897226,281.7088943443144,1544531
2024-09-16,WIPRO,284.03,283.4210752926655,287.00513800991604,280.45991010702846,7939537
2024-09-17,WIPRO,283.72,284.0563080664593,286.05306200028514,281.9773950909335,5095925
2024-09-18,WIPRO,286.93,283.39686422627443,287.67760684425997,282.4548804775928,3994955
2024-09-19,WIPRO,287.01,287.1810108969224,290.3399125540181,283.39239929293643,6836399
2024-09-20,WIPRO,294.54,286.5333115472667,295.73249722334396,285.9694779732603,2123224
2024-09-23,WIPRO,287.57,294.6263870658295,295.6495443592267,285.3929898421546,1294203
2024-09-24,WIPRO,291.24,287.65140393133686,292.9922515761132,287.05337341567986,6432819
2024-09-25,WIPRO,292.15,291.72251294657855,295.1141724300907,288.1950688347029,3694218
2024-09-26,WIPRO,286.05,292.1805972318885,293.42994706204524,284.1803421029406,1337621
2024-09-27,WIPRO,277.22,285.63472713673366,286.6548034530871,274.6292182133023,4733869
2024-09-30,WIPRO,272.58,277.3006746341151,277.6166173685044,271.44582478811424,3641441
2024-10-01,WIPRO,277.57,272.13441635720443,279.68036564247535,270.3608415846238,1002700
2024-10-02,WIPRO,282.17,277.2411282194568,284.1454828841113,275.0019116210921,7734829
2024-10-03,WIPRO,281.66,281.64077163680065,282.8638566414207,281.0160348632938,4032741
2024-10-04,WIPRO,280.18,281.6749770817422,282.1682266677733,277.4565492265547,5651403
2024-10-07,WIPRO,276.62,279.7143773926118,281.67505832587017,273.32261293990507,5469787
2024-10-08,WIPRO,275.88,276.58613549195735,279.91481410649766,274.0904813760026,4030490
2024-10-09,WIPRO,273.96,276.3577635053809,279.40155405013144,272.24402362907006,5443430
2024-10-10,WIPRO,281.03,274.2008233468431,284.6977586305636,271.773412491311,4877708
2024-10-11,WIPRO,275.86,280.5549600112301,280.87315355919554,273.60140745313015,2961386
2024-10-14,WIPRO,277.53,275.5556820751837,281.56247494189887,275.1240923819657,2340263
2024-10-15,WIPRO,284.88,277.72278612557204,286.5265413153991,276.4057134956553,1822362
2024-10-16,WIPRO,288.24,285.3297706646743,292.52485165043765,281.49163571810305,6152882
2024-10-17,WIPRO,283.42,287.70147381379536,289.0066811634176,280.01040666560607,3288897
2024-10-18,WIPRO,276.9,283.774219599009,285.93133200417367,276.52842038105285,5223348
2024-10-21,WIPRO,278.08,276.9684650538627,279.7359629162288,275.6308507689365,5535121
2024-10-22,WIPRO,278.75,278.13126830295363,280.41710619026526,277.522336539256,6146713
2024-10-23,WIPRO,283.95,279.26046169877,287.58227402715374,276.2595456714518,3544372
2024-10-24,WIPRO,286.33,284.23127475098744,289.60843989020987,282.91987031645357,2556510
2024-10-25,WIPRO,284.29,286.73099814196206,291.0004571387449,282.8674236200861,1726844
2024-10-28,WIPRO,281.97,284.12396960186345,286.8484927503435,278.9037622927208,2015607
2024-10-29,WIPRO,276.49,282.0313161143696,284.1424876081887,274.4747828815341,5159957
2024-10-30,WIPRO,277.07,276.61763406300804,277.69646471289366,274.8981267232325,4653347
2024-10-31,WIPRO,271.27,276.8722650494249,281.01202035921773,269.02818276852435,3080594
2024-11-01,WIPRO,275.02,271.3462248354179,277.418567442372,270.41835693330916,7375181
2024-11-04,WIPRO,277.49,274.73029984985806,280.4887469029004,273.81274641435374,6200141
2024-11-05,WIPRO,279.85,277.0941612598589,281.7234259987768,276.23749907794416,4083761
2024-11-06,WIPRO,274.34,279.70892230823506,282.1334448170688,273.3106571072494,3385308
2024-11-07,WIPRO,273.77,274.60258686700115,278.5008694228824,271.5341665897316,6175504
2024-11-08,WIPRO,272.21,274.22575822211274,275.13889493203055,269.580488467948,6059249
2024-11-11,WIPRO,272.67,272.1639573678333,274.0587672559706,271.2492872394403,3719025
2024-11-12,WIPRO,274.87,272.8257749403283,275.7300232032409,270.60574261552824,4167422
2024-11-13,WIPRO,272.8,274.4335472647645,277.7517295015591,269.64894164564,1699748
2024-11-14,WIPRO,270.89,273.24135085333234,273.7519388349895,268.7507300525907,2933768
2024-11-15,WIPRO,273.69,270.9643367816558,274.27647472746935,267.4379791307962,7504896
2024-11-18,WIPRO,269.1,273.9969030999701,275.4159104780324,267.6691449428819,1032835
2024-11-19,WIPRO,266.13,269.41693650867177,271.6257875080783,263.38963222949997,5392774
2024-11-20,WIPRO,266.19,265.8707686499294,267.97023804825335,262.85292889156074,4688202
2024-11-21,WIPRO,269.82,266.2210637907699,270.2591127172327,265.7927466971774,6240589
2024-11-22,WIPRO,265.94,270.31698658626476,274.21087082932746,264.8433522481675,6927785
2024-11-25,WIPRO,273.12,265.5034696433986,277.0365881276028,264.44649317227953,4387858
2024-11-26,WIPRO,267.63,273.3199783525994,274.66224963004356,265.95252394893464,1306535
2024-11-27,WIPRO,273.89,268.1248629408182,276.96889571072273,267.25303332393025,4251586
2024-11-28,WIPRO,278.86,273.67152025649966,281.3976415490565,272.47510355743566,6709951
2024-11-29,WIPRO,272.92,279.2631734694513,280.470895579533,271.1140424706501,2414919
2024-12-02,WIPRO,266.28,273.39341526917127,274.67027234727925,265.86879488015103,6157596
2024-12-03,WIPRO,269.19,266.5431764633506,271.3101793218968,263.25998538716544,2601265
2024-12-04,WIPRO,267.71,268.90070507355966,270.7478693068945,267.23008058400916,6864932
2024-12-05,WIPRO,263.71,267.5322413297482,268.8905588599953,261.23643560781005,1582899
2024-12-06,WIPRO,270.91,263.22035307612356,274.2435915317704,261.2192429176458,2322922
2024-12-09,WIPRO,266.1,271.2691759827577,273.3689298438129,262.5657530610304,5913032
2024-12-10,WIPRO,263.24,266.4721261469224,269.18158084990165,261.28189035110483,4138578
2024-12-11,WIPRO,260.88,263.37973864798204,264.3410296567308,259.19912264394674,5429195
2024-12-12,WIPRO,249.96,260.72610986335087,262.9342272572372,249.70199668346643,2527450
2024-12-13,WIPRO,250.34,249.53687873787553,251.70476973905855,249.20067614279452,3620644
2024-12-16,WIPRO,246.96,250.59340176826439,252.69081605315617,246.59686065281784,1819567
2024-12-17,WIPRO,250.0,247.1837716350956,252.98289041693823,244.68163730621043,4233849
2024-12-18,WIPRO,253.56,250.4126025217389,256.54307886971037,250.13157221631982,1113944
2024-12-19,WIPRO,254.48,253.7938147969845,255.99646909404623,251.60527310212976,3353708
2024-12-20,WIPRO,255.45,254.81458515560902,258.18839325381185,254.03121061883178,2686629
2024-12-23,WIPRO,256.11,255.7013164285743,259.7411427687367,252.64018289401685,3160687
2024-12-24,WIPRO,253.46,256.2438811831947,258.74466018849927,251.45301868802068,1408113
2024-12-25,WIPRO,251.16,253.38595560908664,254.1658121377909,250.78933037288772,3476624
2024-12-26,WIPRO,256.18,251.56398313295435,258.87396859308205,251.12586925102835,1491578
2024-12-27,WIPRO,259.05,256.33470051500507,259.68950673797303,254.94338965921224,5640928
2024-12-30,WIPRO,259.89,258.9446757846211,263.32302883797706,257.9527624431094,5661350
2024-12-31,WIPRO,262.27,259.45699134049937,264.4293336752756,256.2059884288883,2758029
